t_DVL,WX,WY,WZ,t_filter,PN,PE
t_DVL,WX,WY,WZ,t_filter,PN,PE
02:57.5,-0.172,0.249,0.053,02:57.5,25.40156146,17.32862367
02:57.7,-0.104,0.177,-0.025,02:57.7,25.3985787,17.2844569
02:57.9,-0.19,0.149,0,02:57.9,25.39039868,17.23512678
02:58.1,-0.242,0.11,0.035,02:58.1,25.38377654,17.19936815
02:58.3,-0.068,0.096,0.055,02:58.3,25.37522911,17.17474562
02:58.5,-0.077,0.133,0.045,02:58.5,25.36709203,17.15270965
02:58.7,0,0.124,0.018,02:58.7,25.35882625,17.13619635
02:58.9,-0.068,-0.033,0.029,02:58.9,25.35026631,17.11567642
02:59.1,-0.14,0.079,0.05,02:59.1,25.34761102,17.08072497
02:59.3,-0.13,-0.023,0.112,02:59.3,25.33034002,17.06895363
02:59.5,-0.338,0.068,0.045,02:59.5,25.32798908,17.04099518
02:59.7,-0.226,0.015,0.091,02:59.7,25.30047625,17.00680202
02:59.9,-0.357,0.184,0.066,02:59.9,25.28731815,16.96576936
03:00.1,-0.315,0.089,0.04,03:00.1,25.27341859,16.91356619
03:00.3,-0.292,0.062,0.027,03:00.3,25.26161001,16.85888656
03:00.5,-0.359,0.109,0.005,03:00.5,25.25437095,16.79950071
03:00.7,-0.41,0.186,0.049,03:00.7,25.25251347,16.73628065
03:00.9,-0.346,0.281,0.04,03:00.9,25.25570256,16.66883951
03:01.1,-0.429,0.078,0.036,03:01.1,25.26458194,16.60483768
03:01.3,-0.324,0.11,-0.006,03:01.3,25.27695086,16.54260087
03:01.5,-0.362,0.165,0.016,03:01.5,25.30009918,16.46000649
03:01.7,-0.32,0.126,0.009,03:01.7,25.31999844,16.39585279
03:01.9,-0.279,0.128,0.011,03:01.9,25.34444609,16.33115304
03:02.1,-0.424,0.171,0.053,03:02.1,25.36881995,16.27192528
03:02.2,-0.227,-0.009,0.021,03:02.2,25.39230173,16.22537931
03:02.5,-0.221,0.141,0.055,03:02.4,25.42194875,16.16711323
03:02.7,-0.287,0.067,0.008,03:02.7,25.46198189,16.10109876
03:02.8,-0.268,0.009,0.055,03:02.8,25.48368207,16.06833996
03:03.0,-0.299,-0.035,0.015,03:03.0,25.51357888,16.0262685
03:03.2,-0.123,-0.076,0.056,03:03.2,25.54302327,15.99113964
03:03.4,-0.303,-0.095,-0.002,03:03.4,25.56956958,15.95898987
03:03.6,-0.283,-0.062,0.041,03:03.7,25.60369862,15.92394558
03:03.9,-0.16,0.075,0.103,03:03.8,25.62776573,15.90027796
03:04.0,-0.213,-0.008,0.086,03:04.0,25.65242128,15.88185919
03:04.2,-0.087,0.004,0.051,03:04.2,25.67230738,15.86525051
03:04.4,-0.295,-0.046,0.086,03:04.4,25.69887931,15.84550439
03:04.6,-0.205,-0.045,0.012,03:04.6,25.72372799,15.8304176
03:04.8,-0.271,0.123,0.031,03:04.8,25.75217223,15.81577298
03:05.0,-0.168,0.005,0.036,03:05.0,25.7817405,15.80077534
03:05.2,-0.167,0.066,-0.009,03:05.2,25.81267497,15.78345704
03:05.4,-0.203,0,-0.009,03:05.4,25.84831774,15.76595641
03:05.6,-0.214,0.156,-0.025,03:05.6,25.88771011,15.74523579
03:05.8,-0.302,0.079,-0.03,03:05.8,25.93202561,15.7226592
03:06.0,-0.334,0.077,0.026,03:06.0,25.9788356,15.69766924
03:06.2,-0.294,0.121,0.016,03:06.2,26.03913214,15.66584493
03:06.4,-0.279,0.08,0.006,03:06.4,26.08244525,15.63852288
03:06.6,-0.304,0.029,0.021,03:06.6,26.13914001,15.60729401
03:06.8,-0.307,0.225,0.003,03:06.8,26.19877418,15.5756977
03:07.0,-0.36,0.069,-0.04,03:07.0,26.25883724,15.54390379
03:07.2,-0.338,0.138,-0.002,03:07.2,26.33229081,15.50945969
03:07.4,-0.251,0.135,-0.048,03:07.4,26.39492539,15.48136104
03:07.6,-0.279,0.169,-0.025,03:07.6,26.45569794,15.45512146
03:07.8,-0.166,0.027,-0.026,03:07.8,26.51429421,15.43004116
03:08.0,-0.3,0.118,0.012,03:08.0,26.57226164,15.40885904
03:08.2,-0.31,0.16,0.01,03:08.2,26.62814017,15.38994956
03:08.4,-0.195,0.003,-0.047,03:08.4,26.68477315,15.37422082
03:08.6,-0.246,0.114,0.027,03:08.6,26.7411932,15.36230254
03:08.8,-0.238,0.172,0.005,03:08.8,26.79742643,15.35475107
03:09.0,-0.224,0.193,0.001,03:09.0,26.86320658,15.35648183
03:09.2,-0.242,0.131,0.032,03:09.1,26.91297023,15.34831692
03:09.3,-0.141,0.208,0.023,03:09.4,26.97224171,15.35036027
03:09.6,-0.116,0.149,0.055,03:09.6,27.03273415,15.35338998
03:09.8,-0.159,0.208,0.036,03:09.8,27.09193789,15.35865925
03:10.0,-0.123,0.19,-0.039,03:10.0,27.15139784,15.36583967
03:10.1,-0.196,0.148,0.084,03:10.1,27.21435355,15.37219849
03:10.3,-0.164,0.147,0.086,03:10.3,27.2748145,15.37883613
03:10.5,-0.181,0.162,0.114,03:10.5,27.3349225,15.38536874
03:10.7,-0.282,0.16,0.052,03:10.7,27.41078007,15.38995673
03:11.0,-0.25,0.184,0.055,03:10.9,27.47426176,15.39295207
03:11.1,-0.306,0.274,-0.005,03:11.1,27.53680816,15.39255703
03:11.3,-0.158,0.269,0.016,03:11.3,27.59952404,15.39231956
03:11.5,-0.288,0.13,0.015,03:11.5,27.64890945,15.38732029
03:11.7,-0.33,0.184,0.074,03:11.7,27.71306152,15.38176145
03:11.9,-0.158,0.062,0.005,03:11.9,27.79325886,15.37599311
03:12.1,-0.285,0.155,-0.008,03:12.1,27.86124172,15.36817231
03:12.3,-0.283,0.046,0.019,03:12.3,27.9295762,15.36186753
03:12.5,-0.28,0.132,0.036,03:12.5,27.99929162,15.35408782
03:12.7,-0.352,0.127,0.002,03:12.7,28.07256537,15.34923939
03:12.9,-0.226,0.156,0.016,03:12.9,28.14607618,15.34622253
03:13.1,-0.355,0.17,-0.015,03:13.1,28.22276741,15.34586831
03:13.3,-0.251,0.192,-0.011,03:13.3,28.30585086,15.34779782
03:13.5,-0.316,0.163,-0.013,03:13.5,28.40710547,15.3586463
03:13.7,-0.216,0.343,-0.005,03:13.7,28.47579897,15.36238337
03:13.9,-0.293,0.172,-0.006,03:13.9,28.56489347,15.37478403
03:14.1,-0.259,0.204,0.005,03:14.1,28.65591371,15.38664297
03:14.3,-0.219,0.434,0.002,03:14.3,28.74871276,15.40088142
03:14.5,-0.213,0.359,0.04,03:14.5,28.83894352,15.41856084
03:14.7,-0.27,0.339,0.052,03:14.7,28.93202316,15.43700516
03:14.9,-0.27,0.291,0.04,03:14.9,29.04238275,15.46579904
03:15.1,-0.271,0.235,0.015,03:15.0,29.11869039,15.47604387
03:15.2,-0.292,0.338,0.048,03:15.3,29.21196096,15.49533708
03:15.5,-0.397,0.259,0.052,03:15.5,29.30602801,15.51436925
03:15.7,-0.233,0.327,0.04,03:15.7,29.39701614,15.53190212
03:15.9,-0.279,0.323,0.109,03:15.9,29.48759207,15.54806744
03:16.1,-0.372,0.35,0.103,03:16.0,29.57686636,15.56300233
03:16.2,-0.283,0.309,0.023,03:16.2,29.66845127,15.57702358
03:16.4,-0.358,0.231,0.1,03:16.4,29.75711884,15.58977189
03:16.7,-0.228,0.326,0.064,03:16.7,29.86889861,15.60423738
03:16.9,-0.247,0.329,0.093,03:16.9,29.95971967,15.61389935
03:17.1,-0.346,0.189,0.126,03:17.1,30.05139623,15.62267191
03:17.2,-0.41,0.203,0.087,03:17.3,30.14491558,15.6325945
03:17.4,-0.289,0.333,-0.007,03:17.4,30.2393054,15.64147125
03:17.6,-0.403,0.319,0.041,03:17.6,30.33726388,15.64931605
03:17.8,-0.316,0.316,0.016,03:17.8,30.43893674,15.6578184
03:18.0,-0.325,0.318,0.033,03:18.0,30.54038015,15.667409
03:18.2,-0.353,0.381,0.04,03:18.2,30.64208801,15.67791037
03:18.4,-0.192,0.296,0.033,03:18.4,30.76931606,15.69012459
03:18.6,-0.275,0.31,0.038,03:18.6,30.85474308,15.69611031
03:18.8,-0.394,0.301,0.04,03:18.8,30.96362466,15.70628868
03:19.0,-0.337,0.327,0.074,03:19.0,31.07043521,15.71504363
03:19.2,-0.355,0.288,0.044,03:19.2,31.17470563,15.72795152
03:19.4,-0.335,0.463,0.08,03:19.4,31.28197468,15.73256453
03:19.6,-0.294,0.353,0.039,03:19.6,31.38751496,15.74005917
03:19.8,-0.195,0.378,0.06,03:19.8,31.49951575,15.75068444
03:20.0,-0.274,0.292,0.079,03:20.0,31.59030191,15.75446948
03:20.2,-0.238,0.428,0.08,03:20.2,31.68954388,15.75932437
03:20.4,-0.159,0.295,0.064,03:20.4,31.78320086,15.76610874
03:20.6,-0.141,0.362,0.044,03:20.6,31.87269319,15.77435808
03:20.8,-0.371,0.324,0.097,03:20.8,31.96554631,15.78084147
03:21.0,-0.271,0.254,0.114,03:21.0,32.05604601,15.78678913
03:21.2,-0.306,0.387,0.104,03:21.2,32.14250402,15.79256809
03:21.4,-0.335,0.302,0.089,03:21.4,32.25325403,15.7989551
03:21.6,-0.297,0.311,0.072,03:21.6,32.34181483,15.80294647
03:21.8,-0.285,0.318,0.076,03:21.8,32.42829865,15.80814762
03:22.0,-0.239,0.383,0.068,03:22.0,32.5231978,15.81320347
03:22.2,-0.199,0.305,0.053,03:22.2,32.60241619,15.81297761
03:22.4,-0.313,0.312,0.046,03:22.4,32.68964892,15.8159709
03:22.6,-0.196,0.329,0.042,03:22.6,32.77818671,15.81523775
03:22.8,-0.306,0.425,0.033,03:22.8,32.86972636,15.8141791
03:23.0,-0.353,0.497,0.075,03:23.0,32.9629032,15.80924454
03:23.2,-0.432,0.431,0.038,03:23.2,33.0602517,15.80311691
03:23.4,-0.38,0.476,0.053,03:23.4,33.16123928,15.79348225
03:23.6,-0.348,0.315,0.017,03:23.6,33.26325477,15.78129664
03:23.8,-0.336,0.386,0.044,03:23.8,33.39393908,15.76469605
03:24.0,-0.261,0.401,0.038,03:24.0,33.5019044,15.74831151
03:24.2,-0.402,0.251,0.009,03:24.2,33.6094602,15.72975769
03:24.4,-0.379,0.355,0.042,03:24.4,33.71809753,15.70973093
03:24.6,-0.37,0.359,0.07,03:24.6,33.82753385,15.69178571
03:24.8,-0.361,0.408,0.06,03:24.8,33.93459243,15.67303675
03:25.0,-0.281,0.243,0.048,03:25.0,34.0675085,15.65316168
03:25.2,-0.344,0.285,0.026,03:25.2,34.17187058,15.63874248
03:25.4,-0.295,0.33,0.099,03:25.4,34.27274645,15.62789607
03:25.6,-0.266,0.32,0.022,03:25.6,34.34558674,15.62142636
03:25.8,-0.279,0.25,0.059,03:25.7,34.43960454,15.61429675
03:25.9,-0.18,0.279,0.123,03:25.9,34.52999742,15.60957208
03:26.2,-0.154,0.351,0.063,03:26.2,34.64271044,15.6081583
03:26.4,-0.275,0.254,0.074,03:26.4,34.7296519,15.61112875
03:26.6,-0.095,0.309,0.08,03:26.6,34.81450081,15.61642563
03:26.7,-0.209,0.306,0.077,03:26.8,34.89909252,15.62409744
03:26.9,-0.347,0.261,0.102,03:26.9,34.96143928,15.63114504
03:27.1,-0.154,0.274,0.035,03:27.1,35.04545179,15.6370154
03:27.3,-0.158,0.293,0.08,03:27.3,35.1488784,15.64036649
03:27.5,-0.327,0.31,0.057,03:27.5,35.23344083,15.64362918
03:27.7,-0.327,0.305,0.043,03:27.7,35.3194148,15.64296054
03:27.9,-0.224,0.343,0.081,03:27.9,35.40705527,15.63793455
03:28.1,-0.328,0.419,0.04,03:28.1,35.47790462,15.63091307
03:28.3,-0.274,0.367,0.04,03:28.3,35.57284577,15.61894888
03:28.5,-0.308,0.35,-0.016,03:28.5,35.69165189,15.60286532
03:28.7,-0.439,0.384,0.02,03:28.7,35.79254956,15.58314655
03:28.9,-0.454,0.381,-0.026,03:28.9,35.89849136,15.5618276
03:29.1,-0.383,0.355,0.034,03:29.1,35.98431694,15.537449
03:29.3,-0.445,0.367,0.005,03:29.3,36.09348188,15.51142783
03:29.5,-0.336,0.275,0.019,03:29.5,36.20617656,15.48527336
03:29.7,-0.469,0.317,0.068,03:29.7,36.34162056,15.45883874
03:29.9,-0.351,0.366,0.048,03:29.9,36.45043492,15.43580674
03:30.1,-0.314,0.461,0.059,03:30.1,36.55844402,15.4172302
03:30.3,-0.293,0.275,0.058,03:30.3,36.66394079,15.40217241
03:30.5,-0.403,0.318,0.055,03:30.5,36.76745717,15.38949928
03:30.6,-0.352,0.443,0.026,03:30.6,36.8418164,15.38525844
03:30.9,-0.277,0.284,0.062,03:30.9,36.96473577,15.37923992
03:31.1,-0.31,0.215,0.034,03:31.1,37.06187347,15.3766443
03:31.2,-0.189,0.261,0.122,03:31.3,37.15596183,15.38018837
03:31.4,-0.234,0.307,0.022,03:31.4,37.24663011,15.38419463
03:31.6,-0.207,0.341,0.085,03:31.6,37.33467088,15.39293604
03:31.8,-0.197,0.311,0.042,03:31.8,37.4242581,15.39667837
03:32.0,-0.228,0.304,0.038,03:32.0,37.51120511,15.40166085
03:32.2,-0.229,0.157,0.075,03:32.2,37.60201569,15.40804103
03:32.4,-0.32,0.26,0.035,03:32.4,37.70393115,15.41595317
03:32.6,-0.215,0.209,0.043,03:32.6,37.78513728,15.41577344
03:32.8,-0.339,0.31,0.057,03:32.8,37.87883339,15.41607311
03:33.0,-0.366,0.276,0.062,03:33.0,37.97686096,15.41430359
03:33.2,-0.385,0.33,0.012,03:33.2,38.07862303,15.41187339
03:33.4,-0.519,0.285,0.047,03:33.4,38.18232644,15.40697304
03:33.6,-0.442,0.405,-0.047,03:33.6,38.31038267,15.39997399
03:33.8,-0.364,0.364,0.031,03:33.8,38.39028522,15.39310432
03:34.0,-0.378,0.384,0.002,03:34.0,38.49518372,15.38633907
03:34.2,-0.338,0.303,0.03,03:34.2,38.59701244,15.37720165
03:34.4,-0.347,0.26,0.046,03:34.4,38.72391778,15.36961347
03:34.6,-0.43,0.323,0.052,03:34.6,38.82850095,15.36211202
03:34.8,-0.28,0.393,0.069,03:34.8,38.93016877,15.35512463
03:35.0,-0.309,0.292,0.038,03:35.0,39.03091853,15.3513006
03:35.2,-0.278,0.184,0.048,03:35.2,39.12775713,15.3478681
03:35.4,-0.356,0.329,0.058,03:35.4,39.22465739,15.34644822
03:35.6,-0.24,0.282,0.028,03:35.6,39.32185739,15.34754528
03:35.8,-0.271,0.31,0.064,03:35.8,39.41486718,15.34899623
03:36.0,-0.212,0.288,0.014,03:36.0,39.50798094,15.35243124
03:36.2,-0.217,0.283,0.02,03:36.2,39.61141873,15.35708645
03:36.4,-0.335,0.313,0.07,03:36.4,39.69038326,15.35672066
03:36.6,-0.287,0.302,0.053,03:36.6,39.78333976,15.35866116
03:36.8,-0.203,0.351,0.074,03:36.8,39.87966558,15.36054696
03:37.0,-0.386,0.215,0.022,03:37.0,39.99693185,15.3606008
03:37.2,-0.352,0.34,-0.002,03:37.2,40.07069255,15.35933067
03:37.4,-0.299,0.314,0.007,03:37.4,40.16809357,15.35736399
03:37.6,-0.345,0.331,0.083,03:37.6,40.26462224,15.35195505
03:37.7,-0.265,0.283,-0.006,03:37.7,40.36408081,15.34678562
03:38.0,-0.362,0.343,0.045,03:38.0,40.48766302,15.33976125
03:38.2,-0.38,0.412,0.024,03:38.2,40.58570025,15.33512876
03:38.3,-0.297,0.242,0.051,03:38.3,40.6623979,15.33002864
03:38.5,-0.36,0.298,0.084,03:38.5,40.75908573,15.32576307
03:38.7,-0.276,0.26,0.063,03:38.7,40.85751646,15.32192147
03:38.9,-0.223,0.305,0.011,03:38.9,40.95669637,15.31831488
03:39.1,-0.183,0.235,0.034,03:39.2,41.07703575,15.31524155
03:39.3,-0.237,0.282,0.036,03:39.3,41.17060956,15.31507185
03:39.5,-0.289,0.411,0.104,03:39.5,41.26385518,15.31713568
03:39.7,-0.197,0.31,0.097,03:39.7,41.35641932,15.32091407
03:39.9,-0.266,0.315,0.047,03:39.9,41.45124707,15.32448606
03:40.1,-0.283,0.328,0.06,03:40.1,41.54453134,15.32881008
03:40.3,-0.26,0.393,0.05,03:40.3,41.63734979,15.33477355
03:40.5,-0.152,0.447,0.07,03:40.5,41.73009769,15.33996197
03:40.7,-0.249,0.271,0.06,03:40.7,41.82691362,15.34529413
03:40.9,-0.296,0.478,0.085,03:40.9,41.93677882,15.35475225
03:41.1,-0.294,0.217,0.094,03:41.1,42.02041329,15.35609501
03:41.3,-0.235,0.42,0.009,03:41.3,42.11927776,15.35972424
03:41.5,-0.269,0.431,0.062,03:41.5,42.22027839,15.36317964
03:41.7,-0.298,0.336,0.057,03:41.7,42.34727905,15.3640673
03:41.9,-0.264,0.238,0.099,03:41.9,42.44742908,15.3648087
03:42.1,-0.247,0.296,0.07,03:42.1,42.53580867,15.36567117
03:42.3,-0.34,0.372,0.08,03:42.3,42.64206081,15.36108499
03:42.4,-0.355,0.419,0.046,03:42.5,42.750941,15.35583132
03:42.7,-0.383,0.262,0.056,03:42.7,42.86107564,15.34944739
03:42.9,-0.434,0.336,0.056,03:42.9,42.97174346,15.34333763
03:43.1,-0.37,0.235,0.023,03:43.1,43.07952812,15.33199399
03:43.2,-0.421,0.32,0.03,03:43.3,43.19002014,15.32132538
03:43.4,-0.413,0.316,0.04,03:43.4,43.29962776,15.31171767
03:43.6,-0.354,0.298,0.067,03:43.6,43.42491432,15.29572299
03:43.8,-0.527,0.335,0.058,03:43.9,43.54656344,15.28545626
03:44.1,-0.326,0.361,0.078,03:44.1,43.65998145,15.27972769
03:44.2,-0.299,0.316,0.089,03:44.2,43.74457487,15.27323124
03:44.4,-0.287,0.291,0.05,03:44.4,43.85312024,15.26631644
03:44.6,-0.236,0.221,0.093,03:44.6,43.96008956,15.25961026
03:44.8,-0.299,0.203,0.063,03:44.8,44.06231081,15.25870446
03:45.0,-0.335,0.286,0.14,03:45.0,44.19235953,15.25849034
03:45.2,-0.156,0.432,0.074,03:45.2,44.29252468,15.26012223
03:45.4,-0.307,0.307,0.081,03:45.4,44.38749936,15.2656322
03:45.6,-0.342,0.389,0.07,03:45.6,44.45750204,15.27398303
03:45.8,-0.181,0.352,0.088,03:45.8,44.55011681,15.28353704
03:46.0,-0.208,0.273,0.087,03:46.0,44.64239919,15.29309634
03:46.2,-0.207,0.196,0.12,03:46.2,44.75728112,15.30223406
03:46.4,-0.233,0.286,0.106,03:46.4,44.84549126,15.3114145
03:46.6,-0.265,0.327,0.074,03:46.6,44.93360237,15.31902741
03:46.8,-0.234,0.27,0.074,03:46.8,44.99948237,15.3255173
03:47.0,-0.256,0.302,0.106,03:47.0,45.09102162,15.32953081
03:47.2,-0.289,0.321,0.032,03:47.2,45.18050679,15.33072023
03:47.4,-0.238,0.286,0.026,03:47.4,45.29631191,15.33025227
03:47.6,-0.375,0.226,0.034,03:47.6,45.3954072,15.32700212
03:47.8,-0.346,0.302,0.071,03:47.8,45.4958693,15.319052
03:48.0,-0.398,0.295,0.031,03:48.0,45.60076429,15.3071968
03:48.1,-0.32,0.258,0.019,03:48.1,45.6812766,15.2942737
03:48.3,-0.47,0.262,0.038,03:48.3,45.78854462,15.28050222
03:48.5,-0.259,0.306,0.043,03:48.6,45.92034869,15.2633516
03:48.8,-0.422,0.316,0.024,03:48.8,46.02982963,15.24459061
03:48.9,-0.478,0.369,0.037,03:49.0,46.13791026,15.22720585
03:49.1,-0.291,0.292,0.05,03:49.1,46.24554521,15.21252527
03:49.3,-0.449,0.355,0.033,03:49.3,46.35248526,15.19989219
03:49.5,-0.441,0.272,0.054,03:49.5,46.43316852,15.19075634
03:49.7,-0.343,0.225,0.028,03:49.7,46.56333352,15.17858909
03:49.9,-0.405,0.408,0.125,03:49.9,46.68686298,15.17659891
03:50.1,-0.274,0.342,0.094,03:50.1,46.78389817,15.17760584
03:50.3,-0.188,0.336,0.053,03:50.3,46.86503397,15.17266855
03:50.5,-0.246,0.353,0.075,03:50.5,46.96182141,15.17610616
03:50.7,-0.281,0.3,0.074,03:50.7,47.06117901,15.19471735
03:50.9,-0.134,0.253,0.102,03:50.9,47.16728788,15.19145003
03:51.1,-0.083,0.249,0.07,03:51.1,47.2545256,15.2015779
03:51.3,-0.166,0.369,0.099,03:51.3,47.31826177,15.21418704
03:51.5,-0.319,0.242,0.099,03:51.5,47.40597655,15.22522363
03:51.7,-0.317,0.292,0.073,03:51.7,47.50882348,15.24256259
03:51.9,-0.199,0.309,0.053,03:51.9,47.5948207,15.24967276
03:52.1,-0.181,0.181,-0.009,03:52.1,47.68596573,15.25208654
03:52.3,-0.367,0.167,0.04,03:52.3,47.7737202,15.25541257
03:52.5,-0.289,0.257,0.031,03:52.5,47.8395909,15.25481354
03:52.7,-0.189,0.291,0.055,03:52.7,47.93044836,15.25090086
03:52.9,-0.323,0.326,0.064,03:52.9,48.02054514,15.24523623
03:53.1,-0.219,0.302,0.046,03:53.1,48.11511592,15.23499779
03:53.3,-0.372,0.321,0.007,03:53.3,48.23361517,15.22212346
03:53.5,-0.413,0.311,0.024,03:53.5,48.33285013,15.20748022
03:53.7,-0.458,0.291,-0.012,03:53.7,48.43530513,15.18984582
03:53.9,-0.509,0.244,-0.01,03:53.8,48.53965668,15.17289522
03:54.1,-0.311,0.345,0.009,03:54.0,48.64591606,15.1540611
03:54.2,-0.299,0.321,0.006,03:54.2,48.7548252,15.13496939
03:54.5,-0.286,0.293,0.028,03:54.4,48.86226732,15.11800003
03:54.7,-0.386,0.322,0.009,03:54.7,48.9727197,15.1028424
03:54.8,-0.319,0.372,0.037,03:54.9,49.08280799,15.0907934
03:55.0,-0.405,0.287,0.07,03:55.0,49.19212573,15.0820435
03:55.2,-0.388,0.287,0.072,03:55.2,49.30064875,15.07672203
03:55.4,-0.32,0.366,0.077,03:55.4,49.3829364,15.07210069
03:55.6,-0.291,0.309,0.06,03:55.6,49.51547792,15.06969322
03:55.8,-0.294,0.171,0.045,03:55.8,49.62426155,15.06804502
03:56.0,-0.207,0.298,0.069,03:56.0,49.72464862,15.07089756
03:56.2,-0.319,0.275,0.124,03:56.2,49.82962088,15.08973396
03:56.4,-0.249,0.294,0.1,03:56.4,49.91669685,15.08719435
03:56.6,-0.252,0.283,0.078,03:56.6,50.00968201,15.0966044
03:56.8,-0.157,0.38,0.063,03:56.8,50.10100906,15.10795948
03:57.0,-0.202,0.305,0.097,03:57.0,50.18874927,15.11953112
03:57.2,-0.249,0.355,0.041,03:57.2,50.2743961,15.12884017
03:57.4,-0.165,0.349,0.043,03:57.4,50.35944597,15.13797349
03:57.6,-0.22,0.34,0.065,03:57.6,50.44492362,15.14480489
03:57.8,-0.23,0.33,0.054,03:57.8,50.54009784,15.14612657
03:58.0,-0.21,0.379,0.028,03:58.0,50.63676534,15.14839027
03:58.2,-0.391,0.22,0.031,03:58.2,50.72389256,15.14712402
03:58.4,-0.333,0.337,0.032,03:58.4,50.81624975,15.14001639
03:58.6,-0.341,0.329,-0.005,03:58.6,50.89119992,15.13207689
03:58.8,-0.336,0.386,0.058,03:58.8,50.98712243,15.12017971
03:59.0,-0.4,0.344,0.042,03:59.0,51.08668355,15.10437675
03:59.2,-0.342,0.291,0.038,03:59.2,51.21113526,15.0857962
03:59.4,-0.463,0.258,0.006,03:59.4,51.31568782,15.06833106
03:59.6,-0.363,0.415,-0.023,03:59.6,51.42246162,15.05056343
03:59.8,-0.366,0.262,0.023,03:59.8,51.52884465,15.03555258
04:00.0,-0.359,0.304,-0.011,04:00.0,51.63464874,15.01824685
04:00.1,-0.321,0.265,0.037,04:00.1,51.71427699,15.00615633
04:00.4,-0.33,0.415,0.063,04:00.4,51.84481606,14.99296874
04:00.6,-0.341,0.293,0.134,04:00.6,51.94992889,14.9845449
04:00.7,-0.265,0.373,0.053,04:00.8,52.05293532,14.97915333
04:00.9,-0.217,0.306,0.081,04:00.9,52.15229885,14.97775902
04:01.1,-0.263,0.275,0.072,04:01.1,52.2500597,14.98068207
04:01.3,-0.204,0.398,0.108,04:01.3,52.34569648,14.98549162
04:01.5,-0.215,0.3,0.1,04:01.5,52.43980405,14.99329071
04:01.7,-0.313,0.269,0.043,04:01.7,52.53554765,15.00072119
04:01.9,-0.263,0.202,0.098,04:01.9,52.62640538,15.00886727
04:02.1,-0.225,0.374,0.106,04:02.1,52.71772633,15.01674046
04:02.3,-0.266,0.397,0.098,04:02.3,52.80968061,15.02350695
04:02.5,-0.2,0.286,0.061,04:02.5,52.91360182,15.03383376
04:02.7,-0.252,0.267,-0.011,04:02.7,53.01675668,15.03528777
04:02.9,-0.452,0.342,0.075,04:02.9,53.11036741,15.03920996
04:03.1,-0.225,0.339,0.011,04:03.1,53.18123095,15.04151175
04:03.3,-0.224,0.318,0.032,04:03.3,53.27615607,15.04073804
04:03.5,-0.247,0.275,0.043,04:03.5,53.37397519,15.03708575
04:03.7,-0.414,0.349,0.034,04:03.7,53.48869465,15.0290319
04:03.9,-0.343,0.241,0.039,04:03.9,53.59929683,15.02281217
04:04.1,-0.303,0.268,0.029,04:04.1,53.67429968,15.02219762
04:04.3,-0.332,0.286,0.058,04:04.3,53.78099687,15.01477395
04:04.5,-0.426,0.311,0.084,04:04.5,53.88918721,15.00624302
04:04.7,-0.305,0.265,0.061,04:04.7,53.99347889,14.99818748
04:04.9,-0.265,0.325,0.08,04:04.9,54.09655338,14.98963319
04:05.1,-0.295,0.306,0.112,04:05.1,54.19820001,14.98265861
04:05.3,-0.254,0.274,0.061,04:05.2,54.29787686,14.97831825
04:05.5,-0.511,0.254,0.09,04:05.4,54.39761078,14.97108719
04:05.6,-0.262,0.362,0.074,04:05.6,54.49578301,14.96368055
04:05.8,-0.271,0.355,0.105,04:05.8,54.59158626,14.96509429
04:06.0,-0.305,0.226,0.048,04:06.0,54.68683535,14.96685269
04:06.2,-0.379,0.264,0.081,04:06.2,54.80912356,14.96339379
04:06.4,-0.287,0.307,0.039,04:06.4,54.90515746,14.96359527
04:06.6,-0.261,0.313,0.066,04:06.6,55.00043351,14.96509763
04:06.8,-0.316,0.399,0.107,04:06.8,55.07488868,14.96528692
04:07.0,-0.26,0.327,0.066,04:07.0,55.17264009,14.96733711
04:07.2,-0.322,0.477,0.078,04:07.2,55.272948,14.96965043
04:07.4,-0.289,0.238,0.064,04:07.4,55.39934815,14.96994916
04:07.6,-0.38,0.215,0.081,04:07.6,55.50125621,14.97077699
04:07.8,-0.341,0.336,0.072,04:07.8,55.60341003,14.97258501
04:08.0,-0.288,0.469,0.086,04:08.0,55.7043264,14.97337479
04:08.2,-0.302,0.304,0.026,04:08.2,55.80788936,14.97396915
04:08.4,-0.375,0.405,0.078,04:08.4,55.91089562,14.97451668
04:08.6,-0.412,0.387,0.062,04:08.6,56.01124636,14.97488725
04:08.8,-0.272,0.352,0.111,04:08.8,56.11037942,14.9749023
04:09.0,-0.375,0.304,0.07,04:09.0,56.2085823,14.97385132
04:09.2,-0.23,0.381,0.089,04:09.2,56.30674066,14.97225472
04:09.4,-0.296,0.288,0.072,04:09.4,56.40219695,14.9694424
04:09.6,-0.397,0.341,0.073,04:09.6,56.50637833,14.96430611
04:09.8,-0.246,0.362,0.038,04:09.8,56.61134759,14.96221663
04:10.0,-0.19,0.289,0.114,04:10.0,56.70482016,14.95755523
04:10.2,-0.268,0.294,0.069,04:10.2,56.79720982,14.95213127
04:10.4,-0.319,0.393,0,04:10.4,56.8673722,14.94686936
04:10.6,-0.32,0.268,0.013,04:10.6,56.95926591,14.93990012
04:10.8,-0.251,0.29,0.02,04:10.8,57.05119862,14.93202652
04:11.0,-0.306,0.271,0.026,04:11.0,57.16589117,14.92193507
04:11.2,-0.383,0.257,0.02,04:11.2,57.26098913,14.91315718
04:11.4,-0.368,0.214,0.045,04:11.4,57.35605118,14.90279346
04:11.6,-0.308,0.224,0.047,04:11.6,57.45221972,14.89220607
04:11.7,-0.259,0.294,0.114,04:11.7,57.52512364,14.88306064
04:11.9,-0.272,0.347,0.056,04:11.9,57.62164067,14.8744287
04:12.2,-0.353,0.243,0.067,04:12.2,57.73982772,14.86534981
04:12.4,-0.362,0.235,0.087,04:12.4,57.83821652,14.85820624
04:12.6,-0.255,0.211,0.054,04:12.6,57.9343117,14.85449346
04:12.7,-0.306,0.364,0.074,04:12.8,58.04366587,14.85591697
04:12.9,-0.252,0.244,0.039,04:12.9,58.12562036,14.85172546
04:13.1,-0.316,0.278,0.07,04:13.1,58.22303938,14.85375427
04:13.3,-0.272,0.278,0.06,04:13.3,58.32089324,14.85594454
04:13.5,-0.311,0.306,0.112,04:13.5,58.41780994,14.86032743
04:13.7,-0.268,0.334,0.064,04:13.7,58.5185102,14.86923591
04:13.9,-0.261,0.232,0.042,04:13.9,58.61543866,14.87720951
04:14.1,-0.266,0.435,0.1,04:14.1,58.71650909,14.88446724
04:14.3,-0.301,0.317,0.05,04:14.3,58.8350059,14.89816135
04:14.5,-0.314,0.271,0.024,04:14.5,58.94479348,14.89887002
04:14.7,-0.335,0.305,0.068,04:14.7,59.04717277,14.90395251
04:14.9,-0.397,0.383,0.072,04:14.9,59.12709018,14.90718156
04:15.1,-0.335,0.346,0.069,04:15.1,59.23304182,14.90729028
04:15.3,-0.366,0.424,0.027,04:15.3,59.34028518,14.90627567
04:15.5,-0.377,0.338,0.066,04:15.5,59.46494624,14.89431187
04:15.7,-0.405,0.374,0.065,04:15.7,59.57996459,14.88306277
04:15.9,-0.387,0.396,0.06,04:15.9,59.66011005,14.88166045
04:16.1,-0.321,0.288,0.064,04:16.1,59.76861168,14.8691245
04:16.3,-0.381,0.224,0.024,04:16.3,59.87577904,14.8564698
04:16.5,-0.335,0.304,0.04,04:16.5,59.98490091,14.83807769
04:16.6,-0.467,0.247,0.108,04:16.7,60.10561213,14.80943209
04:16.9,-0.44,0.302,0.127,04:16.9,60.22377322,14.80143054
04:17.1,-0.269,0.317,0.128,04:17.1,60.32861743,14.78469848
04:17.2,-0.391,0.312,0.052,04:17.3,60.42809238,14.77142193
04:17.4,-0.306,0.269,0.081,04:17.4,60.49761244,14.76249489
04:17.6,-0.389,0.219,0.106,04:17.6,60.59537004,14.74908476
04:17.8,-0.368,0.279,0.075,04:17.8,60.69112517,14.74234656
04:18.0,-0.181,0.316,0.035,04:18.0,60.80958132,14.73518934
04:18.2,-0.261,0.19,0.092,04:18.2,60.90254494,14.72893446
04:18.4,-0.282,0.257,0.053,04:18.4,60.99235678,14.72830129
04:18.6,-0.223,0.357,0.126,04:18.6,61.05798187,14.73176513
04:18.8,-0.21,0.246,0.068,04:18.8,61.14986172,14.73581829
04:19.0,-0.255,0.386,0.068,04:19.0,61.24305123,14.74353137
04:19.2,-0.238,0.276,0.035,04:19.2,61.33457108,14.75309119
04:19.4,-0.324,0.395,0.053,04:19.4,61.4504408,14.76348396
04:19.6,-0.278,0.294,0.124,04:19.6,61.52380062,14.77581964
04:19.8,-0.367,0.414,0.102,04:19.8,61.62255027,14.78828047
04:20.0,-0.236,0.465,0.074,04:20.0,61.72271244,14.80080641
04:20.2,-0.209,0.395,0.056,04:20.2,61.82373297,14.81188643
04:20.4,-0.285,0.308,0.055,04:20.4,61.95411425,14.81846656
04:20.6,-0.353,0.315,0.039,04:20.6,62.0584779,14.8264085
04:20.8,-0.395,0.32,0.043,04:20.8,62.16472809,14.82951429
04:21.0,-0.314,0.404,0.077,04:20.9,62.24735625,14.83075799
04:21.2,-0.394,0.297,0.006,04:21.1,62.35410556,14.82766674
04:21.3,-0.401,0.336,0.053,04:21.3,62.46257124,14.82207895
04:21.6,-0.41,0.389,0.062,04:21.6,62.59474047,14.81357623
04:21.8,-0.307,0.31,0.032,04:21.8,62.70187844,14.8016979
04:21.9,-0.354,0.234,0.039,04:21.9,62.7823326,14.78628567
04:22.1,-0.335,0.158,0.029,04:22.2,62.9131334,14.76898792
04:22.3,-0.38,0.28,0.03,04:22.3,62.98804484,14.75434771
04:22.5,-0.164,0.255,0.016,04:22.5,63.08432747,14.7382316
04:22.7,-0.276,0.273,0.08,04:22.7,63.20390573,14.72112758
04:22.9,-0.309,0.366,0.036,04:22.9,63.29327997,14.70763609
04:23.1,-0.267,0.305,0.034,04:23.1,63.38152432,14.69664817
04:23.3,-0.277,0.182,0.063,04:23.3,63.44506765,14.68982677
04:23.5,-0.307,0.316,0.04,04:23.5,63.53139184,14.68239505
04:23.7,-0.246,0.322,0.087,04:23.7,63.617385,14.68005593
04:23.9,-0.275,0.351,0.078,04:23.9,63.72564383,14.67596508
04:24.1,-0.279,0.246,0.05,04:24.1,63.81090688,14.67687946
04:24.3,-0.279,0.304,0.048,04:24.3,63.89728705,14.68170849
04:24.5,-0.31,0.275,0.1,04:24.5,63.96339075,14.68772465
04:24.7,-0.338,0.416,0.109,04:24.6,64.05157492,14.69526855
04:24.9,-0.359,0.345,0.063,04:24.8,64.14461303,14.70242414
04:25.1,-0.365,0.386,0.072,04:25.1,64.26097203,14.70909956
04:25.3,-0.365,0.365,0.06,04:25.3,64.35852111,14.71722002
04:25.5,-0.295,0.395,0.039,04:25.5,64.45798757,14.7217009
04:25.6,-0.355,0.369,0.083,04:25.6,64.53858694,14.72490324
04:25.8,-0.374,0.354,0.102,04:25.8,64.64216366,14.7291677
04:26.0,-0.285,0.379,0.082,04:26.0,64.74995399,14.73358771
04:26.2,-0.384,0.349,0.085,04:26.2,64.88292011,14.73464584
04:26.4,-0.289,0.382,0.03,04:26.4,64.99434511,14.73227881
04:26.6,-0.28,0.322,0.042,04:26.6,65.10406874,14.73043593
04:26.8,-0.408,0.345,0.044,04:26.8,65.21368376,14.72809577
04:27.0,-0.356,0.247,0.056,04:27.0,65.31926233,14.72654891
04:27.2,-0.329,0.277,0.031,04:27.2,65.42497886,14.72806886
04:27.4,-0.375,0.238,0.056,04:27.4,65.54283134,14.72660211
04:27.6,-0.255,0.324,0.048,04:27.6,65.6486209,14.72518984
04:27.8,-0.334,0.397,0.042,04:27.8,65.73631716,14.72473239
04:28.0,-0.358,0.358,0.033,04:28.0,65.83566392,14.72318681
04:28.2,-0.212,0.292,0.041,04:28.2,65.93580986,14.71904674
04:28.4,-0.315,0.299,0.063,04:28.4,66.03201234,14.71622221
04:28.6,-0.388,0.269,0.056,04:28.6,66.13017499,14.71131792
04:28.8,-0.268,0.24,0.08,04:28.8,66.22591482,14.70709523
04:29.0,-0.229,0.478,0.071,04:29.0,66.31950068,14.70379544
04:29.2,-0.318,0.368,0.064,04:29.2,66.4226013,14.69208641
04:29.4,-0.324,0.287,0.085,04:29.4,66.50643194,14.68926396
04:29.6,-0.309,0.259,0.042,04:29.6,66.6007162,14.68085484
04:29.8,-0.321,0.225,0.073,04:29.8,66.69669151,14.66907397
04:30.0,-0.379,0.21,0.062,04:30.0,66.78983138,14.6575715
04:30.2,-0.409,0.332,0.068,04:30.2,66.89912319,14.63839423
04:30.3,-0.453,0.303,0.082,04:30.3,66.98004395,14.63298903
04:30.5,-0.388,0.203,0.062,04:30.5,67.07655554,14.62187034
04:30.7,-0.392,0.183,0.061,04:30.7,67.17235159,14.61391653
04:30.9,-0.453,0.32,0.084,04:30.9,67.2703562,14.60708782
04:31.1,-0.268,0.221,0.063,04:31.1,67.37027496,14.60190288
04:31.3,-0.381,0.354,0.09,04:31.3,67.47251632,14.60052855
04:31.5,-0.26,0.293,0.089,04:31.5,67.57386679,14.60199086
04:31.7,-0.366,0.322,0.085,04:31.7,67.67234382,14.60690556
04:31.9,-0.309,0.213,0.042,04:31.9,67.773027,14.61414688
04:32.1,-0.306,0.256,0.062,04:32.1,67.87626172,14.62462067
04:32.3,-0.269,0.226,0.056,04:32.3,67.97960561,14.63732374
04:32.5,-0.296,0.453,0.093,04:32.5,68.0834312,14.65024742
04:32.7,-0.262,0.46,0.027,04:32.7,68.18683102,14.66185702
04:32.9,-0.242,0.341,0.044,04:32.9,68.29155826,14.67256297
04:33.1,-0.28,0.341,0.05,04:33.1,68.39574948,14.68323367
04:33.3,-0.323,0.405,0.042,04:33.3,68.49972392,14.68875088
04:33.5,-0.342,0.249,0.05,04:33.5,68.62585621,14.69157996
04:33.7,-0.371,0.391,0.051,04:33.7,68.72506064,14.68967124
04:33.9,-0.382,0.322,0.069,04:33.9,68.82163363,14.68544414
04:34.1,-0.603,0.235,0.109,04:34.1,68.91756466,14.67648254
04:34.3,-0.419,0.207,0.071,04:34.3,68.98968994,14.66279056
04:34.5,-0.346,0.242,0.085,04:34.5,69.10753077,14.64671232
04:34.7,-0.342,0.302,0.031,04:34.7,69.2010324,14.62898725
04:34.9,-0.358,0.353,0.036,04:34.9,69.29494445,14.60601673
04:35.1,-0.25,0.273,0.006,04:35.1,69.3873467,14.58237964
04:35.3,-0.391,0.237,0.06,04:35.3,69.4850319,14.55726103
04:35.5,-0.273,0.276,0.009,04:35.5,69.56264418,14.55027873
04:35.7,-0.361,0.33,0.011,04:35.7,69.65064248,14.53746679
04:35.9,-0.329,0.343,0.052,04:35.9,69.76075954,14.52393645
04:36.1,-0.425,0.31,0.061,04:36.1,69.82958465,14.51883708
04:36.3,-0.319,0.294,0.036,04:36.3,69.92409598,14.51787236
04:36.5,-0.276,0.233,0.038,04:36.5,70.0174462,14.51868507
04:36.6,-0.167,0.34,0.011,04:36.6,70.11001953,14.52336294
04:36.9,-0.367,0.39,0.073,04:36.9,70.2288501,14.52868219
04:37.1,-0.296,0.386,0.037,04:37.1,70.32764931,14.53729885
04:37.3,-0.291,0.438,0.031,04:37.3,70.43331335,14.54547959
04:37.5,-0.355,0.285,0.035,04:37.5,70.53798152,14.55758222
04:37.6,-0.401,0.299,0.051,04:37.6,70.620482,14.56754803
04:37.8,-0.285,0.387,0.064,04:37.8,70.72760099,14.5780959
04:38.0,-0.267,0.203,0.068,04:38.1,70.85985035,14.58797417
04:38.2,-0.342,0.397,0.064,04:38.2,70.9709685,14.59168277
04:38.4,-0.309,0.392,0.078,04:38.4,71.08048187,14.59199978
04:38.6,-0.342,0.354,0.092,04:38.6,71.19118046,14.59407765
04:38.8,-0.367,0.348,0.057,04:38.8,71.3012211,14.59483498
04:39.0,-0.312,0.237,0.066,04:39.0,71.37825973,14.59190443
04:39.2,-0.343,0.211,0.069,04:39.2,71.50035661,14.58675322
04:39.4,-0.277,0.213,0.076,04:39.4,71.59893431,14.58115862
04:39.6,-0.321,0.259,0.057,04:39.6,71.6881243,14.57565881
04:39.8,-0.336,0.208,0.018,04:39.8,71.77497331,14.56765273
04:40.0,-0.312,0.358,0.083,04:40.0,71.85804954,14.55812019
04:40.2,-0.392,0.229,0.056,04:40.2,71.94232506,14.5412021
04:40.4,-0.384,0.207,0.072,04:40.4,72.03322914,14.53097364
04:40.6,-0.208,0.263,0.064,04:40.6,72.12051807,14.52687324
04:40.8,-0.207,0.343,0.058,04:40.8,72.20210686,14.51670543
04:41.0,-0.26,0.159,0.029,04:41.0,72.26488321,14.50930506
04:41.2,-0.286,0.183,0.056,04:41.2,72.35041474,14.50009944
04:41.4,-0.274,0.232,-0.008,04:41.4,72.437532,14.49194277
04:41.6,-0.329,0.352,0.007,04:41.6,72.55002,14.48295655
04:41.8,-0.372,0.475,-0.023,04:41.8,72.64527481,14.47603231
04:42.0,-0.401,0.204,0.005,04:42.0,72.71890448,14.47383714
04:42.2,-0.343,0.317,0.049,04:42.2,72.81635244,14.47099451
04:42.4,-0.36,0.362,0.016,04:42.3,72.91662085,14.46850736
04:42.6,-0.296,0.446,0.04,04:42.5,73.01812763,14.46738699
04:42.8,-0.23,0.34,0.011,04:42.8,73.14322502,14.46711671
04:43.0,-0.294,0.399,0.052,04:43.0,73.2457841,14.4681878
04:43.2,-0.322,0.357,0.045,04:43.2,73.34760504,14.47374009
04:43.4,-0.215,0.346,0.031,04:43.4,73.4629075,14.48361558
04:43.6,-0.281,0.391,0.072,04:43.5,73.54973314,14.48225096
04:43.7,-0.34,0.273,0.013,04:43.8,73.6454553,14.48657345
04:44.0,-0.304,0.244,0.094,04:44.0,73.74360978,14.49252886
04:44.2,-0.214,0.321,0.119,04:44.2,73.83867107,14.4931068
04:44.3,-0.291,0.367,0.069,04:44.4,73.93424711,14.49582084
04:44.5,-0.224,0.374,0.089,04:44.5,74.02899665,14.49567467
04:44.7,-0.249,0.249,0.062,04:44.7,74.1215934,14.49463327
04:44.9,-0.207,0.316,0.049,04:44.9,74.21411718,14.49094849
04:45.1,-0.349,0.273,0.026,04:45.1,74.30974414,14.48281339
04:45.3,-0.372,0.219,-0.003,04:45.3,74.40742198,14.47567941
04:45.5,-0.368,0.246,0.033,04:45.5,74.50114077,14.46516016
04:45.7,-0.36,0.151,-0.08,04:45.7,74.599698,14.45319405
04:45.9,-0.46,0.297,0.018,04:45.9,74.70101631,14.43972897
04:46.1,-0.25,0.233,0.026,04:46.1,74.80081861,14.42517474
04:46.3,-0.451,0.278,0.052,04:46.3,74.90677652,14.41032358
04:46.5,-0.405,0.267,0.044,04:46.5,75.00858197,14.39678579
04:46.7,-0.362,0.248,0.1,04:46.7,75.11046655,14.38474133
04:46.9,-0.361,0.248,0.046,04:46.9,75.22801311,14.37396094
04:47.1,-0.337,0.43,0.086,04:47.1,75.31606909,14.36821723
04:47.3,-0.295,0.331,0.033,04:47.3,75.4185237,14.36097386
04:47.5,-0.341,0.264,0.117,04:47.5,75.52076351,14.35785589
04:47.7,-0.379,0.377,0.032,04:47.7,75.62292103,14.35742884
04:47.9,-0.276,0.291,0.096,04:47.9,75.72170238,14.36067179
04:48.1,-0.388,0.335,0.098,04:48.1,75.81912984,14.36595219
04:48.3,-0.31,0.335,0.083,04:48.2,75.91609492,14.37247317
04:48.5,-0.372,0.294,0.014,04:48.4,76.01266601,14.37755942
04:48.7,-0.357,0.383,0.053,04:48.7,76.13250646,14.38662751
04:48.9,-0.272,0.322,0.044,04:48.9,76.22957534,14.39650368
04:49.1,-0.346,0.413,0.061,04:49.1,76.3290501,14.40433056
04:49.3,-0.3,0.296,0.072,04:49.3,76.44345085,14.41352221
04:49.5,-0.253,0.314,0.089,04:49.4,76.5264288,14.41479786
04:49.7,-0.279,0.446,0.041,04:49.6,76.62691343,14.41562016
04:49.9,-0.253,0.31,0.1,04:49.9,76.7275321,14.41399152
04:50.1,-0.369,0.367,0.021,04:50.1,76.85262673,14.41167371
04:50.3,-0.379,0.29,0.018,04:50.3,76.9615111,14.40283611
04:50.5,-0.258,0.193,0.1,04:50.4,77.04082364,14.39344816
04:50.7,-0.382,0.366,0.03,04:50.6,77.14452185,14.38346146
04:50.8,-0.304,0.301,0.039,04:50.8,77.24727872,14.37120634
04:51.1,-0.351,0.273,0.062,04:51.1,77.37608536,14.35851772
04:51.3,-0.355,0.424,0.045,04:51.3,77.47803775,14.34658051
04:51.5,-0.298,0.353,0.021,04:51.5,77.58054539,14.33434453
04:51.7,-0.367,0.302,0.05,04:51.7,77.69120861,14.31667904
04:51.8,-0.413,0.257,0.028,04:51.8,77.77846011,14.31169507
04:52.0,-0.251,0.274,0.073,04:52.0,77.87212894,14.30233028
04:52.3,-0.327,0.283,0.073,04:52.2,77.96534681,14.29950886
04:52.5,-0.329,0.245,0.082,04:52.4,78.05933383,14.2977861
04:52.7,-0.263,0.311,0.027,04:52.6,78.15332101,14.29903807
04:52.8,-0.239,0.32,-0.003,04:52.8,78.24571025,14.30042856
04:53.0,-0.319,0.318,0.06,04:53.0,78.33818966,14.30633919
04:53.2,-0.336,0.372,0.067,04:53.2,78.43225488,14.3105532
04:53.4,-0.338,0.312,-0.007,04:53.5,78.5491191,14.31630135
04:53.7,-0.278,0.26,0.011,04:53.7,78.64609774,14.32372371
04:53.9,-0.273,0.254,0.021,04:53.9,78.74629435,14.32858322
04:54.0,-0.251,0.246,0.067,04:54.1,78.86487137,14.33446974
04:54.2,-0.233,0.248,0.034,04:54.3,78.96843972,14.33640454
04:54.4,-0.315,0.306,0.091,04:54.4,79.04752292,14.33656043
04:54.7,-0.277,0.321,0.065,04:54.6,79.15117686,14.3351297
04:54.9,-0.261,0.291,0.028,04:54.9,79.27861769,14.33378295
04:55.1,-0.356,0.261,0.017,04:55.1,79.38073965,14.33126886
04:55.3,-0.303,0.266,0.049,04:55.3,79.48496664,14.32555216
04:55.5,-0.264,0.293,0.026,04:55.5,79.58807136,14.32059201
04:55.6,-0.25,0.235,0.043,04:55.7,79.69266032,14.31290412
04:55.9,-0.357,0.218,0.052,04:55.8,79.79651438,14.30427599
04:56.1,-0.339,0.197,0.065,04:56.1,79.8965943,14.29580331
04:56.3,-0.249,0.203,0.032,04:56.2,79.99519863,14.28492877
04:56.5,-0.316,0.254,0.063,04:56.4,80.09301823,14.27486475
04:56.7,-0.19,0.278,0.071,04:56.6,80.18716531,14.26676514
04:56.9,-0.309,0.257,0.079,04:56.9,80.30577749,14.25713678
04:57.1,-0.364,0.264,0.054,04:57.1,80.40060509,14.25090242
04:57.3,-0.285,0.161,0.108,04:57.3,80.49426538,14.24729272
04:57.5,-0.273,0.328,0.095,04:57.5,80.58476452,14.24553476
04:57.7,-0.292,0.272,0.03,04:57.7,80.67980822,14.24057583
04:57.9,-0.294,0.305,0.076,04:57.9,80.79857806,14.23354703
04:58.1,-0.327,0.232,0.035,04:58.1,80.89396932,14.23096894
04:58.3,-0.336,0.288,0.107,04:58.3,80.9879514,14.23117813
04:58.5,-0.244,0.236,0.063,04:58.5,81.07974385,14.23521448
04:58.7,-0.133,0.392,0.095,04:58.7,81.17619721,14.238403
04:58.9,-0.299,0.375,0.043,04:58.9,81.27339078,14.24120125
04:59.1,-0.224,0.376,0.073,04:59.1,81.37205559,14.24507952
04:59.3,-0.211,0.241,0.064,04:59.3,81.47116795,14.24898688
04:59.5,-0.274,0.457,0.057,04:59.5,81.59501704,14.25657666
04:59.7,-0.252,0.3,0.027,04:59.7,81.69582892,14.2622278
04:59.9,-0.296,0.333,0.08,04:59.9,81.7975122,14.26652743
05:00.1,-0.317,0.393,0.068,05:00.1,81.89944097,14.26978753
05:00.3,-0.329,0.427,0.037,05:00.3,82.00263235,14.27018822
05:00.5,-0.275,0.329,0.06,05:00.5,82.10733008,14.26852164
05:00.7,-0.348,0.356,0.033,05:00.7,82.2388683,14.2638985
05:00.9,-0.419,0.324,0.037,05:00.9,82.34587947,14.25642943
05:01.1,-0.3,0.263,0.074,05:01.1,82.44861628,14.2495532
05:01.3,-0.301,0.244,0.091,05:01.3,82.55434991,14.23999874
05:01.5,-0.294,0.353,0.022,05:01.5,82.65613818,14.23410381
05:01.7,-0.363,0.295,0.11,05:01.7,82.78478434,14.22140869
05:02.0,-0.318,0.318,0.099,05:02.0,82.91107325,14.20089674
05:02.2,-0.389,0.206,0.085,05:02.2,83.02090048,14.1954874
05:02.4,-0.457,0.314,0.06,05:02.3,83.10376706,14.18429406
05:02.5,-0.332,0.281,0.062,05:02.5,83.20825705,14.17511105
05:02.7,-0.279,0.406,0.045,05:02.7,83.31286054,14.16576677
05:02.9,-0.463,0.3,0.085,05:03.0,83.44097975,14.1600291
05:03.2,-0.211,0.147,0.098,05:03.2,83.54537095,14.15707848
05:03.4,-0.208,0.229,0.109,05:03.4,83.6448051,14.15470634
05:03.6,-0.354,0.338,0.104,05:03.6,83.74214268,14.15677769
05:03.8,-0.296,0.305,0.086,05:03.8,83.84241347,14.15573139
05:04.0,-0.304,0.316,0.069,05:03.9,83.94067263,14.15701253
05:04.2,-0.221,0.265,0.078,05:04.1,84.03701725,14.15988906
05:04.4,-0.323,0.313,0.067,05:04.4,84.15579568,14.16183277
05:04.6,-0.322,0.303,0.071,05:04.6,84.24968329,14.16515856
05:04.8,-0.265,0.328,0.016,05:04.8,84.34653877,14.16872193
05:05.0,-0.439,0.238,0.108,05:05.0,84.44062264,14.17041049
05:05.2,-0.246,0.25,0.078,05:05.2,84.53625927,14.17264478
05:05.4,-0.262,0.332,0.03,05:05.4,84.63304968,14.1733817
05:05.6,-0.307,0.363,0.094,05:05.6,84.75328261,14.17375589
05:05.8,-0.368,0.317,0.131,05:05.8,84.85664284,14.16985937
05:06.0,-0.399,0.339,0.073,05:06.0,84.96016411,14.16352832
05:06.2,-0.294,0.167,0.071,05:06.2,85.06437258,14.15592979
05:06.4,-0.363,0.371,0.061,05:06.4,85.16604848,14.14952098
05:06.6,-0.344,0.27,0.062,05:06.6,85.27151073,14.13962101
05:06.8,-0.435,0.294,0.032,05:06.8,85.4022883,14.1299787
05:07.0,-0.367,0.392,0.085,05:07.0,85.5095915,14.12109314
05:07.2,-0.301,0.295,0.047,05:07.2,85.6121884,14.114747
05:07.4,-0.267,0.333,0.086,05:07.4,85.72871175,14.10722077
05:07.6,-0.321,0.314,0.077,05:07.6,85.82873373,14.10346242
05:07.8,-0.246,0.184,0.113,05:07.8,85.91320081,14.10018634
05:08.0,-0.195,0.347,0.05,05:08.0,86.03549904,14.09581925
05:08.2,-0.39,0.351,0.088,05:08.2,86.13179852,14.09659213
05:08.4,-0.269,0.396,0.114,05:08.4,86.22663902,14.0970107
05:08.6,-0.246,0.362,0.021,05:08.6,86.32069554,14.09844133
05:08.8,-0.245,0.285,0.147,05:08.8,86.42330326,14.10404012
05:09.0,-0.431,0.158,0.079,05:09.0,86.50658036,14.1020571
05:09.2,-0.351,0.322,0.082,05:09.2,86.61716351,14.1048475
05:09.4,-0.388,0.327,0.048,05:09.4,86.71556318,14.10300196
05:09.6,-0.189,0.324,0.042,05:09.6,86.80953717,14.1011115
05:09.8,-0.311,0.274,0.075,05:09.8,86.90941341,14.09568576
05:10.0,-0.379,0.235,0.022,05:10.0,86.98350228,14.09749574
05:10.2,-0.354,0.227,0.071,05:10.2,87.07808349,14.09383352
05:10.4,-0.33,0.242,0.042,05:10.4,87.19695013,14.08990341
05:10.6,-0.381,0.244,0.064,05:10.6,87.29513728,14.08400792
05:10.8,-0.333,0.329,0.09,05:10.8,87.39336913,14.07781282
05:11.0,-0.379,0.355,0.057,05:11.0,87.48985196,14.07253824
05:11.2,-0.377,0.38,0.062,05:11.2,87.59644356,14.06451426
05:11.4,-0.357,0.268,0.043,05:11.4,87.67907774,14.06184896
05:11.6,-0.329,0.304,0.093,05:11.6,87.79601871,14.05862521
05:11.8,-0.315,0.249,0.066,05:11.8,87.8926933,14.05856817
05:12.0,-0.281,0.343,0.053,05:12.0,87.98946753,14.05634382
05:12.2,-0.34,0.383,0.069,05:12.2,88.08573324,14.05674758
05:12.4,-0.348,0.196,0.075,05:12.4,88.18009603,14.05764492
05:12.6,-0.318,0.305,0.056,05:12.6,88.2786132,14.05447459
05:12.8,-0.378,0.324,0.043,05:12.8,88.37771314,14.05306254
05:13.0,-0.356,0.327,0.061,05:13.0,88.47835117,14.05153387
05:13.2,-0.353,0.405,0.091,05:13.2,88.57671143,14.04971988
05:13.4,-0.377,0.307,0.037,05:13.4,88.67766554,14.04483842
05:13.6,-0.259,0.213,0.067,05:13.6,88.79928292,14.04357078
05:13.8,-0.266,0.286,0.044,05:13.8,88.89945561,14.04001604
05:14.1,-0.333,0.312,0.075,05:14.1,89.02511903,14.03416497
05:14.3,-0.313,0.303,0.056,05:14.3,89.12615403,14.03123462
05:14.5,-0.303,0.537,0.038,05:14.5,89.22727821,14.02740403
05:14.7,-0.348,0.492,0.035,05:14.7,89.32519175,14.02520202
05:14.8,-0.322,0.364,0.074,05:14.9,89.42640495,14.02057629
05:15.0,-0.315,0.28,0.006,05:15.1,89.52722904,14.01685804
05:15.3,-0.262,0.206,0.058,05:15.3,89.65096683,14.01360368
05:15.5,-0.335,0.462,0.049,05:15.5,89.72603347,14.01203462
05:15.7,-0.332,0.32,0.081,05:15.7,89.85159618,14.00668527
05:15.9,-0.389,0.338,0.054,05:15.9,89.956015,14.00344705
05:16.1,-0.301,0.315,0.059,05:16.1,90.05910007,14.00146532
05:16.3,-0.271,0.304,0.039,05:16.3,90.19158263,13.99577172
05:16.5,-0.391,0.422,0.026,05:16.5,90.29721151,13.9924333
05:16.7,-0.314,0.344,0.072,05:16.7,90.40462734,13.98518689
05:16.9,-0.463,0.327,0.045,05:16.9,90.51067623,13.98079916
05:17.1,-0.402,0.311,0.076,05:17.1,90.61656135,13.97427865
05:17.3,-0.422,0.237,0.128,05:17.3,90.72124926,13.96721741
05:17.5,-0.326,0.375,0.026,05:17.5,90.85162214,13.96311659
05:17.7,-0.371,0.299,0.056,05:17.7,90.95358567,13.95763939
05:17.9,-0.228,0.282,0.021,05:17.9,91.05508655,13.95661701
05:18.1,-0.473,0.263,0.079,05:18.1,91.15354341,13.95487434
05:18.3,-0.323,0.407,0.103,05:18.3,91.24958982,13.953723
05:18.5,-0.268,0.392,0.063,05:18.5,91.34332686,13.95561508
05:18.7,-0.352,0.26,0.098,05:18.7,91.43530245,13.96080005
05:19.0,-0.327,0.338,0.084,05:19.0,91.55129967,13.96496144
05:19.2,-0.353,0.384,0.07,05:19.2,91.64632766,13.96976066
05:19.3,-0.315,0.349,0.053,05:19.4,91.73885512,13.97664194
05:19.5,-0.218,0.33,0.005,05:19.6,91.83039921,13.98562628
05:19.7,-0.303,0.314,0.093,05:19.7,91.92274909,13.99358634
05:20.0,-0.376,0.159,0.06,05:20.0,92.04126348,13.99696354
05:20.2,-0.308,0.357,0.038,05:20.2,92.13948225,13.99485723
05:20.4,-0.371,0.275,0.039,05:20.4,92.26452653,13.98982189
05:20.6,-0.464,0.451,0.088,05:20.6,92.3694551,13.98398088
05:20.8,-0.294,0.37,0.032,05:20.8,92.4765655,13.97801884
05:21.0,-0.323,0.164,0.02,05:21.0,92.5784596,13.97644514
05:21.2,-0.514,0.174,0.038,05:21.2,92.6784012,13.97189029
05:21.4,-0.4,0.26,0.052,05:21.4,92.78366166,13.95933695
05:21.6,-0.317,0.326,0.029,05:21.6,92.88856655,13.94665302
05:21.8,-0.462,0.252,0.055,05:21.8,92.99359417,13.93207826
05:22.0,-0.334,0.409,0.05,05:22.0,93.09499619,13.92041002
05:22.2,-0.4,0.381,0.052,05:22.3,93.24753254,13.90586685
05:22.4,-0.383,0.401,0.063,05:22.4,93.3265746,13.89465355
05:22.6,-0.231,0.202,0.055,05:22.7,93.4542893,13.88014358
05:22.8,-0.339,0.245,-0.005,05:22.9,93.55243974,13.871484
05:23.1,-0.275,0.324,0.073,05:23.1,93.64832343,13.8689808
05:23.3,-0.317,0.247,0.053,05:23.3,93.76610049,13.8671866
05:23.5,-0.214,0.386,0.068,05:23.5,93.86060738,13.86840424
05:23.7,-0.229,0.292,0.053,05:23.7,93.95432103,13.87097873
05:23.9,-0.297,0.325,0.125,05:23.9,94.04352515,13.87770375
05:24.1,-0.12,0.312,0.068,05:24.1,94.13245358,13.88538788
05:24.3,-0.201,0.315,0.109,05:24.3,94.21930992,13.89722552
05:24.5,-0.269,0.362,0.048,05:24.5,94.34594773,13.91643879
05:24.7,-0.282,0.43,0.023,05:24.7,94.44119852,13.92473738
05:24.9,-0.379,0.268,0.04,05:24.9,94.54090492,13.93096169
05:25.1,-0.254,0.284,0.034,05:25.1,94.61344394,13.93192246
05:25.3,-0.323,0.391,0.007,05:25.3,94.70826237,13.9386274
05:25.5,-0.33,0.365,0.101,05:25.5,94.82956116,13.93814713
05:25.8,-0.438,0.445,0.027,05:25.7,94.93178386,13.93436834
05:26.0,-0.334,0.325,-0.027,05:25.9,95.03471254,13.93013645
05:26.2,-0.378,0.319,0.036,05:26.1,95.13924314,13.92005503
05:26.3,-0.374,0.214,0.054,05:26.3,95.24978885,13.90616761
05:26.6,-0.359,0.391,0.014,05:26.6,95.38662656,13.88760261
05:26.8,-0.367,0.235,0.036,05:26.8,95.52457599,13.86695176
05:27.0,-0.425,0.328,-0.011,05:27.0,95.63324663,13.84671737
05:27.2,-0.325,0.181,0.052,05:27.2,95.73952807,13.82680394
05:27.4,-0.304,0.184,0.071,05:27.4,95.84600353,13.81019775
05:27.6,-0.368,0.308,0.078,05:27.6,95.94825649,13.79883845
05:27.8,-0.282,0.285,0.086,05:27.8,96.05261659,13.7868635
05:28.0,-0.262,0.263,0.116,05:28.0,96.17381217,13.78423421
05:28.2,-0.289,0.399,0.059,05:28.2,96.27365452,13.77823757
05:28.4,-0.376,0.228,0.044,05:28.4,96.37207895,13.77739256
05:28.6,-0.264,0.28,0.113,05:28.6,96.46700779,13.78241961
05:28.8,-0.331,0.47,0.063,05:28.8,96.57285946,13.80282944
05:29.1,-0.467,0.288,0.049,05:29.1,96.69095993,13.81418797
05:29.3,-0.272,0.407,0.09,05:29.3,96.78685814,13.82631104
05:29.5,-0.27,0.483,0.115,05:29.4,96.86408476,13.82606109
05:29.7,-0.294,0.273,0.061,05:29.6,96.9556257,13.83970249
05:29.9,-0.29,0.337,0.007,05:29.8,97.05240738,13.84988849
05:30.1,-0.3,0.285,0.015,05:30.1,97.17605952,13.85657078
05:30.3,-0.377,0.362,0.045,05:30.3,97.27335395,13.86381035
05:30.5,-0.403,0.354,0.038,05:30.5,97.36809769,13.86734967
05:30.7,-0.364,0.279,0.027,05:30.7,97.46384981,13.86904177
05:30.9,-0.399,0.355,0.038,05:30.9,97.58295892,13.87218829
05:31.1,-0.345,0.273,-0.008,05:31.1,97.68331761,13.86472943
05:31.3,-0.385,0.273,0.067,05:31.3,97.80913328,13.85066677
05:31.5,-0.363,0.347,0.037,05:31.5,97.91211716,13.83401094
05:31.7,-0.358,0.24,0.016,05:31.7,98.01348874,13.82058385
05:31.9,-0.376,0.264,0.026,05:31.9,98.11626366,13.80550964
05:32.1,-0.348,0.258,-0.012,05:32.1,98.21961217,13.78653784
05:32.4,-0.411,0.214,0.077,05:32.3,98.35070383,13.76401814
05:32.6,-0.371,0.359,0.074,05:32.6,98.47187007,13.73557979
05:32.8,-0.351,0.26,0.067,05:32.8,98.57378777,13.72448396
05:33.0,-0.323,0.204,0.039,05:33.0,98.65925155,13.71740198
05:33.2,-0.314,0.269,0.094,05:33.2,98.76038825,13.70632707
05:33.4,-0.345,0.337,0.096,05:33.4,98.85776501,13.70288743
05:33.6,-0.225,0.424,0.051,05:33.6,98.98080389,13.69791336
05:33.8,-0.255,0.325,0.071,05:33.8,99.07600563,13.70174243
05:34.0,-0.255,0.281,0.042,05:34.0,99.16866355,13.70568262
05:34.2,-0.272,0.273,0.063,05:34.2,99.25918903,13.71367056
05:34.4,-0.273,0.245,0.116,05:34.4,99.34941514,13.72439099
05:34.6,-0.192,0.309,0.087,05:34.6,99.46554506,13.73172827
05:34.8,-0.22,0.251,0.056,05:34.8,99.55875528,13.73777231
05:35.0,-0.384,0.369,0.049,05:35.0,99.64974417,13.74379028
05:35.2,-0.236,0.176,-0.014,05:35.2,99.74159501,13.74691297
05:35.4,-0.322,0.243,0.051,05:35.4,99.83589191,13.74838209
05:35.6,-0.316,0.259,0.034,05:35.6,99.93048517,13.74917417
05:35.9,-0.423,0.298,0.043,05:35.9,100.0770101,13.74115814
05:36.1,-0.358,0.222,0.015,05:36.1,100.1775585,13.73415648
05:36.3,-0.361,0.279,0.04,05:36.3,100.2842838,13.72238926
05:36.5,-0.502,0.299,0.007,05:36.5,100.3901571,13.71177732
05:36.7,-0.407,0.202,0.041,05:36.7,100.4984424,13.70028671
05:36.9,-0.398,0.227,0.071,05:36.9,100.6284117,13.69001106
05:37.1,-0.402,0.242,0.017,05:37.1,100.7328174,13.6819667
05:37.3,-0.291,0.298,0.085,05:37.3,100.8318985,13.68059695
05:37.5,-0.298,0.337,0.04,05:37.5,100.9323546,13.6784486
05:37.7,-0.313,0.356,0.028,05:37.7,101.0323961,13.67761351
05:37.9,-0.415,0.327,0.098,05:37.9,101.128998,13.67522202
05:38.1,-0.355,0.351,0.078,05:38.1,101.2453431,13.68033702
05:38.3,-0.245,0.398,0.04,05:38.3,101.3365188,13.68303998
05:38.5,-0.261,0.285,0.074,05:38.5,101.4280301,13.68643998
05:38.7,-0.408,0.301,0.057,05:38.7,101.5194394,13.69119153
05:38.9,-0.391,0.345,0.026,05:38.9,101.6352533,13.69374871
05:39.2,-0.226,0.36,0.081,05:39.1,101.7299624,13.69546297
05:39.4,-0.21,0.295,0.048,05:39.4,101.8434428,13.7000333
05:39.6,-0.498,0.289,0.076,05:39.6,101.9417968,13.6959935
05:39.8,-0.367,0.229,0.067,05:39.8,102.0421296,13.69079338
05:40.0,-0.432,0.381,0.045,05:40.0,102.1437336,13.68355711
05:40.2,-0.319,0.402,0.072,05:40.2,102.2487238,13.67497302
05:40.4,-0.428,0.425,0.068,05:40.4,102.378611,13.66424787
05:40.6,-0.438,0.375,0.09,05:40.6,102.5029422,13.64802701
05:40.8,-0.433,0.322,0.076,05:40.8,102.6102234,13.63936125
05:41.0,-0.322,0.285,0.082,05:41.0,102.696537,13.63553829
05:41.2,-0.272,0.356,0.027,05:41.2,102.8002175,13.6257591
05:41.4,-0.325,0.275,0.064,05:41.4,102.9269058,13.6152714
05:41.7,-0.318,0.242,0.007,05:41.6,103.0243868,13.60720581
05:41.9,-0.315,0.237,0.067,05:41.9,103.1451683,13.60053157
05:42.1,-0.329,0.173,0.025,05:42.1,103.2383947,13.59871743
05:42.3,-0.278,0.26,0.078,05:42.3,103.32467,13.59936406
05:42.5,-0.251,0.166,0.084,05:42.5,103.4105789,13.60172663
05:42.7,-0.344,0.307,0.062,05:42.7,103.5177114,13.60696748
05:42.9,-0.303,0.226,0.037,05:42.9,103.6015842,13.61200594
05:43.1,-0.305,0.281,0.05,05:43.1,103.6986042,13.62384871
05:43.3,-0.2,0.34,0.086,05:43.3,103.7869771,13.63186699
05:43.5,-0.303,0.275,0.095,05:43.5,103.8562728,13.63201146
05:43.7,-0.265,0.33,0.083,05:43.7,103.963786,13.6400649
05:43.9,-0.317,0.235,0.031,05:43.9,104.0531104,13.64845455
05:44.1,-0.333,0.356,0.002,05:44.1,104.1485758,13.65337139
05:44.3,-0.298,0.246,0.069,05:44.4,104.2645253,13.65931421
05:44.5,-0.269,0.355,0.026,05:44.6,104.365638,13.65948484
05:44.7,-0.317,0.327,0.015,05:44.8,104.4651612,13.66216552
05:45.0,-0.46,0.309,0.041,05:45.0,104.5938543,13.65876572
05:45.2,-0.32,0.321,0.034,05:45.2,104.69975,13.65430164
05:45.4,-0.405,0.278,0.025,05:45.4,104.8111486,13.64232579
05:45.6,-0.436,0.288,0.021,05:45.6,104.9236861,13.63094132
05:45.8,-0.566,0.391,0.052,05:45.8,105.0381394,13.61667154
05:46.0,-0.372,0.32,-0.015,05:46.0,105.1551171,13.60341589
05:46.2,-0.459,0.306,0.057,05:46.2,105.2963151,13.58529046
05:46.4,-0.445,0.398,0.022,05:46.4,105.4119884,13.56798284
05:46.6,-0.366,0.333,0.003,05:46.6,105.5246883,13.55242288
05:46.8,-0.285,0.331,0.105,05:46.8,105.6341504,13.53889793
05:47.0,-0.347,0.385,0.046,05:47.0,105.7410997,13.52629101
05:47.2,-0.344,0.243,0.096,05:47.2,105.87134,13.51424442
05:47.4,-0.305,0.251,0.093,05:47.4,105.9711131,13.50711251
05:47.7,-0.273,0.234,0.076,05:47.6,106.0648114,13.50501648
05:47.9,-0.232,0.178,0.061,05:47.8,106.1574319,13.50566798
05:48.1,-0.311,0.303,0.111,05:48.1,106.2700814,13.50689693
05:48.3,-0.224,0.356,0.105,05:48.3,106.3558438,13.51209747
05:48.5,-0.151,0.268,0.059,05:48.5,106.4634471,13.51979619
05:48.7,-0.261,0.303,0.096,05:48.7,106.5463856,13.53124393
05:48.9,-0.216,0.393,0.127,05:48.9,106.6286246,13.54186454
05:49.1,-0.25,0.231,0.112,05:49.1,106.7224158,13.56145979
05:49.3,-0.312,0.32,0.08,05:49.3,106.8124486,13.56902619
05:49.5,-0.257,0.381,0.034,05:49.5,106.9038114,13.5708443
05:49.7,-0.291,0.327,0.053,05:49.7,106.9944071,13.57876981
05:49.9,-0.36,0.334,0.099,05:49.9,107.0903227,13.58225124
05:50.1,-0.417,0.406,0.041,05:50.1,107.1882218,13.58201346
05:50.3,-0.329,0.285,0.021,05:50.3,107.285923,13.58155617
05:50.6,-0.298,0.299,0.057,05:50.6,107.4119741,13.5805491
05:50.8,-0.47,0.303,0.07,05:50.8,107.5157973,13.57556806
05:51.0,-0.42,0.253,0.027,05:51.0,107.6238865,13.56325792
05:51.2,-0.438,0.311,0.034,05:51.2,107.7558702,13.55090223
05:51.4,-0.42,0.255,0.021,05:51.4,107.8636465,13.53604555
05:51.6,-0.361,0.31,0.065,05:51.6,107.9712529,13.5242047
05:51.8,-0.302,0.38,0.055,05:51.8,108.1087997,13.50634006
05:52.0,-0.353,0.233,0.036,05:52.0,108.2176237,13.49095509
05:52.2,-0.444,0.232,0.028,05:52.2,108.3232799,13.48122735
05:52.4,-0.345,0.222,0.055,05:52.4,108.4271069,13.4706113
05:52.6,-0.292,0.369,0.087,05:52.6,108.5304404,13.46264807
05:52.8,-0.308,0.255,0.089,05:52.8,108.6568585,13.45508648
05:53.0,-0.358,0.278,0.067,05:53.1,108.7655743,13.45068561
05:53.2,-0.265,0.376,0.074,05:53.3,108.864161,13.45050217
05:53.4,-0.316,0.332,0.117,05:53.4,108.9462035,13.44607002
05:53.6,-0.347,0.262,0.067,05:53.6,109.0416958,13.44417918
05:53.8,-0.239,0.237,0.047,05:53.8,109.1322344,13.44346048
05:54.1,-0.28,0.274,0.05,05:54.1,109.24383,13.44664896
05:54.3,-0.198,0.275,0.056,05:54.3,109.3352833,13.44653693
05:54.5,-0.28,0.267,0.039,05:54.5,109.4247537,13.44802689
05:54.7,-0.381,0.348,0.098,05:54.7,109.5170209,13.4490177
05:54.9,-0.253,0.269,0.064,05:54.9,109.6260451,13.45192286
05:55.1,-0.31,0.267,0.098,05:55.1,109.7141448,13.45417608
05:55.3,-0.416,0.313,0.068,05:55.3,109.8237306,13.45514075
05:55.5,-0.302,0.315,0.131,05:55.5,109.913657,13.4555219
05:55.7,-0.285,0.356,0.088,05:55.7,110.0041138,13.45523625
05:55.9,-0.344,0.329,0.051,05:55.9,110.1155841,13.45493232
05:56.1,-0.228,0.349,0.065,05:56.1,110.2115385,13.45287611
05:56.4,-0.26,0.354,0.082,05:56.4,110.3273153,13.45102085
05:56.6,-0.354,0.305,0.089,05:56.6,110.398513,13.45008152
05:56.8,-0.447,0.266,0.069,05:56.8,110.4965497,13.44526549
05:57.0,-0.406,0.369,0.113,05:57.0,110.5963886,13.44191025
05:57.2,-0.4,0.405,0.117,05:57.2,110.7223694,13.43865803
05:57.4,-0.366,0.329,0.053,05:57.4,110.8301576,13.43496252
05:57.6,-0.28,0.354,0.03,05:57.6,110.9384589,13.43117449
05:57.8,-0.391,0.388,0.025,05:57.8,111.0688799,13.42308726
05:58.0,-0.243,0.309,0.036,05:58.0,111.1762245,13.42120458
05:58.2,-0.351,0.36,0.027,05:58.2,111.2869322,13.41854409
05:58.4,-0.4,0.365,0.04,05:58.4,111.3974423,13.41520989
05:58.6,-0.258,0.329,0.071,05:58.6,111.5334231,13.41190253
05:58.8,-0.374,0.397,0.064,05:58.8,111.6454416,13.40760598
05:59.0,-0.411,0.26,0.049,05:59.0,111.7589424,13.40174139
05:59.2,-0.276,0.233,0.084,05:59.2,111.8678363,13.39310999
05:59.4,-0.289,0.26,0.06,05:59.4,111.9785631,13.38528882
05:59.7,-0.227,0.259,0.058,05:59.7,112.110936,13.37494679
05:59.9,-0.328,0.23,0.079,05:59.9,112.21632,13.36632447
06:00.1,-0.311,0.197,0.039,06:00.1,112.3164266,13.35624905
06:00.3,-0.294,0.289,0.096,06:00.3,112.4163264,13.34478786
06:00.5,-0.434,0.341,0.065,06:00.5,112.5092775,13.33807182
06:00.7,-0.251,0.276,0.08,06:00.7,112.6249044,13.33046782
06:00.9,-0.351,0.142,0.116,06:00.9,112.737396,13.32532171
06:01.1,-0.24,0.282,0.102,06:01.1,112.8232945,13.32393926
06:01.3,-0.259,0.314,0.098,06:01.3,112.907139,13.32452638
06:01.5,-0.322,0.255,0.122,06:01.5,112.990375,13.32506684
06:01.7,-0.211,0.301,0.1,06:01.7,113.0766028,13.32673487
06:01.9,-0.217,0.302,0.069,06:02.0,113.1850835,13.33108506
06:02.2,-0.336,0.208,0.098,06:02.2,113.2733725,13.33736479
06:02.4,-0.272,0.311,0.061,06:02.4,113.3641997,13.34584008
06:02.6,-0.372,0.381,0.066,06:02.6,113.4557165,13.35411974
06:02.8,-0.378,0.341,0.099,06:02.8,113.548647,13.36407159
06:03.0,-0.237,0.227,0.108,06:03.0,113.6434147,13.37316129
06:03.2,-0.407,0.359,0.054,06:03.2,113.7650773,13.38061342
06:03.4,-0.366,0.316,0.04,06:03.4,113.8687086,13.38271525
06:03.6,-0.4,0.37,0.017,06:03.6,113.9750647,13.38424519
06:03.8,-0.506,0.42,0.029,06:03.8,114.1085586,13.38179932
06:04.0,-0.433,0.213,0.055,06:04.0,114.2198436,13.37856514
06:04.2,-0.353,0.187,0.017,06:04.2,114.3337815,13.37020742
06:04.4,-0.485,0.258,0.048,06:04.5,114.4723734,13.35878882
06:04.7,-0.345,0.28,0.066,06:04.6,114.584771,13.34570779
06:04.8,-0.388,0.322,0.049,06:04.9,114.6960777,13.32692693
06:05.0,-0.439,0.231,0.076,06:05.1,114.832241,13.29916645
06:05.2,-0.313,0.383,0.039,06:05.3,114.9443939,13.27883539
06:05.5,-0.418,0.267,0.039,06:05.5,115.0686939,13.26314264
06:05.7,-0.338,0.135,0.026,06:05.7,115.1533107,13.25684493
06:05.9,-0.409,0.184,0.071,06:05.9,115.2541556,13.23996123
06:06.1,-0.28,0.2,0.062,06:06.1,115.373558,13.22512114
06:06.3,-0.347,0.303,0.063,06:06.3,115.4647215,13.21735841
06:06.5,-0.363,0.252,0.086,06:06.5,115.5527241,13.21303639
06:06.7,-0.309,0.231,0.045,06:06.7,115.6371989,13.21225805
06:06.9,-0.182,0.208,0.057,06:06.9,115.7422371,13.21709877
06:07.1,-0.172,0.227,0.054,06:07.1,115.8218151,13.2262459
06:07.3,-0.214,0.276,0.045,06:07.3,115.9002987,13.24035029
06:07.5,-0.121,0.307,0.091,06:07.5,115.9794191,13.25578148
06:07.8,-0.134,0.346,0.082,06:07.8,116.078094,13.27652178
06:08.0,-0.18,0.308,0.055,06:08.0,116.158965,13.29537221
06:08.2,-0.205,0.299,0.101,06:08.2,116.2411149,13.31402595
06:08.4,-0.329,0.406,0.05,06:08.4,116.3239383,13.33071803
06:08.6,-0.293,0.359,0.032,06:08.6,116.4123905,13.34147847
06:08.8,-0.365,0.34,0.098,06:08.8,116.5215985,13.35121056
06:09.0,-0.342,0.226,0.093,06:09.0,116.6159288,13.35243846
06:09.2,-0.398,0.255,0.022,06:09.2,116.7368742,13.34814211
06:09.4,-0.336,0.202,0.042,06:09.4,116.8434629,13.33528249
06:09.6,-0.427,0.349,0.078,06:09.6,116.9524724,13.32053404
06:09.8,-0.474,0.345,0.01,06:09.8,117.0667643,13.29946277
06:10.1,-0.5,0.235,-0.005,06:10.0,117.210187,13.27569809
06:10.3,-0.385,0.104,0.004,06:10.3,117.3277772,13.25023817
06:10.5,-0.585,0.241,-0.013,06:10.5,117.4610416,13.21157607
06:10.6,-0.331,0.372,0.018,06:10.7,117.5698506,13.19138674
06:10.9,-0.402,0.31,0.041,06:10.8,117.6597845,13.18333259
06:11.1,-0.339,0.279,-0.021,06:11.1,117.7880963,13.16519195
06:11.3,-0.283,0.29,0.029,06:11.3,117.88885,13.15089688
06:11.5,-0.263,0.246,0.047,06:11.5,118.0066169,13.14454329
06:11.7,-0.21,0.251,0.003,06:11.7,118.0949164,13.14507396
06:11.9,-0.213,0.395,0.042,06:11.9,118.1807897,13.14940707
06:12.1,-0.1,0.285,0.016,06:12.1,118.2640692,13.1597536
06:12.4,-0.255,0.257,0.083,06:12.3,118.3678279,13.17337098
06:12.6,-0.091,0.236,0.035,06:12.6,118.4441508,13.19071213
06:12.8,-0.268,0.317,0.055,06:12.8,118.5423128,13.20993674
06:13.0,-0.232,0.293,0.036,06:13.0,118.622248,13.23132492
06:13.2,-0.248,0.351,0.042,06:13.2,118.7100878,13.24626135
06:13.4,-0.248,0.384,0.047,06:13.4,118.8177073,13.26304146
06:13.6,-0.41,0.222,0.049,06:13.6,118.9093776,13.27732527
06:13.8,-0.344,0.335,0.012,06:13.8,119.0088169,13.28358335
06:14.0,-0.33,0.319,0.026,06:14.0,119.1121009,13.28397923
06:14.2,-0.419,0.374,0.061,06:14.2,119.2195513,13.28192046
06:14.4,-0.417,0.3,0.018,06:14.4,119.3314242,13.27739427
06:14.7,-0.438,0.423,0.032,06:14.6,119.4701388,13.2657827
06:14.9,-0.332,0.355,0.005,06:14.8,119.5860211,13.2494856
06:15.1,-0.408,0.312,0.011,06:15.1,119.7278657,13.22826955
06:15.3,-0.447,0.354,-0.012,06:15.3,119.8411607,13.20931949
06:15.5,-0.39,0.295,-0.007,06:15.5,119.9525541,13.1877752
06:15.7,-0.403,0.345,0.059,06:15.7,120.0893056,13.16478867
06:15.9,-0.302,0.322,0.042,06:15.9,120.1927793,13.14804609
06:16.1,-0.379,0.242,0.009,06:16.1,120.2960832,13.13204259
06:16.3,-0.31,0.319,0.013,06:16.3,120.3922256,13.11992154
06:16.5,-0.259,0.084,0.106,06:16.5,120.4865821,13.10977985
06:16.7,-0.359,0.307,-0.007,06:16.7,120.5761737,13.10326348
06:17.0,-0.201,0.201,0.057,06:16.9,120.6864299,13.09800034
06:17.2,-0.269,0.201,0.054,06:17.1,120.7693641,13.09735836
06:17.4,-0.199,0.284,0.006,06:17.4,120.8698631,13.10136725
06:17.6,-0.312,0.152,0.034,06:17.6,120.9496186,13.10811415
06:17.8,-0.317,0.271,0.05,06:17.8,121.0303376,13.12141102
06:18.0,-0.123,0.356,0.057,06:18.0,121.1299416,13.13330342
06:18.2,-0.274,0.207,0.074,06:18.2,121.2259442,13.16138679
06:18.4,-0.223,0.344,-0.001,06:18.4,121.3132536,13.1625173
06:18.6,-0.209,0.29,0.051,06:18.6,121.3996551,13.17188431
06:18.8,-0.234,0.33,0.04,06:18.8,121.4868984,13.18184116
06:19.0,-0.311,0.303,0.018,06:19.0,121.5817839,13.18964446
06:19.3,-0.334,0.334,0.023,06:19.3,121.701229,13.1949125
06:19.5,-0.287,0.336,0.04,06:19.5,121.8049599,13.19598756
06:19.7,-0.366,0.457,0.053,06:19.7,121.933126,13.19316288
06:19.9,-0.361,0.353,0.009,06:19.9,122.0397314,13.19184024
06:20.1,-0.343,0.273,0.047,06:20.1,122.15059,13.18060208
06:20.3,-0.336,0.224,0.012,06:20.3,122.2871655,13.16882401
06:20.6,-0.344,0.423,0.051,06:20.6,122.4000678,13.15561535
06:20.8,-0.441,0.304,0.063,06:20.7,122.5076183,13.13575126
06:21.0,-0.441,0.435,0.085,06:21.0,122.6423077,13.11698541
06:21.2,-0.29,0.158,0.051,06:21.2,122.7518871,13.09420932
06:21.4,-0.296,0.302,0.058,06:21.4,122.8550199,13.07653275
06:21.6,-0.334,0.333,0.064,06:21.6,122.9794392,13.06010774
06:21.8,-0.327,0.353,0.094,06:21.8,123.0747772,13.04758916
06:22.0,-0.487,0.271,0.13,06:22.0,123.1675535,13.03894955
06:22.2,-0.236,0.222,0.153,06:22.2,123.2817444,13.03308054
06:22.4,-0.21,0.219,0.095,06:22.4,123.3667052,13.03113761
06:22.7,-0.293,0.295,0.08,06:22.6,123.4538648,13.03661121
06:22.9,-0.183,0.197,0.1,06:22.9,123.5584686,13.03968826
06:23.1,-0.27,0.281,0.087,06:23.1,123.6395022,13.04396449
06:23.3,-0.212,0.28,0.063,06:23.3,123.7161595,13.05369311
06:23.5,-0.141,0.225,0.011,06:23.5,123.7914214,13.06102453
06:23.7,-0.099,0.211,0.149,06:23.7,123.8666173,13.06797106
06:23.9,-0.114,0.211,0.08,06:23.9,123.9792426,13.07655568
06:24.1,-0.238,0.231,0.067,06:24.1,124.0507234,13.08246257
06:24.3,-0.232,0.296,0.083,06:24.3,124.1229208,13.08733986
06:24.5,-0.382,0.143,0.101,06:24.5,124.1915208,13.09124798
06:24.7,-0.045,0.285,0.037,06:24.7,124.2602938,13.09135951
06:25.0,-0.238,0.212,0.131,06:25.0,124.3439701,13.09102898
06:25.2,-0.088,0.173,0.106,06:25.2,124.4080804,13.08917277
06:25.4,-0.089,0.146,0.07,06:25.4,124.4666174,13.08291573
06:25.6,-0.068,0.247,0.076,06:25.6,124.5378165,13.07497247
06:25.8,-0.161,0.196,0.088,06:25.8,124.5899839,13.0670823
06:26.0,0.073,0.215,0.085,06:26.0,124.640421,13.05766383
06:26.3,-0.151,0.285,0.085,06:26.2,124.7039549,13.04539832
06:26.5,0.028,0.262,0.115,06:26.5,124.7533381,13.03522656
06:26.7,-0.099,0.087,0.038,06:26.6,124.8023031,13.02513232
06:26.9,0.014,0.291,0.068,06:26.9,124.8632273,13.01143209
06:27.1,-0.076,0.203,0.01,06:27.1,124.9103249,13.00282667
06:27.3,-0.095,0.188,0.026,06:27.3,124.9681456,12.98872309
06:27.5,-0.096,0.221,0.044,06:27.5,125.0120491,12.9777542
06:27.7,-0.009,0.205,0.013,06:27.7,125.0552076,12.96908799
06:27.9,-0.077,0.299,0.02,06:27.9,125.0967485,12.95837856
06:28.1,-0.072,0.149,0.024,06:28.1,125.1371526,12.94705843
06:28.3,0.047,0.172,0.01,06:28.3,125.175367,12.93641891
06:28.6,0.01,0.112,0.013,06:28.6,125.2330254,12.9158677
06:28.8,-0.211,0.165,0.002,06:28.7,125.2608218,12.90954113
06:29.0,-0.022,0.197,-0.017,06:29.0,125.3067485,12.89460883
06:29.2,-0.019,0.132,0.026,06:29.2,125.3445605,12.88566445
06:29.4,-0.255,0.147,0.023,06:29.4,125.3818769,12.87571067
06:29.6,-0.05,0.143,0.009,06:29.6,125.4314744,12.85872894
06:29.8,-0.053,0.173,0.03,06:29.8,125.482885,12.85082235
06:30.0,-0.013,0.195,0.017,06:30.0,125.5221849,12.8294864
06:30.2,-0.174,0.248,0.009,06:30.2,125.5626745,12.81495629
06:30.4,-0.106,0.234,0.012,06:30.4,125.6036103,12.80189096
06:30.7,-0.036,0.118,-0.002,06:30.6,125.6450907,12.78630379
06:30.9,-0.066,0.306,0.03,06:30.9,125.7052241,12.7587023
06:31.1,-0.013,0.183,0.019,06:31.1,125.7387578,12.74503158
06:31.3,-0.197,0.254,0.051,06:31.3,125.7891371,12.71647164
06:31.5,-0.064,0.253,-0.007,06:31.5,125.8319449,12.6964472
06:31.7,-0.054,0.221,0.075,06:31.7,125.8714666,12.67113234
06:31.9,-0.176,0.285,0.053,06:31.9,125.9214354,12.6336732
06:32.2,-0.139,0.235,0.063,06:32.1,125.9578223,12.59841925
06:32.4,-0.124,0.147,0.025,06:32.4,125.9953922,12.56199092
06:32.6,-0.196,0.211,0.051,06:32.6,126.0410284,12.51455963
06:32.8,-0.175,0.133,0.043,06:32.8,126.0759337,12.47286177
06:33.0,-0.318,0.247,-0.007,06:33.0,126.1106502,12.43142643
06:33.2,-0.061,0.225,-0.008,06:33.2,126.1528287,12.38187147
06:33.4,-0.075,0.219,0.037,06:33.4,126.1841951,12.33837239
06:33.6,0.023,0.236,0.022,06:33.6,126.2148198,12.29605175
06:33.8,-0.116,0.262,0.07,06:33.8,126.2453436,12.25719075
06:34.0,-0.124,0.21,-0.017,06:34.0,126.2816202,12.21834379
06:34.2,-0.049,0.217,0.02,06:34.2,126.309581,12.17595017
06:34.5,-0.162,0.153,0.023,06:34.5,126.3436433,12.14767061
06:34.7,-0.034,0.139,0,06:34.7,126.3685184,12.1095398
06:34.9,-0.042,0.261,0,06:34.9,126.3936988,12.08629361
06:35.1,-0.073,0.174,-0.038,06:35.1,126.4150893,12.05887888
06:35.3,-0.014,0.105,-0.035,06:35.3,126.4368219,12.03522863
06:35.5,-0.036,0.033,-0.009,06:35.5,126.4618517,12.00560204
06:35.7,-0.144,0.137,0.013,06:35.7,126.4803731,11.98531022
06:35.9,0,0.174,0.037,06:35.9,126.4970842,11.96393841
06:36.1,-0.032,0.127,-0.015,06:36.1,126.5120054,11.93985251
06:36.3,-0.099,0.241,0.08,06:36.3,126.526628,11.91477833
06:36.5,-0.042,0.246,0.011,06:36.5,126.5427273,11.88163111
06:36.8,-0.045,0.151,0.076,06:36.8,126.5572299,11.84612781
06:37.0,-0.043,0.259,0.018,06:37.0,126.5663769,11.81502703
06:37.2,-0.027,0.136,0.068,06:37.2,126.5753653,11.78355255
06:37.4,-0.081,0.35,0.022,06:37.4,126.5866151,11.74334352
06:37.6,-0.074,0.172,-0.01,06:37.6,126.5952827,11.70951957
06:37.9,-0.054,0.135,-0.018,06:37.8,126.6056788,11.66430189
06:38.1,0.018,0.21,0.013,06:38.1,126.6120502,11.62620753
06:38.3,-0.119,0.208,0.015,06:38.3,126.6223464,11.57639377
06:38.5,-0.071,0.122,-0.014,06:38.5,126.6303909,11.54085492
06:38.7,-0.069,0.277,-0.021,06:38.7,126.6418342,11.50246742
06:38.9,-0.101,0.178,0.091,06:38.9,126.6557644,11.45515764
06:39.1,-0.174,0.213,0.046,06:39.1,126.6684436,11.41819955
06:39.3,-0.166,0.118,-0.017,06:39.3,126.6831438,11.38241272
06:39.5,-0.13,0.22,-0.013,06:39.5,126.696061,11.34859665
06:39.7,-0.064,0.053,-0.021,06:39.7,126.7080797,11.31427247
06:39.9,-0.016,0.134,-0.006,06:40.0,126.7214717,11.27497315
06:40.2,-0.072,0.167,0.023,06:40.2,126.7307958,11.23611419
06:40.4,-0.062,0.123,0.011,06:40.4,126.7367245,11.20598855
06:40.6,-0.074,0.136,0.064,06:40.6,126.738914,11.17603047
06:40.8,-0.134,0.196,0.02,06:40.8,126.7375244,11.14638249
06:41.0,-0.115,0.088,-0.025,06:41.0,126.7354674,11.10892666
06:41.2,-0.113,0.096,0.003,06:41.3,126.7290528,11.07121311
06:41.5,-0.18,0.045,0.005,06:41.5,126.7184069,11.04040883
06:41.7,-0.176,0.114,-0.011,06:41.7,126.7036628,11.00618802
06:41.9,-0.277,0.103,0.039,06:41.9,126.6867636,10.97023974
06:42.1,-0.16,0.221,0.04,06:42.1,126.6674721,10.92198922
06:42.3,-0.211,0.16,0.008,06:42.3,126.6465655,10.87753782
06:42.5,-0.24,0.273,0.027,06:42.5,126.6258498,10.8204641
06:42.7,-0.2,0.235,0,06:42.7,126.6071346,10.76919878
06:42.9,-0.273,0.326,-0.019,06:42.9,126.5894844,10.71376983
06:43.1,-0.249,0.267,0.023,06:43.1,126.5730279,10.63829392
06:43.3,-0.322,0.243,0.02,06:43.3,126.5603625,10.58894961
06:43.6,-0.172,0.254,0.045,06:43.6,126.5509865,10.51050723
06:43.8,-0.266,0.38,0.002,06:43.8,126.5378541,10.45708829
06:44.0,-0.177,0.306,0.066,06:44.0,126.5307623,10.39459303
06:44.2,-0.05,0.239,0.007,06:44.2,126.5252703,10.3320574
06:44.4,-0.223,0.281,0.063,06:44.4,126.5133901,10.25707553
06:44.6,-0.1,0.287,0.028,06:44.6,126.508322,10.19481599
06:44.9,-0.368,0.204,0.058,06:44.9,126.4991834,10.11956114
06:45.1,-0.164,0.321,0.034,06:45.1,126.4930627,10.05936821
06:45.3,-0.202,0.276,0.055,06:45.3,126.4862758,10.00060686
06:45.5,-0.271,0.258,0.033,06:45.5,126.4765295,9.938530748
06:45.7,-0.255,0.15,0.033,06:45.7,126.4634711,9.87800899
06:45.9,-0.317,0.237,0.047,06:45.9,126.4460893,9.804814695
06:46.1,-0.282,0.2,-0.018,06:46.1,126.4240515,9.732310165
06:46.3,-0.326,0.23,0.05,06:46.3,126.402611,9.67439891
06:46.5,-0.156,0.328,0.013,06:46.5,126.3764518,9.61653605
06:46.7,-0.227,0.213,0.043,06:46.7,126.3477625,9.559742891
06:47.0,-0.363,0.195,0.042,06:47.0,126.3140131,9.489651387
06:47.2,-0.389,0.254,0.078,06:47.2,126.2812228,9.416580076
06:47.4,-0.329,0.237,0.083,06:47.4,126.2461685,9.354250685
06:47.6,-0.329,0.161,0.024,06:47.6,126.2106942,9.288402656
06:47.8,-0.354,0.284,0.059,06:47.8,126.1728268,9.22015733
06:48.0,-0.341,0.342,0.052,06:48.0,126.1404936,9.146357004
06:48.2,-0.183,0.343,0.032,06:48.2,126.1067749,9.05282355
06:48.5,-0.321,0.32,-0.011,06:48.5,126.0751997,8.952933782
06:48.7,-0.336,0.384,0.033,06:48.7,126.0489121,8.864268805
06:48.9,-0.469,0.424,0.037,06:48.9,126.0267087,8.769204582
06:49.1,-0.384,0.321,-0.003,06:49.1,126.0086435,8.667989952
06:49.3,-0.458,0.418,0.059,06:49.3,125.9927481,8.541856154
06:49.5,-0.447,0.505,0.014,06:49.5,125.9760365,8.407305225
06:49.7,-0.454,0.474,0.014,06:49.7,125.965442,8.290573409
06:50.0,-0.337,0.42,-0.003,06:49.9,125.9575192,8.172144121
06:50.2,-0.323,0.422,0.042,06:50.2,125.9499309,8.052577869
06:50.4,-0.326,0.426,0.008,06:50.4,125.943157,7.910658324
06:50.6,-0.414,0.411,0.048,06:50.6,125.9325727,7.771272271
06:50.8,-0.369,0.431,0.099,06:50.8,125.9260311,7.66226684
06:51.0,-0.445,0.256,0.081,06:51.0,125.9186676,7.556384083
06:51.2,-0.414,0.409,0.08,06:51.2,125.9153102,7.463764692
06:51.4,-0.392,0.421,0.063,06:51.5,125.902842,7.348751934
06:51.6,-0.387,0.324,0.091,06:51.6,125.8923109,7.266983246
06:51.9,-0.314,0.266,0.132,06:51.9,125.877951,7.165828561
06:52.1,-0.342,0.218,0.131,06:52.1,125.8633053,7.090652087
06:52.3,-0.352,0.276,0.092,06:52.3,125.8457207,7.017589432
06:52.5,-0.358,0.195,0.125,06:52.5,125.8272365,6.946985555
06:52.7,-0.346,0.331,0.078,06:52.7,125.8065783,6.87423068
06:52.9,-0.426,0.255,0.058,06:52.9,125.7843175,6.780212047
06:53.2,-0.482,0.263,0.065,06:53.2,125.7639279,6.683165367
06:53.4,-0.432,0.303,0.09,06:53.4,125.7495178,6.601446644
06:53.6,-0.415,0.275,0.055,06:53.6,125.7357105,6.515493286
06:53.8,-0.417,0.261,0.015,06:53.8,125.7236181,6.422084285
06:54.0,-0.41,0.327,0.045,06:54.0,125.7120711,6.301504108
06:54.2,-0.464,0.372,-0.002,06:54.2,125.707652,6.191339738
06:54.4,-0.365,0.528,-0.048,06:54.4,125.7046179,6.049598858
06:54.6,-0.378,0.418,0.041,06:54.6,125.7079724,5.927504047
06:54.8,-0.388,0.521,-0.003,06:54.8,125.7136721,5.797941791
06:55.0,-0.444,0.402,0.039,06:55.0,125.7302142,5.671537373
06:55.3,-0.528,0.478,0.016,06:55.3,125.7439407,5.511484414
06:55.5,-0.449,0.491,0.017,06:55.5,125.7626593,5.381188411
06:55.7,-0.55,0.396,0.038,06:55.7,125.784221,5.223245167
06:55.9,-0.417,0.543,0.076,06:55.9,125.8056531,5.101451763
06:56.1,-0.339,0.334,0.056,06:56.1,125.8258016,4.983185202
06:56.3,-0.355,0.38,0.051,06:56.3,125.844848,4.874969076
06:56.5,-0.362,0.298,0.051,06:56.5,125.8634599,4.743065963
06:56.7,-0.255,0.221,0.137,06:56.7,125.8744084,4.643907665
06:56.9,-0.31,0.262,0.09,06:56.9,125.8835256,4.552902425
06:57.1,-0.198,0.182,0.126,06:57.2,125.8939717,4.444282565
06:57.4,-0.323,0.317,0.143,06:57.4,125.8977148,4.369386062
06:57.6,-0.349,0.246,0.123,06:57.6,125.8974334,4.295153919
06:57.8,-0.324,0.242,0.087,06:57.8,125.8973446,4.206873789
06:58.0,-0.328,0.195,0.095,06:58.0,125.8916356,4.140022856
06:58.2,-0.322,0.32,0.15,06:58.2,125.8857649,4.053948131
06:58.4,-0.353,0.303,0.093,06:58.4,125.8783552,3.983991008
06:58.6,-0.351,0.331,0.07,06:58.6,125.8673736,3.909653229
06:58.9,-0.331,0.361,0.001,06:58.9,125.8596646,3.793621354
06:59.1,-0.368,0.372,0.034,06:59.1,125.8545063,3.728086858
06:59.3,-0.411,0.389,-0.014,06:59.3,125.8526609,3.618191732
06:59.5,-0.357,0.285,-0.004,06:59.5,125.8522479,3.519922722
06:59.7,-0.346,0.423,0.015,06:59.7,125.8559507,3.417500898
07:00.0,-0.393,0.413,0.03,06:59.9,125.8603932,3.283403841
07:00.2,-0.444,0.484,-0.015,07:00.2,125.8697312,3.14354023
07:00.4,-0.47,0.51,0,07:00.4,125.8826793,3.017930318
07:00.6,-0.308,0.482,-0.003,07:00.6,125.8961325,2.891960588
07:00.8,-0.419,0.611,0.062,07:00.8,125.9165235,2.742592051
07:01.0,-0.397,0.487,0.009,07:01.0,125.9366369,2.612774015
07:01.3,-0.348,0.398,0.059,07:01.3,125.9537586,2.452494428
07:01.5,-0.479,0.42,0.025,07:01.5,125.9690402,2.325561484
07:01.7,-0.562,0.398,0.096,07:01.7,125.9863324,2.204600675
07:01.9,-0.32,0.272,0.034,07:01.9,126.0027911,2.062891427
07:02.1,-0.292,0.453,0.082,07:02.1,126.0170484,1.95352512
07:02.3,-0.371,0.368,0.111,07:02.3,126.0268814,1.824974634
07:02.5,-0.238,0.26,0.154,07:02.6,126.0326126,1.69910176
07:02.8,-0.26,0.304,0.102,07:02.8,126.0341961,1.609251577
07:03.0,-0.165,0.165,0.122,07:03.0,126.0305508,1.52551444
07:03.2,-0.418,0.172,0.175,07:03.2,126.0241354,1.445502895
07:03.4,-0.249,0.294,0.059,07:03.4,126.0159924,1.350954993
07:03.6,-0.293,0.188,0.127,07:03.6,126.0065548,1.260894196
07:03.8,-0.24,0.18,0.06,07:03.8,125.994572,1.197224979
07:04.0,-0.305,0.323,0.109,07:04.0,125.9844272,1.132182656
07:04.3,-0.262,0.241,0.021,07:04.2,125.9728128,1.066565903
07:04.5,-0.274,0.398,0.061,07:04.5,125.9619725,0.982602899
07:04.7,-0.228,0.33,0.054,07:04.7,125.9516794,0.895025467
07:04.9,-0.316,0.284,0.045,07:04.9,125.9456084,0.822812391
07:05.1,-0.226,0.329,0.027,07:05.1,125.9408467,0.742335487
07:05.3,-0.352,0.337,0.013,07:05.3,125.937068,0.65961227
07:05.5,-0.272,0.369,0.039,07:05.5,125.9336696,0.554164225
07:05.8,-0.268,0.308,0.043,07:05.8,125.9360881,0.463376287
07:06.0,-0.295,0.378,0.036,07:06.0,125.9368937,0.351263687
07:06.2,-0.363,0.332,0.028,07:06.2,125.9416263,0.237893304
07:06.4,-0.335,0.373,0.036,07:06.4,125.9486493,0.145602669
07:06.6,-0.25,0.36,0.096,07:06.6,125.9565289,0.055691721
07:06.8,-0.258,0.281,0.035,07:06.9,125.9665475,-0.054126619
07:07.1,-0.377,0.355,0.092,07:07.1,125.9752052,-0.13953698
07:07.3,-0.298,0.23,0.025,07:07.3,125.9835739,-0.241054221
07:07.5,-0.334,0.322,0.062,07:07.5,125.9907299,-0.319382795
07:07.7,-0.226,0.368,0.037,07:07.7,125.9983778,-0.387649816
07:07.9,-0.097,0.226,0.041,07:07.9,126.0026541,-0.465117303
07:08.1,-0.01,0.349,0.136,07:08.1,126.004722,-0.51602913
07:08.4,-0.044,0.169,0.04,07:08.4,126.0046951,-0.577095032
07:08.6,-0.043,0.165,0.062,07:08.6,126.0004661,-0.616325356
07:08.8,-0.114,0.188,0.071,07:08.8,125.995307,-0.651883564
07:09.0,-0.055,0.181,0.043,07:09.0,125.9838901,-0.69673853
07:09.2,-0.157,0.271,-0.003,07:09.2,125.9721311,-0.729291743
07:09.4,-0.086,0.154,0.023,07:09.4,125.9566638,-0.772315035
07:09.7,-0.068,0.197,0.033,07:09.7,125.9401794,-0.804841264
07:09.9,-0.153,0.265,0.06,07:09.9,125.9185781,-0.848400608
07:10.1,-0.145,0.107,0.025,07:10.1,125.8958718,-0.883016351
07:10.3,-0.218,0.255,0.014,07:10.3,125.8732244,-0.918648085
07:10.5,-0.205,0.274,0.005,07:10.5,125.8463239,-0.965417418
07:10.8,-0.107,0.295,0,07:10.8,125.8195289,-1.014368996
07:11.0,-0.238,0.189,-0.003,07:11.0,125.7977768,-1.05729407
07:11.2,-0.211,0.244,0.038,07:11.2,125.7779919,-1.101802561
07:11.4,-0.2,0.353,0.003,07:11.4,125.7548038,-1.156834037
07:11.6,-0.157,0.212,0.061,07:11.6,125.7375752,-1.206280428
07:11.8,-0.161,0.285,0.013,07:11.8,125.7154371,-1.264894279
07:12.1,-0.214,0.28,0.098,07:12.0,125.6998667,-1.314807492
07:12.3,-0.031,0.263,0.075,07:12.2,125.686085,-1.363829524
07:12.5,-0.197,0.313,0.056,07:12.5,125.666855,-1.420868537
07:12.7,-0.046,0.214,0.059,07:12.7,125.6533128,-1.468019031
07:12.9,-0.106,0.251,0.02,07:12.9,125.6413925,-1.51184986
07:13.1,-0.103,0.26,-0.004,07:13.1,125.6151887,-1.575957883
07:13.3,-0.036,0.289,0.003,07:13.3,125.6020471,-1.618138318
07:13.6,-0.099,0.335,0.045,07:13.6,125.5875896,-1.659475983
07:13.8,-0.046,0.305,0.04,07:13.7,125.5701236,-1.699208183
07:14.0,-0.162,0.323,0.039,07:14.0,125.5442594,-1.746204474
07:14.2,-0.206,0.207,0.025,07:14.2,125.5132786,-1.791456985
07:14.4,-0.144,0.187,0.016,07:14.5,125.478826,-1.833772279
07:14.7,-0.062,0.16,0.063,07:14.7,125.4453929,-1.864145709
07:14.9,-0.192,0.223,0.023,07:14.9,125.4085036,-1.892388672
07:15.1,-0.147,0.21,0.022,07:15.1,125.3676876,-1.915954755
07:15.3,-0.059,0.342,0.032,07:15.3,125.3158799,-1.942929744
07:15.5,-0.231,0.22,0.005,07:15.5,125.2601449,-1.965491478
07:15.8,-0.219,0.366,0.085,07:15.7,125.2115471,-1.977996148
07:16.0,-0.148,0.177,-0.004,07:15.9,125.1631356,-1.987728136
07:16.2,-0.207,0.443,0.059,07:16.2,125.1050035,-2.000707578
07:16.4,-0.184,0.206,0.07,07:16.4,125.0568306,-2.005683246
07:16.6,-0.206,0.133,0.04,07:16.6,125.0005858,-2.016436951
07:16.8,-0.156,0.102,0.115,07:16.9,124.9471254,-2.024844936
07:17.1,-0.131,0.206,0.037,07:17.1,124.9103478,-2.030939204
07:17.3,-0.113,0.101,0.054,07:17.3,124.8803096,-2.038536587
07:17.5,-0.09,0.189,0.095,07:17.5,124.8431489,-2.049800679
07:17.7,-0.086,0.195,0.024,07:17.7,124.8164322,-2.061356216
07:17.9,-0.132,0.288,0.051,07:17.9,124.7826344,-2.0790872
07:18.1,-0.181,0.231,0.106,07:18.1,124.7576715,-2.097547903
07:18.4,-0.092,0.332,0.006,07:18.4,124.723607,-2.11934814
07:18.6,0.057,0.232,0.037,07:18.6,124.6959561,-2.142846026
07:18.8,-0.136,0.326,0.041,07:18.8,124.6679619,-2.167018139
07:19.0,0.009,0.264,0.002,07:19.0,124.6317243,-2.195495389
07:19.2,-0.095,0.138,-0.038,07:19.3,124.5933913,-2.222444366
07:19.4,-0.112,0.253,-0.043,07:19.4,124.5581479,-2.243859993
07:19.7,-0.253,0.297,-0.014,07:19.6,124.5204608,-2.262056593
07:19.9,-0.011,0.173,-0.055,07:19.9,124.471809,-2.278918275
07:20.1,-0.072,0.266,-0.068,07:20.1,124.4286587,-2.288765629
07:20.3,-0.14,0.202,-0.005,07:20.3,124.373769,-2.295745598
07:20.5,-0.118,0.139,0.002,07:20.5,124.3254436,-2.293815835
07:20.7,-0.181,0.147,-0.027,07:20.8,124.2674553,-2.287878242
07:21.0,-0.134,0.245,-0.012,07:21.0,124.2189898,-2.275655984
07:21.2,-0.192,0.295,0.01,07:21.2,124.1692944,-2.260317063
07:21.4,-0.297,0.19,0.007,07:21.4,124.1104501,-2.241570202
07:21.6,-0.052,0.095,0.097,07:21.6,124.0540831,-2.221054386
07:21.8,-0.2,0.113,0.046,07:21.8,124.009363,-2.19964872
07:22.0,-0.179,0.226,0.005,07:22.0,123.9693577,-2.181020863
07:22.3,0.101,0.148,0.081,07:22.3,123.9211164,-2.162547595
07:22.5,-0.188,0.173,0.081,07:22.5,123.8877409,-2.149217358
07:22.7,-0.01,0.3,0.032,07:22.7,123.8473863,-2.137218231
07:22.9,-0.146,0.094,0.066,07:22.9,123.8183198,-2.129787182
07:23.1,-0.169,0.215,0.08,07:23.2,123.7832294,-2.125332584
07:23.3,-0.13,0.15,0.1,07:23.3,123.7559559,-2.125168218
07:23.6,-0.057,0.148,0.057,07:23.6,123.7291672,-2.125948322
07:23.8,-0.029,0.25,0.064,07:23.8,123.6948689,-2.126738239
07:24.0,-0.197,0.282,0.01,07:24.0,123.6608025,-2.127597927
07:24.2,-0.132,0.243,0.076,07:24.2,123.6335363,-2.129606342
07:24.4,-0.097,0.168,0.037,07:24.4,123.6053061,-2.131899036
07:24.6,-0.122,0.077,0.022,07:24.7,123.5707569,-2.132880931
07:24.9,-0.131,0.155,-0.035,07:24.9,123.54153,-2.131437242
07:25.1,-0.159,0.126,0.005,07:25.1,123.5032384,-2.127364281
07:25.3,-0.141,0.181,-0.023,07:25.3,123.4687801,-2.121542261
07:25.5,-0.166,0.194,-0.067,07:25.5,123.424325,-2.111082705
07:25.7,-0.174,0.185,-0.054,07:25.7,123.3847654,-2.098828276
07:26.0,-0.346,0.257,-0.031,07:25.9,123.3419777,-2.083111242
07:26.2,-0.236,0.382,-0.002,07:26.2,123.2857757,-2.063249637
07:26.4,-0.302,0.129,0.031,07:26.4,123.2251071,-2.04177187
07:26.6,-0.285,0.163,0.006,07:26.6,123.1667671,-2.02227286
07:26.8,-0.295,0.276,-0.015,07:26.9,123.095501,-1.998833088
07:27.0,-0.286,0.181,0,07:27.1,123.0311641,-1.9802407
07:27.3,-0.295,0.263,0.035,07:27.2,122.9665818,-1.961893254
07:27.5,-0.21,0.309,0.043,07:27.5,122.885348,-1.942121942
07:27.7,-0.262,0.216,0.044,07:27.7,122.8005896,-1.922204438
07:27.9,-0.306,0.311,0.055,07:27.9,122.7258931,-1.905683015
07:28.1,-0.211,0.281,0.012,07:28.1,122.6531532,-1.890402052
07:28.4,-0.218,0.237,0.04,07:28.4,122.5652651,-1.877491644
07:28.6,-0.292,0.246,0.029,07:28.6,122.4937229,-1.863897662
07:28.8,-0.431,0.284,0.049,07:28.8,122.4068852,-1.847914384
07:29.0,-0.343,0.218,0.035,07:29.0,122.337448,-1.835911809
07:29.2,-0.302,0.294,0.057,07:29.2,122.2714194,-1.823079075
07:29.4,-0.341,0.217,0.068,07:29.4,122.1897057,-1.808295789
07:29.6,-0.252,0.31,0.022,07:29.6,122.1224871,-1.795743372
07:29.9,-0.239,0.313,0.062,07:29.9,122.0394671,-1.780536233
07:30.1,-0.274,0.268,0.036,07:30.1,121.9560232,-1.767018844
07:30.3,-0.369,0.193,0.04,07:30.3,121.8841614,-1.756524036
07:30.5,-0.322,0.408,0.029,07:30.5,121.8091781,-1.746779818
07:30.7,-0.351,0.352,0.029,07:30.7,121.7365275,-1.739298576
07:31.0,-0.352,0.315,0.054,07:31.0,121.6431976,-1.729247496
07:31.2,-0.489,0.317,0.02,07:31.2,121.5442744,-1.720913712
07:31.4,-0.378,0.213,0.006,07:31.4,121.4603056,-1.712180545
07:31.6,-0.317,0.344,0.009,07:31.6,121.3512333,-1.70359903
07:31.8,-0.394,0.359,0.056,07:31.8,121.2583525,-1.696203724
07:32.0,-0.348,0.328,0.027,07:32.0,121.1600003,-1.687597054
07:32.3,-0.324,0.318,0.034,07:32.3,121.0427935,-1.67739919
07:32.5,-0.398,0.192,0.051,07:32.5,120.9195659,-1.667570988
07:32.7,-0.428,0.454,0.037,07:32.7,120.8188964,-1.661788203
07:32.9,-0.294,0.401,0.046,07:32.9,120.7166383,-1.656272045
07:33.1,-0.475,0.354,0.063,07:33.1,120.5917329,-1.649202665
07:33.4,-0.439,0.331,0.072,07:33.4,120.4641262,-1.644267073
07:33.6,-0.426,0.322,0.106,07:33.6,120.351347,-1.634397528
07:33.8,-0.523,0.402,0.023,07:33.8,120.2274185,-1.631339022
07:34.0,-0.43,0.41,0.081,07:34.0,120.1290592,-1.629866097
07:34.2,-0.374,0.357,0.007,07:34.2,120.0358965,-1.629529863
07:34.5,-0.371,0.397,0.046,07:34.5,119.9211287,-1.631466118
07:34.7,-0.419,0.497,0.051,07:34.7,119.8118799,-1.63772611
07:34.9,-0.445,0.363,0.059,07:34.9,119.7256415,-1.64367009
07:35.1,-0.404,0.34,0.015,07:35.1,119.615265,-1.650648751
07:35.3,-0.363,0.372,0.003,07:35.3,119.5287507,-1.65995781
07:35.5,-0.418,0.357,0.015,07:35.5,119.4375168,-1.669742011
07:35.8,-0.332,0.377,0.069,07:35.8,119.3199891,-1.677076422
07:36.0,-0.259,0.338,0.061,07:36.0,119.2222625,-1.681338201
07:36.2,-0.384,0.439,0.031,07:36.2,119.101052,-1.689022665
07:36.4,-0.362,0.491,0.128,07:36.4,119.0021768,-1.693718765
07:36.6,-0.361,0.35,0.086,07:36.6,118.9006026,-1.695164166
07:36.8,-0.522,0.302,0.056,07:36.9,118.7776402,-1.697853324
07:37.1,-0.412,0.396,0.043,07:37.1,118.6526532,-1.694710815
07:37.3,-0.435,0.385,0.04,07:37.3,118.5503,-1.692026568
07:37.5,-0.338,0.375,0.078,07:37.5,118.4527216,-1.689476581
07:37.7,-0.293,0.439,0.109,07:37.7,118.3303399,-1.686761017
07:37.9,-0.385,0.306,0.048,07:37.9,118.2313445,-1.684252652
07:38.2,-0.415,0.33,0.073,07:38.2,118.108509,-1.683479462
07:38.4,-0.402,0.404,0.107,07:38.4,118.0087162,-1.683145578
07:38.6,-0.384,0.447,-0.018,07:38.6,117.886351,-1.685501016
07:38.8,-0.406,0.251,0.004,07:38.8,117.7900607,-1.690299197
07:39.0,-0.287,0.401,0.045,07:39.0,117.6939956,-1.69667426
07:39.2,-0.408,0.474,0.032,07:39.2,117.5997144,-1.705165695
07:39.5,-0.271,0.39,0.022,07:39.5,117.4597035,-1.715904822
07:39.7,-0.379,0.425,0.018,07:39.7,117.3630021,-1.728950609
07:39.9,-0.408,0.459,0.049,07:39.9,117.2662325,-1.742527319
07:40.1,-0.395,0.392,0.064,07:40.1,117.1712845,-1.754473506
07:40.3,-0.333,0.476,0.044,07:40.3,117.0512813,-1.768378948
07:40.5,-0.423,0.473,0.084,07:40.6,116.9299357,-1.779629238
07:40.8,-0.339,0.444,0.022,07:40.8,116.8307386,-1.788414188
07:41.0,-0.397,0.474,0.06,07:41.0,116.7324744,-1.793955803
07:41.2,-0.279,0.387,0.056,07:41.2,116.6128817,-1.79747235
07:41.4,-0.377,0.513,0.076,07:41.4,116.5159086,-1.798584937
07:41.6,-0.375,0.408,0.056,07:41.6,116.4185458,-1.796378199
07:41.8,-0.364,0.372,0.037,07:41.8,116.299562,-1.789437913
07:42.1,-0.417,0.382,0.098,07:42.1,116.1829918,-1.779494515
07:42.3,-0.3,0.379,0.093,07:42.3,116.0856967,-1.767439462
07:42.5,-0.412,0.292,0.068,07:42.5,115.9885187,-1.756919732
07:42.7,-0.38,0.382,0.061,07:42.7,115.8681068,-1.744735124
07:42.9,-0.452,0.401,0.037,07:42.9,115.7482508,-1.733107523
07:43.1,-0.394,0.409,0.044,07:43.1,115.6537174,-1.725227872
07:43.3,-0.434,0.4,0.032,07:43.3,115.5603275,-1.720193261
07:43.6,-0.438,0.384,0.068,07:43.5,115.468856,-1.717194246
07:43.8,-0.311,0.462,0.05,07:43.8,115.3570324,-1.715133021
07:44.0,-0.366,0.481,0.017,07:44.0,115.2674957,-1.717953331
07:44.2,-0.293,0.455,0.028,07:44.2,115.1532647,-1.721376166
07:44.4,-0.328,0.385,0,07:44.4,115.0638762,-1.723475812
07:44.6,-0.397,0.221,-0.026,07:44.7,114.951432,-1.729083799
07:44.9,-0.286,0.433,0.031,07:44.9,114.8604611,-1.737790841
07:45.1,-0.309,0.37,0.024,07:45.1,114.7666947,-1.746849835
07:45.3,-0.372,0.395,0.005,07:45.3,114.6480141,-1.75573239
07:45.5,-0.333,0.414,0.067,07:45.5,114.531429,-1.766318662
07:45.7,-0.484,0.477,0.034,07:45.7,114.4334888,-1.77128308
07:45.9,-0.37,0.361,0.056,07:45.9,114.3337925,-1.773944069
07:46.1,-0.355,0.427,0.061,07:46.1,114.2329454,-1.774058092
07:46.4,-0.378,0.438,0.053,07:46.4,114.109055,-1.77305169
07:46.6,-0.367,0.478,0.047,07:46.6,113.9810598,-1.767590525
07:46.8,-0.367,0.414,0.057,07:46.8,113.881318,-1.761445562
07:47.0,-0.371,0.386,0.104,07:47.0,113.7562493,-1.751043447
07:47.2,-0.369,0.51,0.068,07:47.2,113.6560663,-1.740450617
07:47.4,-0.367,0.342,0.053,07:47.4,113.559128,-1.727496537
07:47.7,-0.331,0.409,0.05,07:47.7,113.4322328,-1.712504055
07:47.9,-0.433,0.321,0.088,07:47.9,113.3304203,-1.697459774
07:48.1,-0.387,0.262,0.025,07:48.1,113.2305704,-1.681807178
07:48.3,-0.34,0.402,0.04,07:48.3,113.1066829,-1.664192436
07:48.5,-0.397,0.38,0.083,07:48.5,113.0063285,-1.643258935
07:48.7,-0.278,0.485,0.075,07:48.7,112.9078357,-1.626268167
07:49.0,-0.31,0.336,0.073,07:49.0,112.7624226,-1.604408791
07:49.2,-0.477,0.252,0.103,07:49.2,112.6666438,-1.588683828
07:49.4,-0.507,0.386,0.054,07:49.4,112.5711877,-1.574812283
07:49.6,-0.283,0.404,0.054,07:49.6,112.4548393,-1.559872269
07:49.8,-0.421,0.506,0.074,07:49.8,112.3626372,-1.550915319
07:50.1,-0.459,0.486,0.061,07:50.1,112.2486401,-1.54070465
07:50.3,-0.327,0.359,0.079,07:50.3,112.1367557,-1.536087803
07:50.5,-0.403,0.472,0.017,07:50.5,112.0481705,-1.540505667
07:50.7,-0.252,0.283,0.048,07:50.7,111.9609591,-1.547013849
07:50.9,-0.307,0.37,0,07:50.9,111.8738499,-1.555730298
07:51.1,-0.328,0.516,0.068,07:51.1,111.7616783,-1.567975189
07:51.4,-0.218,0.376,0.075,07:51.4,111.6495917,-1.582348035
07:51.6,-0.329,0.452,0.066,07:51.6,111.555865,-1.59534727
07:51.8,-0.374,0.3,0.09,07:51.8,111.4618038,-1.608004776
07:52.0,-0.26,0.386,0.037,07:52.0,111.3404769,-1.620142215
07:52.2,-0.464,0.484,0.095,07:52.2,111.2341332,-1.629703207
07:52.4,-0.426,0.469,0.08,07:52.5,111.1029177,-1.635754652
07:52.7,-0.432,0.471,0.122,07:52.7,110.966505,-1.637163774
07:52.9,-0.432,0.467,0.103,07:52.9,110.8760297,-1.63172391
07:53.1,-0.374,0.363,0.089,07:53.1,110.7343474,-1.620358899
07:53.3,-0.441,0.458,0.067,07:53.3,110.6150938,-1.605098437
07:53.5,-0.47,0.402,0.061,07:53.5,110.4991525,-1.584270433
07:53.8,-0.457,0.452,0.07,07:53.8,110.3263642,-1.556479852
07:54.0,-0.404,0.384,0.055,07:54.0,110.2126495,-1.5276651
07:54.2,-0.452,0.413,0.059,07:54.2,110.0989286,-1.498146614
07:54.4,-0.522,0.45,0.063,07:54.4,109.9872906,-1.466996926
07:54.6,-0.428,0.447,0.076,07:54.6,109.8516592,-1.438541622
07:54.8,-0.486,0.348,0.055,07:54.8,109.7165075,-1.411414072
07:55.0,-0.324,0.416,0.083,07:55.0,109.6137559,-1.394288985
07:55.3,-0.333,0.361,0.015,07:55.2,109.5188684,-1.386930512
07:55.5,-0.304,0.31,0.055,07:55.5,109.4048073,-1.38153494
07:55.7,-0.328,0.232,0.075,07:55.7,109.3176738,-1.387014947
07:55.9,-0.29,0.356,0.055,07:55.9,109.2352566,-1.397737336
07:56.1,-0.132,0.37,0.036,07:56.2,109.111263,-1.41365501
07:56.3,-0.162,0.347,0.095,07:56.3,109.0553447,-1.437835938
07:56.5,-0.283,0.453,0.128,07:56.6,108.9588695,-1.462548542
07:56.8,-0.262,0.383,0.088,07:56.7,108.8800831,-1.488103765
07:57.0,-0.301,0.406,0.14,07:57.0,108.8001759,-1.509588965
07:57.2,-0.404,0.446,0.059,07:57.2,108.6946782,-1.531199074
07:57.4,-0.325,0.512,0.036,07:57.4,108.5872307,-1.553039007
07:57.6,-0.24,0.395,-0.021,07:57.6,108.493093,-1.567371728
07:57.8,-0.346,0.537,-0.028,07:57.8,108.4029235,-1.576148854
07:58.0,-0.397,0.38,-0.006,07:58.0,108.3103746,-1.577393215
07:58.3,-0.403,0.43,-0.008,07:58.3,108.1963155,-1.578032974
07:58.5,-0.382,0.336,-0.004,07:58.5,108.0751061,-1.573096555
07:58.7,-0.352,0.303,-0.002,07:58.7,107.9770755,-1.563679352
07:58.9,-0.497,0.402,0.022,07:58.9,107.8533893,-1.55094792
07:59.1,-0.328,0.343,-0.034,07:59.1,107.7529014,-1.538628839
07:59.3,-0.449,0.245,0.048,07:59.3,107.6517318,-1.523227309
07:59.6,-0.39,0.401,0.036,07:59.6,107.5243894,-1.50578103
07:59.8,-0.461,0.452,0.091,07:59.8,107.4192097,-1.488270993
08:00.0,-0.271,0.383,0.077,08:00.0,107.3150563,-1.471053585
08:00.2,-0.452,0.415,0.108,08:00.2,107.185029,-1.453494802
08:00.4,-0.412,0.508,0.064,08:00.4,107.0780848,-1.439689696
08:00.6,-0.285,0.362,0.094,08:00.6,106.9748728,-1.427875159
08:00.9,-0.298,0.456,0.041,08:00.8,106.8465091,-1.41566442
08:01.1,-0.388,0.476,0.079,08:01.0,106.744025,-1.408710749
08:01.3,-0.428,0.443,0.01,08:01.3,106.6194453,-1.404237454
08:01.5,-0.416,0.397,-0.004,08:01.5,106.5183589,-1.402432336
08:01.7,-0.449,0.395,0.043,08:01.7,106.4200706,-1.404376911
08:01.9,-0.315,0.275,0.05,08:01.9,106.2991021,-1.407257934
08:02.1,-0.308,0.308,0.063,08:02.2,106.1822142,-1.410538861
08:02.4,-0.368,0.343,0.045,08:02.4,106.0882974,-1.418659131
08:02.6,-0.387,0.435,0.038,08:02.6,105.9984732,-1.429027246
08:02.8,-0.345,0.479,0.083,08:02.8,105.885982,-1.439545653
08:03.0,-0.309,0.452,0.096,08:03.0,105.7973467,-1.451275835
08:03.2,-0.27,0.449,0.038,08:03.2,105.685358,-1.462012009
08:03.4,-0.325,0.428,0.017,08:03.4,105.5984323,-1.471355697
08:03.7,-0.293,0.419,0.039,08:03.7,105.492042,-1.479820266
08:03.9,-0.281,0.399,0.052,08:03.9,105.406333,-1.482946077
08:04.1,-0.334,0.34,0.079,08:04.1,105.3209811,-1.485597994
08:04.3,-0.293,0.339,0.076,08:04.3,105.2094664,-1.48517397
08:04.5,-0.399,0.17,0.058,08:04.5,105.1000381,-1.480249343
08:04.7,-0.431,0.45,0.042,08:04.7,105.0089878,-1.471540965
08:04.9,-0.4,0.293,0.044,08:04.9,104.9159133,-1.461300921
08:05.2,-0.43,0.434,0.068,08:05.1,104.8213756,-1.446069635
08:05.4,-0.41,0.293,0.068,08:05.4,104.7016106,-1.431566178
08:05.6,-0.444,0.403,0.04,08:05.6,104.5782504,-1.41580523
08:05.8,-0.465,0.381,0.004,08:05.8,104.4753229,-1.399994196
08:06.0,-0.416,0.404,0.043,08:06.0,104.3730509,-1.385777957
08:06.2,-0.473,0.414,0.052,08:06.3,104.2414864,-1.37218644
08:06.5,-0.403,0.411,0.091,08:06.5,104.1312505,-1.361675189
08:06.7,-0.31,0.49,0.088,08:06.7,103.9973373,-1.352893813
08:06.9,-0.436,0.489,0.079,08:06.9,103.8896732,-1.347524191
08:07.1,-0.324,0.273,0.066,08:07.1,103.7626147,-1.345970649
08:07.3,-0.389,0.382,0.071,08:07.3,103.6641089,-1.348204903
08:07.5,-0.392,0.42,0.039,08:07.5,103.5672953,-1.35260685
08:07.7,-0.299,0.334,0.081,08:07.7,103.4746588,-1.358979809
08:08.0,-0.315,0.376,0.057,08:08.0,103.335862,-1.366045862
08:08.2,-0.178,0.299,0.109,08:08.2,103.2474396,-1.374090242
08:08.4,-0.223,0.428,0.047,08:08.4,103.1608979,-1.380036126
08:08.6,-0.355,0.285,0.052,08:08.6,103.049759,-1.383500017
08:08.8,-0.436,0.354,0.035,08:08.8,102.9616197,-1.385427718
08:09.1,-0.49,0.276,0.006,08:09.1,102.8495994,-1.384196306
08:09.3,-0.437,0.375,0.05,08:09.3,102.7597475,-1.380533624
08:09.5,-0.385,0.311,0.056,08:09.5,102.6691043,-1.373167779
08:09.7,-0.457,0.378,0.044,08:09.7,102.5765186,-1.362784584
08:09.9,-0.529,0.204,0.039,08:09.9,102.4603303,-1.351636426
08:10.1,-0.422,0.372,0.058,08:10.1,102.36599,-1.341500053
08:10.4,-0.382,0.339,0.078,08:10.4,102.2486461,-1.326492608
08:10.6,-0.342,0.515,0.06,08:10.6,102.1505371,-1.315157925
08:10.8,-0.436,0.543,0.034,08:10.8,102.0308861,-1.303934008
08:11.0,-0.361,0.372,0.055,08:11.0,101.9300136,-1.295963187
08:11.2,-0.364,0.468,0.022,08:11.2,101.8277549,-1.291187956
08:11.4,-0.525,0.516,0.084,08:11.4,101.7024583,-1.289713552
08:11.6,-0.372,0.384,0.092,08:11.7,101.576513,-1.291991148
08:11.9,-0.29,0.395,0.094,08:11.9,101.4737689,-1.297685837
08:12.1,-0.304,0.472,0.071,08:12.1,101.3695299,-1.305262993
08:12.3,-0.44,0.447,0.047,08:12.3,101.2672989,-1.314941732
08:12.5,-0.339,0.456,0.062,08:12.5,101.1400235,-1.324289964
08:12.7,-0.48,0.457,0.106,08:12.7,101.0126803,-1.331782616
08:12.9,-0.26,0.32,0.038,08:12.9,100.9106172,-1.338917406
08:13.2,-0.36,0.441,0.065,08:13.1,100.7861678,-1.342979221
08:13.4,-0.33,0.301,0.068,08:13.3,100.6890013,-1.344502051
08:13.6,-0.306,0.403,0.078,08:13.6,100.5808224,-1.333168541
08:13.8,-0.308,0.337,0.018,08:13.8,100.4732645,-1.332740118
08:14.0,-0.467,0.238,0.083,08:14.0,100.381639,-1.322015736
08:14.2,-0.386,0.314,0.052,08:14.2,100.2652403,-1.308192069
08:14.4,-0.413,0.359,0.127,08:14.4,100.1747241,-1.29121558
08:14.7,-0.364,0.427,0.046,08:14.6,100.0820311,-1.275679369
08:14.9,-0.439,0.36,0.059,08:14.8,99.98684918,-1.254842142
08:15.1,-0.47,0.296,-0.026,08:15.1,99.84615324,-1.231504687
08:15.3,-0.375,0.406,0.019,08:15.3,99.75034668,-1.214949719
08:15.5,-0.481,0.475,0.015,08:15.5,99.6542621,-1.200429338
08:15.7,-0.39,0.45,0.024,08:15.8,99.53392169,-1.186241908
08:16.0,-0.477,0.365,0.021,08:16.0,99.43472199,-1.178194649
08:16.2,-0.339,0.381,0.102,08:16.2,99.31222848,-1.169175596
08:16.4,-0.323,0.509,0.027,08:16.4,99.21504571,-1.167482385
08:16.6,-0.358,0.445,0.073,08:16.6,99.11787042,-1.169081156
08:16.8,-0.394,0.44,0.055,08:16.8,98.99812698,-1.171478152
08:17.0,-0.491,0.432,0.026,08:17.0,98.90109014,-1.177012454
08:17.2,-0.397,0.484,0.018,08:17.2,98.80292474,-1.18404884
08:17.5,-0.368,0.338,0.004,08:17.5,98.68102479,-1.193322282
08:17.7,-0.506,0.369,-0.015,08:17.7,98.58269109,-1.201067002
08:17.9,-0.363,0.445,0.022,08:17.9,98.46136286,-1.210599356
08:18.1,-0.361,0.44,0.03,08:18.1,98.36013317,-1.221190431
08:18.3,-0.397,0.406,0.058,08:18.3,98.25815716,-1.231342176
08:18.5,-0.343,0.492,0.087,08:18.5,98.15601023,-1.23886986
08:18.7,-0.363,0.441,0.087,08:18.7,98.03277428,-1.24599312
08:18.9,-0.399,0.347,0.084,08:18.9,97.9298065,-1.252010985
08:19.1,-0.329,0.374,0.074,08:19.1,97.82767514,-1.255112953
08:19.3,-0.449,0.559,0.052,08:19.3,97.72677245,-1.25543232
08:19.5,-0.395,0.37,0.05,08:19.6,97.59985507,-1.255587937
08:19.8,-0.374,0.332,0.099,08:19.8,97.47357378,-1.249777824
08:20.0,-0.335,0.401,0.06,08:20.0,97.37455013,-1.241656394
08:20.2,-0.415,0.423,0.07,08:20.2,97.27480403,-1.230005333
08:20.4,-0.386,0.322,0.055,08:20.4,97.17748679,-1.218857779
08:20.6,-0.472,0.462,0.116,08:20.6,97.05930677,-1.204450983
08:20.8,-0.511,0.369,0.085,08:20.9,96.9460549,-1.177962402
08:21.1,-0.581,0.356,0.07,08:21.0,96.8443641,-1.172029191
08:21.3,-0.37,0.339,0.06,08:21.3,96.74790296,-1.155396838
08:21.5,-0.379,0.435,0.068,08:21.5,96.65175851,-1.14060038
08:21.7,-0.481,0.317,0.098,08:21.7,96.53076515,-1.12482513
08:21.9,-0.416,0.376,0.053,08:21.9,96.43211369,-1.110120219
08:22.2,-0.506,0.37,0.082,08:22.1,96.31094991,-1.095859074
08:22.4,-0.365,0.394,0.036,08:22.4,96.21424661,-1.088321002
08:22.6,-0.382,0.443,0.017,08:22.6,96.09832328,-1.084512607
08:22.8,-0.412,0.365,0.009,08:22.8,96.00575672,-1.086539779
08:23.0,-0.342,0.32,0.04,08:23.0,95.91028243,-1.091855115
08:23.2,-0.433,0.419,0.056,08:23.2,95.79434595,-1.096823463
08:23.4,-0.371,0.317,0.025,08:23.4,95.69922618,-1.104886816
08:23.6,-0.394,0.385,0.035,08:23.7,95.5822309,-1.114984696
08:23.8,-0.461,0.536,-0.004,08:23.9,95.48795176,-1.126765106
08:24.1,-0.351,0.399,0.035,08:24.1,95.38968939,-1.138875085
08:24.3,-0.467,0.418,0.009,08:24.3,95.29247912,-1.150570708
08:24.5,-0.394,0.437,-0.005,08:24.5,95.17296904,-1.163575488
08:24.7,-0.461,0.392,0.026,08:24.7,95.07543702,-1.173982949
08:24.9,-0.277,0.388,0.075,08:24.9,94.95696847,-1.181132604
08:25.1,-0.461,0.376,0.021,08:25.1,94.85895217,-1.18731089
08:25.3,-0.411,0.451,0.077,08:25.3,94.76010621,-1.191158216
08:25.5,-0.286,0.294,0.067,08:25.6,94.6390801,-1.191711035
08:25.8,-0.409,0.417,0.083,08:25.8,94.53972131,-1.18754883
08:26.0,-0.465,0.357,0.106,08:26.0,94.44104555,-1.181025121
08:26.2,-0.361,0.429,0.054,08:26.2,94.34227788,-1.171595114
08:26.4,-0.37,0.375,0.048,08:26.4,94.21824894,-1.160426431
08:26.6,-0.446,0.395,0.068,08:26.6,94.11797392,-1.148154077
08:26.8,-0.471,0.221,0.057,08:26.8,93.99484948,-1.133077149
08:27.0,-0.386,0.4,-0.002,08:27.0,93.89599319,-1.117504741
08:27.2,-0.323,0.359,0.061,08:27.2,93.79569992,-1.102270742
08:27.5,-0.358,0.284,0.076,08:27.5,93.67158531,-1.085884252
08:27.7,-0.416,0.403,0.041,08:27.7,93.57026057,-1.071667444
08:27.9,-0.324,0.326,0.065,08:27.9,93.44404444,-1.057448188
08:28.1,-0.365,0.41,0.067,08:28.1,93.34269745,-1.045052258
08:28.3,-0.441,0.432,0.071,08:28.3,93.21934536,-1.032925787
08:28.5,-0.417,0.274,0.044,08:28.5,93.11855191,-1.025116997
08:28.7,-0.324,0.336,0.041,08:28.7,93.01561636,-1.019766762
08:28.9,-0.427,0.387,0.064,08:28.9,92.91681892,-1.018032861
08:29.2,-0.362,0.368,0.071,08:29.2,92.79159819,-1.019048176
08:29.4,-0.302,0.292,0.041,08:29.4,92.69147427,-1.024142849
08:29.6,-0.416,0.448,-0.009,08:29.6,92.56970263,-1.02894091
08:29.8,-0.317,0.401,0.03,08:29.8,92.47243324,-1.035006382
08:30.0,-0.538,0.491,0.026,08:30.0,92.37311507,-1.042248313
08:30.2,-0.352,0.431,0.04,08:30.2,92.24795304,-1.050282604
08:30.4,-0.224,0.395,0.027,08:30.5,92.12559388,-1.062032523
08:30.7,-0.323,0.376,0.025,08:30.7,92.02083872,-1.062528937
08:30.9,-0.367,0.329,0.093,08:30.9,91.9199684,-1.066552472
08:31.1,-0.4,0.335,0.086,08:31.1,91.8180433,-1.070974537
08:31.3,-0.386,0.381,0.08,08:31.3,91.71566867,-1.071529166
08:31.5,-0.39,0.464,0.062,08:31.5,91.58551165,-1.070963934
08:31.7,-0.417,0.294,0.059,08:31.7,91.4844692,-1.071363928
08:31.9,-0.408,0.463,0.04,08:31.9,91.38356149,-1.068401313
08:32.1,-0.351,0.564,0.055,08:32.1,91.28544378,-1.065112357
08:32.3,-0.461,0.327,0.067,08:32.3,91.18712312,-1.061543873
08:32.5,-0.395,0.47,0.099,08:32.5,91.06188614,-1.056182304
08:32.8,-0.463,0.32,0.065,08:32.8,90.93719753,-1.04978236
08:33.0,-0.36,0.406,0.014,08:33.0,90.83795885,-1.041727126
08:33.2,-0.362,0.454,0.088,08:33.2,90.73626634,-1.030274305
08:33.4,-0.502,0.33,0.078,08:33.4,90.63541576,-1.020527497
08:33.6,-0.449,0.404,0.088,08:33.6,90.53571033,-1.010066643
08:33.8,-0.359,0.398,0.092,08:33.8,90.41041674,-0.998143062
08:34.0,-0.428,0.318,0.069,08:34.0,90.31100051,-0.986259168
08:34.2,-0.485,0.406,0.062,08:34.2,90.18691571,-0.973844141
08:34.4,-0.407,0.45,0.098,08:34.4,90.08583004,-0.963111537
08:34.7,-0.316,0.329,0.107,08:34.6,89.98534388,-0.952762239
08:34.9,-0.468,0.409,0.051,08:34.9,89.85626028,-0.944443877
08:35.1,-0.542,0.401,0.091,08:35.1,89.72905303,-0.935229724
08:35.3,-0.408,0.351,0.064,08:35.3,89.62528077,-0.929547141
08:35.5,-0.442,0.361,0.041,08:35.5,89.51937708,-0.928398932
08:35.7,-0.429,0.36,0.059,08:35.7,89.41518605,-0.929010879
08:35.9,-0.413,0.427,0.08,08:35.9,89.31054768,-0.929418627
08:36.2,-0.42,0.418,0.028,08:36.1,89.17817241,-0.929933815
08:36.4,-0.336,0.516,0.066,08:36.4,89.04687655,-0.933060079
08:36.6,-0.479,0.499,0.024,08:36.6,88.94235208,-0.937096291
08:36.8,-0.487,0.449,0.003,08:36.8,88.83930358,-0.943168502
08:37.0,-0.339,0.465,0.043,08:37.0,88.73715196,-0.94865235
08:37.2,-0.371,0.406,0.018,08:37.2,88.60856362,-0.952345196
08:37.4,-0.398,0.427,0.037,08:37.5,88.48285308,-0.955427453
08:37.6,-0.389,0.396,0.079,08:37.7,88.38236982,-0.958107158
08:37.8,-0.404,0.494,0.081,08:37.8,88.2795009,-0.958197678
08:38.1,-0.456,0.36,0.08,08:38.0,88.17704769,-0.958452423
08:38.3,-0.483,0.377,0.065,08:38.3,88.07617877,-0.958196128
08:38.5,-0.429,0.291,0.044,08:38.5,87.92658579,-0.954510984
08:38.7,-0.421,0.473,0.032,08:38.7,87.85058171,-0.953143921
08:38.9,-0.409,0.463,0.061,08:38.9,87.72705984,-0.948744143
08:39.1,-0.432,0.377,0.079,08:39.1,87.6270631,-0.943900451
08:39.3,-0.372,0.348,0.077,08:39.3,87.52613044,-0.939154953
08:39.6,-0.406,0.282,0.092,08:39.6,87.40175107,-0.932174519
08:39.8,-0.463,0.367,0.078,08:39.8,87.30159759,-0.922932097
08:40.0,-0.335,0.256,0.083,08:40.0,87.17847582,-0.914873112
08:40.2,-0.476,0.355,0.077,08:40.2,87.07739703,-0.906157507
08:40.4,-0.473,0.377,0.051,08:40.4,86.9758218,-0.896528656
08:40.6,-0.428,0.462,0.071,08:40.6,86.87322521,-0.887181517
08:40.8,-0.346,0.384,0.096,08:40.9,86.7198781,-0.873598553
08:41.0,-0.38,0.433,0.078,08:41.1,86.61560111,-0.864418209
08:41.2,-0.367,0.465,0.069,08:41.3,86.51293836,-0.852928303
08:41.5,-0.362,0.411,0.083,08:41.5,86.41091303,-0.842566213
08:41.7,-0.463,0.195,0.068,08:41.7,86.30696523,-0.832502127
08:41.9,-0.485,0.42,0.101,08:41.9,86.18133734,-0.823573499
08:42.1,-0.313,0.334,0.088,08:42.1,86.07766234,-0.816575073
08:42.3,-0.403,0.414,0.057,08:42.3,85.97512343,-0.812269987
08:42.5,-0.293,0.317,0.028,08:42.5,85.84833909,-0.807610732
08:42.7,-0.326,0.401,0.066,08:42.7,85.74772918,-0.805236467
08:42.9,-0.369,0.397,0.069,08:42.9,85.6526661,-0.806683712
08:43.2,-0.377,0.484,0.041,08:43.2,85.53299383,-0.807606195
08:43.4,-0.373,0.33,0.03,08:43.4,85.4378829,-0.809940925
08:43.6,-0.386,0.411,0.049,08:43.6,85.34616599,-0.816495221
08:43.8,-0.412,0.351,0.032,08:43.8,85.23247382,-0.822987281
08:44.0,-0.363,0.326,0.065,08:44.0,85.14120072,-0.831430455
08:44.2,-0.348,0.451,0.053,08:44.2,85.02401968,-0.840578281
08:44.4,-0.311,0.277,0.052,08:44.4,84.92954006,-0.848759068
08:44.7,-0.324,0.475,0.058,08:44.6,84.83401189,-0.854257379
08:44.9,-0.419,0.428,0.088,08:44.9,84.71356548,-0.860941594
08:45.1,-0.416,0.467,0.058,08:45.1,84.61355559,-0.864479957
08:45.3,-0.427,0.382,0.07,08:45.3,84.51174104,-0.867606848
08:45.5,-0.421,0.452,0.006,08:45.5,84.38494793,-0.867443885
08:45.7,-0.493,0.41,0.029,08:45.7,84.2834965,-0.864229902
08:45.9,-0.422,0.441,0.073,08:45.9,84.17758832,-0.858749024
08:46.1,-0.33,0.46,0.043,08:46.1,84.07296062,-0.852780919
08:46.3,-0.4,0.293,0.025,08:46.3,83.94113025,-0.830729903
08:46.5,-0.462,0.359,0.068,08:46.5,83.83345853,-0.828304009
08:46.7,-0.399,0.344,0.074,08:46.7,83.703056,-0.807800337
08:46.9,-0.506,0.437,0.091,08:46.9,83.59808185,-0.803813825
08:47.1,-0.378,0.416,0.102,08:47.2,83.49515196,-0.789908547
08:47.3,-0.435,0.4,0.114,08:47.4,83.39170733,-0.779342275
08:47.5,-0.435,0.383,0.043,08:47.6,83.28924417,-0.767476546
08:47.8,-0.463,0.392,0.067,08:47.8,83.15971851,-0.757668614
08:48.0,-0.301,0.466,0.094,08:48.0,83.0580245,-0.750808297
08:48.2,-0.45,0.271,0.065,08:48.2,82.95769114,-0.745811674
08:48.4,-0.3,0.392,0.055,08:48.4,82.86348494,-0.742498127
08:48.6,-0.341,0.142,0.025,08:48.6,82.76988342,-0.741497476
08:48.8,-0.343,0.362,0.057,08:48.8,82.65493511,-0.742331886
08:49.0,-0.257,0.39,0.058,08:49.0,82.56436714,-0.745962376
08:49.2,-0.291,0.373,0.023,08:49.3,82.4516124,-0.749062984
08:49.4,-0.359,0.401,0.021,08:49.5,82.36281759,-0.754760829
08:49.6,-0.316,0.343,0.014,08:49.6,82.26986305,-0.761574477
08:49.8,-0.339,0.468,-0.006,08:49.8,82.17651028,-0.767891241
08:50.1,-0.385,0.377,-0.006,08:50.1,82.05664766,-0.776024577
08:50.3,-0.42,0.508,0.042,08:50.3,81.96048793,-0.784672595
08:50.5,-0.482,0.491,-0.011,08:50.5,81.84251568,-0.796789274
08:50.7,-0.451,0.328,0.009,08:50.7,81.74258855,-0.800423551
08:50.9,-0.374,0.45,0.053,08:50.9,81.64264893,-0.803370764
08:51.1,-0.435,0.484,0.025,08:51.1,81.54415754,-0.805223688
08:51.3,-0.375,0.443,0.03,08:51.3,81.44611426,-0.807006909
08:51.5,-0.305,0.347,0.03,08:51.6,81.32642936,-0.808412635
08:51.7,-0.41,0.292,0.051,08:51.7,81.23234551,-0.805632519
08:51.9,-0.349,0.252,0.093,08:51.9,81.14024129,-0.801629854
08:52.1,-0.343,0.302,0.053,08:52.1,81.0505007,-0.795900152
08:52.4,-0.453,0.272,0.079,08:52.4,80.93532948,-0.788375321
08:52.6,-0.367,0.344,0.049,08:52.6,80.84539766,-0.780232184
08:52.8,-0.434,0.327,0.075,08:52.8,80.75670604,-0.770987696
08:53.0,-0.323,0.311,0.061,08:53.0,80.66779526,-0.760345243
08:53.2,-0.435,0.305,0.085,08:53.2,80.5792027,-0.750555823
08:53.4,-0.478,0.44,0.088,08:53.4,80.46683207,-0.738217492
08:53.6,-0.44,0.34,0.064,08:53.6,80.37516009,-0.725592247
08:53.8,-0.381,0.382,0.065,08:53.8,80.26075369,-0.71165377
08:54.0,-0.378,0.385,0.059,08:54.0,80.16417064,-0.700848713
08:54.2,-0.439,0.541,0.07,08:54.2,80.065679,-0.691237941
08:54.4,-0.299,0.409,0.072,08:54.4,79.96477509,-0.682775977
08:54.7,-0.495,0.478,0.007,08:54.7,79.83998788,-0.673639104
08:54.9,-0.443,0.403,0.053,08:54.9,79.73725054,-0.667023393
08:55.1,-0.508,0.363,0.112,08:55.1,79.63512438,-0.664203763
08:55.3,-0.477,0.422,0.055,08:55.3,79.51008479,-0.659261523
08:55.5,-0.493,0.516,-0.006,08:55.5,79.40715752,-0.658611987
08:55.7,-0.338,0.361,0.021,08:55.7,79.28103522,-0.656391521
08:56.0,-0.397,0.387,0.045,08:55.9,79.18011525,-0.657159073
08:56.2,-0.319,0.468,0.006,08:56.2,79.05786257,-0.660131583
08:56.4,-0.402,0.503,0.066,08:56.4,78.96033204,-0.663694874
08:56.6,-0.228,0.372,0.049,08:56.6,78.86758167,-0.66745642
08:56.8,-0.421,0.434,0.032,08:56.8,78.77440299,-0.673006962
08:57.0,-0.424,0.471,0.065,08:57.0,78.66244066,-0.676665309
08:57.2,-0.362,0.415,0.113,08:57.2,78.57005599,-0.678345599
08:57.4,-0.301,0.353,0.053,08:57.4,78.47763916,-0.679555225
08:57.6,-0.304,0.35,0.063,08:57.6,78.38613174,-0.680419048
08:57.8,-0.362,0.462,0.066,08:57.8,78.29512736,-0.67940792
08:58.0,-0.363,0.413,0.076,08:58.0,78.18106368,-0.676502127
08:58.3,-0.372,0.363,0.073,08:58.3,78.06399133,-0.673547049
08:58.5,-0.532,0.353,0.07,08:58.4,77.99193316,-0.668797701
08:58.7,-0.317,0.497,0.047,08:58.7,77.87228301,-0.661170251
08:58.9,-0.355,0.526,0.042,08:58.9,77.7737338,-0.653157972
08:59.1,-0.387,0.424,0.018,08:59.1,77.67362197,-0.645256046
08:59.3,-0.39,0.447,0.038,08:59.3,77.54709943,-0.638498817
08:59.5,-0.405,0.334,0.036,08:59.5,77.44232148,-0.629205035
08:59.7,-0.489,0.407,0.023,08:59.7,77.3345059,-0.622023035
08:59.9,-0.348,0.466,0.042,08:59.9,77.22663479,-0.612907529
09:00.1,-0.377,0.336,0.034,09:00.1,77.09322783,-0.607667447
09:00.3,-0.342,0.453,0.026,09:00.3,76.98018723,-0.60381174
09:00.5,-0.346,0.494,0.064,09:00.5,76.83962254,-0.599352972
09:00.7,-0.462,0.308,0.065,09:00.7,76.75508706,-0.596702434
09:00.9,-0.324,0.378,0.051,09:00.9,76.64101766,-0.597019732
09:01.1,-0.333,0.399,0.047,09:01.1,76.52942819,-0.597859944
09:01.3,-0.471,0.426,0.025,09:01.3,76.42044469,-0.59715289
09:01.6,-0.36,0.5,0.074,09:01.6,76.25852123,-0.597175754
09:01.8,-0.311,0.394,0.118,09:01.8,76.18085812,-0.599441226
09:02.0,-0.363,0.427,0.072,09:01.9,76.0783925,-0.600223142
09:02.2,-0.32,0.377,0.08,09:02.2,75.95376742,-0.602344339
09:02.4,-0.376,0.372,0.062,09:02.4,75.85719676,-0.602181298
09:02.6,-0.313,0.376,0.096,09:02.6,75.76323586,-0.601482865
09:02.8,-0.289,0.394,0.091,09:02.8,75.67199577,-0.600348678
09:03.0,-0.283,0.318,0.102,09:03.0,75.58366132,-0.598666249
09:03.2,-0.266,0.287,0.093,09:03.2,75.47430024,-0.596795462
09:03.4,-0.398,0.355,0.047,09:03.4,75.38759912,-0.594556438
09:03.6,-0.225,0.353,0.075,09:03.6,75.30305759,-0.591709692
09:03.8,-0.331,0.445,0.005,09:03.8,75.19726588,-0.588644265
09:04.0,-0.375,0.454,0.039,09:04.0,75.11257421,-0.586089579
09:04.2,-0.299,0.394,0.078,09:04.2,75.02583429,-0.584174247
09:04.4,-0.301,0.279,0.061,09:04.4,74.93776037,-0.583229558
09:04.6,-0.359,0.389,0.05,09:04.6,74.82836542,-0.583414184
09:04.9,-0.407,0.44,0.054,09:04.8,74.7367951,-0.581592632
09:05.1,-0.424,0.349,0.043,09:05.1,74.61894366,-0.584769003
09:05.3,-0.372,0.462,0.041,09:05.3,74.52517742,-0.583244542
09:05.5,-0.362,0.547,0.089,09:05.5,74.44786448,-0.585572371
09:05.7,-0.36,0.352,0.048,09:05.7,74.34628144,-0.587815864
09:05.9,-0.317,0.394,0.073,09:05.9,74.22375577,-0.589788319
09:06.1,-0.396,0.307,0.039,09:06.1,74.09950856,-0.589345916
09:06.3,-0.457,0.461,0.065,09:06.3,73.99954627,-0.589917291
09:06.5,-0.374,0.459,0.013,09:06.5,73.89701393,-0.586663481
09:06.7,-0.355,0.336,0.074,09:06.7,73.79340071,-0.582699365
09:06.9,-0.344,0.418,0.08,09:06.9,73.69060266,-0.578135609
09:07.1,-0.342,0.361,0.068,09:07.1,73.56415684,-0.571552349
09:07.3,-0.369,0.341,0.115,09:07.3,73.46383084,-0.564206533
09:07.5,-0.317,0.466,0.067,09:07.5,73.36533018,-0.557065872
09:07.7,-0.357,0.365,0.077,09:07.7,73.26721949,-0.547832922
09:07.9,-0.311,0.436,0.075,09:07.9,73.17097798,-0.538155515
09:08.1,-0.455,0.325,0.11,09:08.1,73.07394823,-0.527901555
09:08.4,-0.407,0.397,0.085,09:08.4,72.95548762,-0.516963073
09:08.6,-0.316,0.364,0.061,09:08.6,72.86508092,-0.510686091
09:08.8,-0.476,0.281,0.113,09:08.8,72.77705901,-0.503360251
09:09.0,-0.288,0.365,0.085,09:09.0,72.69017888,-0.498509024
09:09.2,-0.375,0.451,0.112,09:09.2,72.60528149,-0.494357383
09:09.4,-0.312,0.387,-0.001,09:09.4,72.4992997,-0.492078316
09:09.6,-0.436,0.405,0.112,09:09.6,72.39400157,-0.490886038
09:09.8,-0.297,0.345,-0.007,09:09.8,72.30695796,-0.492484388
09:10.0,-0.325,0.347,-0.033,09:10.0,72.2177574,-0.492806811
09:10.2,-0.353,0.375,0.015,09:10.2,72.12654795,-0.496039773
09:10.4,-0.357,0.411,0.035,09:10.4,72.03415618,-0.498519579
09:10.7,-0.419,0.403,0.063,09:10.7,71.91571422,-0.499936493
09:10.9,-0.359,0.36,-0.052,09:10.9,71.81713075,-0.501137597
09:11.1,-0.438,0.486,0.01,09:11.1,71.6980476,-0.502466785
09:11.3,-0.457,0.428,0.084,09:11.3,71.59491494,-0.502861801
09:11.5,-0.452,0.529,0.062,09:11.4,71.51895976,-0.502202959
09:11.6,-0.464,0.47,0.078,09:11.6,71.41753349,-0.499675113
09:11.9,-0.408,0.313,0.054,09:11.9,71.29148952,-0.497437328
09:12.1,-0.505,0.496,0.052,09:12.1,71.18928794,-0.494354181
09:12.3,-0.367,0.337,0.034,09:12.3,71.08721867,-0.489995288
09:12.5,-0.278,0.443,0.066,09:12.5,70.98783545,-0.485711644
09:12.7,-0.344,0.433,0.056,09:12.7,70.8871277,-0.480527747
09:12.9,-0.467,0.332,0.082,09:12.9,70.76642603,-0.474629227
09:13.1,-0.347,0.481,0.072,09:13.1,70.66801673,-0.470941516
09:13.3,-0.506,0.34,0.095,09:13.3,70.57164878,-0.466557629
09:13.5,-0.364,0.213,0.049,09:13.5,70.47752204,-0.463149887
09:13.7,-0.401,0.401,0.017,09:13.7,70.3821707,-0.459913426
09:13.9,-0.362,0.443,0.074,09:13.9,70.28879417,-0.455134002
09:14.1,-0.396,0.493,0.09,09:14.2,70.14619637,-0.45006139
09:14.3,-0.379,0.295,0.049,09:14.3,70.07557387,-0.446667098
09:14.5,-0.442,0.318,0.082,09:14.5,69.98143488,-0.442773548
09:14.7,-0.388,0.364,0.057,09:14.8,69.86509317,-0.435056855
09:14.9,-0.469,0.446,0.086,09:15.0,69.76994689,-0.428187931
09:15.2,-0.467,0.351,0.044,09:15.2,69.67316265,-0.420000397
09:15.4,-0.396,0.423,0.05,09:15.4,69.55465425,-0.409504189
09:15.6,-0.444,0.453,0.051,09:15.6,69.48174394,-0.39944667
09:15.8,-0.342,0.427,0.013,09:15.8,69.36314046,-0.388166953
09:16.0,-0.441,0.433,0.071,09:16.0,69.26472614,-0.376418204
09:16.2,-0.387,0.332,0.073,09:16.2,69.16607157,-0.363882697
09:16.4,-0.434,0.457,0.051,09:16.4,69.04430202,-0.352735479
09:16.6,-0.56,0.431,0.04,09:16.6,68.9434724,-0.34293622
09:16.8,-0.513,0.411,0.04,09:16.8,68.84123552,-0.331638131
09:17.0,-0.285,0.467,-0.008,09:17.0,68.72477107,-0.326782232
09:17.2,-0.395,0.378,0.004,09:17.2,68.62791682,-0.323909214
09:17.4,-0.466,0.447,0.002,09:17.4,68.52694019,-0.318188372
09:17.6,-0.406,0.418,0.077,09:17.6,68.43184665,-0.319931135
09:17.8,-0.328,0.408,0.067,09:17.8,68.34044824,-0.322501501
09:18.0,-0.306,0.38,0.047,09:18.0,68.24925266,-0.329717926
09:18.2,-0.512,0.534,0.048,09:18.2,68.1580487,-0.336143173
09:18.4,-0.5,0.402,0.033,09:18.4,68.0643122,-0.345071779
09:18.6,-0.42,0.468,-0.031,09:18.6,67.97059346,-0.354665956
09:18.9,-0.471,0.421,0.013,09:18.9,67.85244099,-0.36722033
09:19.1,-0.351,0.481,0.066,09:19.1,67.75715018,-0.376620804
09:19.2,-0.283,0.466,0.037,09:19.3,67.66253328,-0.385326401
09:19.4,-0.284,0.363,0.012,09:19.5,67.54781612,-0.395001655
09:19.6,-0.273,0.452,0.071,09:19.7,67.4486032,-0.398450148
09:19.9,-0.385,0.321,0.079,09:19.9,67.33029108,-0.399521136
09:20.1,-0.311,0.415,0.048,09:20.1,67.25068304,-0.401746112
09:20.3,-0.37,0.441,0.05,09:20.3,67.15336411,-0.399762685
09:20.5,-0.348,0.341,0.032,09:20.5,67.05512582,-0.394821695
09:20.7,-0.383,0.357,0.048,09:20.7,66.95766812,-0.386819077
09:20.9,-0.412,0.415,0.075,09:20.9,66.83670304,-0.373688956
09:21.1,-0.43,0.403,0.074,09:21.1,66.73061359,-0.371952369
09:21.3,-0.381,0.477,0.069,09:21.3,66.62636419,-0.363234294
09:21.5,-0.381,0.324,0.042,09:21.5,66.52534777,-0.35364606
09:21.7,-0.387,0.453,0.065,09:21.7,66.42430765,-0.341952159
09:21.9,-0.457,0.487,0.044,09:21.8,66.34444209,-0.33256433
09:22.1,-0.423,0.393,0.102,09:22.1,66.21681339,-0.320653965
09:22.3,-0.488,0.37,0.034,09:22.3,66.08654126,-0.309849195
09:22.5,-0.409,0.422,0.078,09:22.5,66.00839615,-0.301530864
09:22.7,-0.416,0.4,0.076,09:22.7,65.90512111,-0.291303283
09:22.9,-0.385,0.518,0.077,09:22.9,65.8047114,-0.281725103
09:23.1,-0.377,0.447,0.087,09:23.1,65.70800217,-0.274337737
09:23.3,-0.406,0.407,0.075,09:23.3,65.6086745,-0.267019702
09:23.5,-0.353,0.329,0.061,09:23.5,65.48778946,-0.257009031
09:23.7,-0.501,0.395,0.059,09:23.7,65.3940399,-0.250866111
09:23.9,-0.35,0.354,0.067,09:23.9,65.30026623,-0.247014137
09:24.1,-0.413,0.326,0.065,09:24.1,65.2098309,-0.244268257
09:24.3,-0.349,0.417,0.04,09:24.3,65.09751491,-0.241737368
09:24.5,-0.502,0.456,0.039,09:24.5,65.00677252,-0.2426682
09:24.7,-0.379,0.395,0.075,09:24.7,64.89160326,-0.24505132
09:24.9,-0.261,0.367,0.017,09:24.9,64.79743203,-0.250547023
09:25.1,-0.348,0.35,0.028,09:25.1,64.7037662,-0.256877883
09:25.3,-0.373,0.348,0.048,09:25.3,64.62999562,-0.264934905
09:25.5,-0.366,0.342,0.048,09:25.5,64.53308819,-0.2738174
09:25.7,-0.331,0.434,0.05,09:25.7,64.40997537,-0.283853596
09:25.9,-0.432,0.411,0.06,09:25.9,64.30942024,-0.293166658
09:26.1,-0.446,0.305,0.046,09:26.1,64.20856807,-0.30407413
09:26.3,-0.32,0.315,0.033,09:26.3,64.10617004,-0.311948177
09:26.5,-0.416,0.422,0.003,09:26.5,64.00098618,-0.318697736
09:26.7,-0.409,0.36,0.057,09:26.7,63.89541489,-0.323053685
09:26.9,-0.349,0.369,0.016,09:26.9,63.76573952,-0.328106384
09:27.1,-0.336,0.303,0.018,09:27.2,63.64781448,-0.32355969
09:27.3,-0.382,0.335,0.066,09:27.3,63.55736765,-0.325328861
09:27.5,-0.299,0.399,0.025,09:27.5,63.45454213,-0.320780374
09:27.7,-0.428,0.476,0.058,09:27.7,63.35155503,-0.312755595
09:27.9,-0.362,0.398,0.105,09:27.9,63.24725699,-0.303574584
09:28.1,-0.453,0.387,0.059,09:28.1,63.12002613,-0.29168341
09:28.4,-0.433,0.472,0.127,09:28.4,63.00806058,-0.267329085
09:28.6,-0.376,0.382,0.061,09:28.5,62.91890975,-0.263596178
09:28.8,-0.407,0.419,0.042,09:28.8,62.82002234,-0.246312148
09:28.9,-0.373,0.386,0.079,09:29.0,62.72097226,-0.230998007
09:29.1,-0.345,0.383,0.117,09:29.1,62.6209971,-0.216585616
09:29.4,-0.477,0.305,0.087,09:29.4,62.49681878,-0.199111305
09:29.6,-0.352,0.331,0.1,09:29.6,62.39630129,-0.183349356
09:29.8,-0.473,0.333,0.098,09:29.8,62.29592519,-0.169281342
09:30.0,-0.51,0.369,0.057,09:30.0,62.19696512,-0.153742476
09:30.2,-0.373,0.401,0.057,09:30.2,62.09946665,-0.141386533
09:30.4,-0.263,0.372,0.047,09:30.4,62.00491048,-0.131030438
09:30.6,-0.47,0.436,0.052,09:30.6,61.88525557,-0.120299294
09:30.8,-0.488,0.485,0.056,09:30.8,61.78962503,-0.115047747
09:31.0,-0.466,0.457,0.011,09:31.0,61.71549758,-0.11418138
09:31.2,-0.384,0.379,0.03,09:31.2,61.61818995,-0.116549335
09:31.4,-0.357,0.52,-0.002,09:31.3,61.5215214,-0.119880347
09:31.6,-0.265,0.543,0.02,09:31.5,61.42142269,-0.129238702
09:31.8,-0.358,0.403,0.031,09:31.8,61.29949664,-0.137930007
09:32.0,-0.462,0.38,0.045,09:32.0,61.19612659,-0.153323252
09:32.2,-0.292,0.471,0.032,09:32.2,61.09263817,-0.16800118
09:32.4,-0.482,0.458,0.047,09:32.3,60.99080152,-0.185320913
09:32.5,-0.42,0.461,0.045,09:32.5,60.89039122,-0.205994719
09:32.7,-0.341,0.469,0.042,09:32.8,60.78966644,-0.224292216
09:33.0,-0.437,0.386,0.046,09:32.9,60.68655669,-0.24048543
09:33.2,-0.234,0.255,0.055,09:33.2,60.58782675,-0.257140234
09:33.3,-0.425,0.334,0.073,09:33.3,60.48678744,-0.268086448
09:33.5,-0.402,0.31,0.1,09:33.5,60.38641663,-0.273832205
09:33.7,-0.327,0.434,0.068,09:33.7,60.28875635,-0.277942243
09:33.9,-0.438,0.406,0.037,09:33.9,60.1908894,-0.277861157
09:34.1,-0.43,0.367,0.077,09:34.1,60.09387115,-0.272632279
09:34.3,-0.432,0.344,0.089,09:34.3,59.99782662,-0.262859126
09:34.5,-0.503,0.343,0.035,09:34.5,59.89840922,-0.248257493
09:34.7,-0.515,0.345,0.081,09:34.7,59.78222401,-0.211540787
09:34.9,-0.339,0.387,0.068,09:34.9,59.68670534,-0.191502017
09:35.1,-0.515,0.235,0.028,09:35.1,59.60498815,-0.186765012
09:35.3,-0.377,0.377,0.069,09:35.3,59.50613938,-0.161235247
09:35.5,-0.446,0.276,0.065,09:35.5,59.38195843,-0.132823267
09:35.7,-0.449,0.389,0.064,09:35.7,59.28548084,-0.107807581
09:35.9,-0.495,0.319,0.082,09:35.9,59.18694282,-0.082651639
09:36.1,-0.45,0.28,0.031,09:36.1,59.11155523,-0.064726848
09:36.3,-0.424,0.38,0.048,09:36.3,58.98864871,-0.041018986
09:36.5,-0.377,0.374,0.027,09:36.5,58.89070933,-0.025261789
09:36.7,-0.306,0.406,0.051,09:36.7,58.79401705,-0.017401007
09:36.9,-0.267,0.335,0.049,09:36.9,58.69706615,-0.012276931
09:37.1,-0.47,0.347,0.041,09:37.1,58.60005178,-0.012135312
09:37.3,-0.437,0.378,0.025,09:37.3,58.50558253,-0.015745421
09:37.5,-0.272,0.448,0.044,09:37.5,58.40985329,-0.026204366
09:37.7,-0.437,0.406,0.067,09:37.7,58.29079194,-0.037770078
09:37.9,-0.414,0.493,0.059,09:37.9,58.19401057,-0.055418525
09:38.1,-0.409,0.316,0.015,09:38.1,58.09702904,-0.072358886
09:38.3,-0.315,0.483,0.074,09:38.3,57.99793691,-0.090755798
09:38.5,-0.335,0.483,0.029,09:38.5,57.92246251,-0.107268693
09:38.7,-0.344,0.415,0.038,09:38.7,57.82519777,-0.123834449
09:38.9,-0.203,0.482,0.077,09:38.9,57.70305772,-0.138601805
09:39.1,-0.324,0.381,0.074,09:39.1,57.60402123,-0.150799646
09:39.3,-0.354,0.333,0.057,09:39.3,57.50607899,-0.160359315
09:39.5,-0.364,0.289,0.058,09:39.5,57.39498726,-0.159696494
09:39.7,-0.501,0.428,0.108,09:39.7,57.3070264,-0.164138841
09:39.9,-0.355,0.394,0.064,09:39.9,57.20818074,-0.159217991
09:40.1,-0.436,0.259,0.106,09:40.1,57.10647315,-0.14903739
09:40.3,-0.378,0.42,0.042,09:40.3,57.00471012,-0.13547108
09:40.5,-0.385,0.41,0.066,09:40.5,56.90278022,-0.118648473
09:40.7,-0.335,0.4,0.097,09:40.7,56.80035313,-0.100275443
09:40.9,-0.411,0.32,0.067,09:40.9,56.70002836,-0.079494127
09:41.0,-0.403,0.339,0.059,09:41.0,56.59835732,-0.057689372
09:41.3,-0.328,0.24,0.091,09:41.3,56.47225397,-0.033848457
09:41.5,-0.372,0.191,0.106,09:41.5,56.36756405,-0.014235675
09:41.7,-0.39,0.35,0.065,09:41.7,56.26733459,0.006144636
09:41.9,-0.409,0.317,0.07,09:41.9,56.16731766,0.023591522
09:42.1,-0.326,0.328,0.11,09:42.1,56.0706903,0.036225046
09:42.2,-0.367,0.336,0.077,09:42.2,56.00204674,0.045277241
09:42.5,-0.35,0.37,0.033,09:42.5,55.88610984,0.054251344
09:42.7,-0.383,0.279,0.062,09:42.7,55.79743562,0.058430444
09:42.9,-0.151,0.29,0.047,09:42.9,55.71239619,0.059437192
09:43.0,-0.388,0.304,0.058,09:43.1,55.62694755,0.058046483
09:43.2,-0.38,0.324,0.046,09:43.3,55.53710694,0.044501626
09:43.4,-0.295,0.297,0.085,09:43.4,55.45982679,0.047780288
09:43.6,-0.337,0.414,0.035,09:43.6,55.37758052,0.036709278
09:43.8,-0.334,0.448,0.059,09:43.8,55.2944014,0.024306844
09:44.0,-0.34,0.273,0.012,09:44.0,55.20743673,0.010049074
09:44.2,-0.223,0.454,0.028,09:44.2,55.10178606,-0.017290104
09:44.4,-0.375,0.386,0.004,09:44.4,55.02814383,-0.019731016
09:44.6,-0.394,0.366,0.03,09:44.6,54.93601851,-0.034276292
09:44.8,-0.463,0.403,0.021,09:44.8,54.84123136,-0.046977971
09:45.0,-0.453,0.439,0.027,09:45.0,54.74585236,-0.0546906
09:45.2,-0.341,0.371,0.051,09:45.2,54.65018391,-0.060678482
09:45.4,-0.345,0.299,0.038,09:45.4,54.55310622,-0.064780447
09:45.6,-0.355,0.409,0.05,09:45.6,54.43728997,-0.058457298
09:45.8,-0.423,0.241,0.052,09:45.8,54.35319685,-0.0617824
09:46.0,-0.323,0.48,0.053,09:46.0,54.25164238,-0.057704356
09:46.2,-0.348,0.343,0.052,09:46.2,54.15000071,-0.047144904
09:46.4,-0.342,0.428,0.044,09:46.4,54.04835332,-0.034701789
09:46.6,-0.483,0.321,0.058,09:46.6,53.94804265,-0.021738119
09:46.8,-0.535,0.359,0.064,09:46.8,53.84807182,-0.00768619
09:47.0,-0.473,0.392,0.038,09:47.0,53.74589537,0.010054322
09:47.2,-0.399,0.321,0.025,09:47.2,53.62202943,0.030733541
09:47.4,-0.379,0.334,0.034,09:47.4,53.52302145,0.048466169
09:47.6,-0.341,0.411,0.005,09:47.6,53.42757475,0.066358153
09:47.8,-0.524,0.396,0.024,09:47.8,53.33246727,0.083677889
09:48.0,-0.334,0.273,0.024,09:48.0,53.23751812,0.096239057
09:48.1,-0.31,0.395,0.009,09:48.2,53.14503908,0.106889842
09:48.4,-0.291,0.391,0.027,09:48.4,53.05086408,0.115641364
09:48.6,-0.395,0.325,0.052,09:48.6,52.95806384,0.120840082
09:48.8,-0.479,0.415,0.045,09:48.8,52.86538143,0.122700248
09:49.0,-0.33,0.529,0.057,09:49.0,52.77378439,0.120904974
09:49.1,-0.336,0.356,0.064,09:49.1,52.6827747,0.117107126
09:49.3,-0.329,0.38,0.033,09:49.3,52.59150452,0.111648112
09:49.5,-0.43,0.373,0.022,09:49.5,52.47501487,0.105883522
09:49.7,-0.334,0.391,0.067,09:49.7,52.38409271,0.097085377
09:49.9,-0.373,0.294,0.051,09:49.9,52.29031127,0.081698637
09:50.1,-0.372,0.38,0.041,09:50.1,52.21828103,0.081994192
09:50.3,-0.479,0.292,0.066,09:50.3,52.12364157,0.075553505
09:50.5,-0.376,0.471,0.042,09:50.5,52.01243771,0.070410139
09:50.7,-0.44,0.394,0.053,09:50.7,51.912916,0.069441314
09:50.9,-0.268,0.441,0.048,09:50.9,51.81428002,0.069144957
09:51.1,-0.298,0.399,0.016,09:51.1,51.71861091,0.071327417
09:51.3,-0.35,0.341,0.078,09:51.3,51.64493519,0.076587541
09:51.5,-0.507,0.38,0.086,09:51.5,51.54659534,0.083665231
09:51.7,-0.409,0.327,0.036,09:51.7,51.43662975,0.104500029
09:51.9,-0.342,0.387,0.086,09:51.9,51.3321921,0.10738039
09:52.1,-0.339,0.361,0.046,09:52.1,51.23320614,0.120888879
09:52.3,-0.37,0.418,0.067,09:52.3,51.13704956,0.133633918
09:52.5,-0.332,0.382,0.053,09:52.5,51.06172722,0.147358573
09:52.7,-0.348,0.334,0.062,09:52.7,50.96402371,0.159627115
09:52.9,-0.441,0.302,0.058,09:52.9,50.86376036,0.174706474
09:53.1,-0.298,0.395,0.095,09:53.1,50.74179378,0.18958794
09:53.3,-0.38,0.388,0.095,09:53.3,50.64407229,0.201558508
09:53.5,-0.422,0.403,0.074,09:53.5,50.54856545,0.212840974
09:53.7,-0.286,0.28,0.076,09:53.7,50.45506372,0.221150633
09:53.9,-0.385,0.416,0.032,09:53.9,50.35345257,0.226430937
09:54.0,-0.442,0.427,0.084,09:54.0,50.26879362,0.232122704
09:54.3,-0.296,0.364,0.072,09:54.3,50.16307406,0.231369068
09:54.5,-0.257,0.386,0.083,09:54.4,50.08687105,0.235369879
09:54.6,-0.436,0.293,0.05,09:54.7,49.9942656,0.232640202
09:54.8,-0.374,0.434,0.004,09:54.9,49.8858745,0.219002877
09:55.0,-0.462,0.361,0.072,09:55.0,49.80805863,0.220282173
09:55.2,-0.307,0.456,0.024,09:55.2,49.71477692,0.2100454
09:55.4,-0.402,0.526,0.01,09:55.4,49.61554231,0.199189308
09:55.6,-0.358,0.333,0.041,09:55.6,49.51526243,0.185524405
09:55.8,-0.355,0.431,0.056,09:55.8,49.41237311,0.17215938
09:56.0,-0.373,0.276,0.043,09:56.0,49.29171373,0.151246916
09:56.2,-0.455,0.271,0.042,09:56.2,49.20662012,0.14722473
09:56.4,-0.33,0.347,0.082,09:56.4,49.10481527,0.136612281
09:56.6,-0.37,0.535,0.074,09:56.6,49.00271726,0.124886689
09:56.8,-0.417,0.317,0.051,09:56.8,48.9004067,0.115959097
09:57.0,-0.33,0.301,0.069,09:57.0,48.80110775,0.111657938
09:57.2,-0.274,0.376,0.011,09:57.2,48.69315538,0.117466085
09:57.4,-0.352,0.223,0.036,09:57.4,48.6063153,0.114227573
09:57.6,-0.408,0.352,0.097,09:57.6,48.51088733,0.120113613
09:57.8,-0.396,0.313,0.086,09:57.8,48.41618951,0.127586149
09:58.0,-0.435,0.336,0.048,09:58.0,48.3219801,0.138527633
09:58.2,-0.359,0.279,0.118,09:58.2,48.22966436,0.150065751
09:58.4,-0.366,0.386,0.028,09:58.4,48.12284355,0.174928908
09:58.5,-0.355,0.259,0.057,09:58.5,48.04064753,0.178469882
09:58.7,-0.433,0.338,0.071,09:58.7,47.94611496,0.19283276
09:58.9,-0.441,0.324,0.059,09:58.9,47.84818239,0.207300387
09:59.1,-0.363,0.341,0.041,09:59.1,47.75039695,0.218585964
09:59.3,-0.353,0.334,0.05,09:59.3,47.64938866,0.22813745
09:59.5,-0.342,0.33,0.015,09:59.5,47.53328639,0.23639339
09:59.7,-0.359,0.394,0.061,09:59.7,47.44820331,0.242502293
09:59.9,-0.381,0.433,0.045,09:59.9,47.34717334,0.245396009
10:00.1,-0.424,0.473,0.047,10:00.1,47.24341278,0.248353021
10:00.3,-0.412,0.428,0.038,10:00.3,47.13863244,0.246844327
10:00.5,-0.432,0.482,0.052,10:00.5,47.03572789,0.243950643
10:00.7,-0.331,0.523,0.027,10:00.7,46.93026811,0.239346864
10:00.9,-0.446,0.453,0.076,10:00.9,46.82724861,0.235177596
10:01.1,-0.381,0.434,0.028,10:01.1,46.71390674,0.221980906
10:01.3,-0.403,0.42,0.033,10:01.3,46.60261371,0.223462845
10:01.5,-0.377,0.341,0.062,10:01.5,46.50602133,0.215735293
10:01.7,-0.415,0.452,0.052,10:01.7,46.43339408,0.207427228
10:01.9,-0.366,0.316,0.081,10:01.9,46.3373936,0.197855639
10:02.1,-0.347,0.416,0.054,10:02.1,46.24478092,0.190991743
10:02.2,-0.318,0.393,0.074,10:02.3,46.14340534,0.177187891
10:02.5,-0.405,0.351,0.047,10:02.5,46.04168398,0.172730352
10:02.7,-0.364,0.424,0.044,10:02.7,45.94628547,0.170833563
10:02.9,-0.261,0.362,0.056,10:02.8,45.8797534,0.167148716
10:03.1,-0.44,0.43,0.049,10:03.0,45.79036854,0.164895918
10:03.2,-0.388,0.223,0.02,10:03.2,45.70215439,0.166229411
10:03.4,-0.411,0.434,0.092,10:03.4,45.61174827,0.168788235
10:03.6,-0.385,0.322,0.074,10:03.6,45.49771209,0.173791903
10:03.8,-0.298,0.395,0.058,10:03.8,45.40643383,0.180623305
10:04.0,-0.372,0.309,0.098,10:04.0,45.31499263,0.191789872
10:04.2,-0.364,0.405,0.064,10:04.2,45.2439895,0.202595806
10:04.4,-0.478,0.33,0.078,10:04.4,45.15049792,0.217105814
10:04.6,-0.522,0.471,0.077,10:04.6,45.05137075,0.233690995
10:04.8,-0.398,0.326,0.075,10:04.8,44.92486818,0.251880956
10:05.0,-0.51,0.366,0.059,10:05.0,44.82074948,0.269659187
10:05.2,-0.427,0.395,0.05,10:05.2,44.7107927,0.28630172
10:05.4,-0.459,0.439,0.08,10:05.4,44.62571892,0.297740414
10:05.6,-0.462,0.419,0.074,10:05.6,44.51428158,0.308212849
10:05.8,-0.459,0.43,0.103,10:05.8,44.4004743,0.317657794
10:06.0,-0.345,0.362,0.079,10:06.0,44.25932695,0.325272472
10:06.2,-0.381,0.45,0.041,10:06.2,44.14398022,0.328987452
10:06.4,-0.299,0.455,0.063,10:06.4,44.03213565,0.327990029
10:06.6,-0.407,0.436,0.058,10:06.6,43.95055091,0.323782906
10:06.8,-0.364,0.443,0.108,10:06.8,43.84427052,0.318317101
10:07.0,-0.407,0.367,0.041,10:06.9,43.74031343,0.312696576
10:07.2,-0.311,0.239,0.015,10:07.2,43.61472907,0.306573976
10:07.4,-0.383,0.451,0.065,10:07.4,43.51906991,0.300804561
10:07.5,-0.401,0.348,0.063,10:07.6,43.4277133,0.293761556
10:07.7,-0.256,0.43,0.097,10:07.7,43.36458163,0.286562311
10:07.9,-0.387,0.427,0.047,10:07.9,43.27934605,0.280542237
10:08.1,-0.324,0.4,0.074,10:08.1,43.19612574,0.27769536
10:08.3,-0.367,0.362,-0.023,10:08.3,43.09365946,0.277354485
10:08.5,-0.336,0.364,0.021,10:08.5,43.01174206,0.278365194
10:08.7,-0.314,0.375,0.052,10:08.7,42.93273614,0.281127943
10:08.9,-0.31,0.2,0.041,10:08.9,42.84867559,0.287735085
10:09.1,-0.367,0.307,0.089,10:09.1,42.76672105,0.29563855
10:09.3,-0.419,0.363,0.021,10:09.3,42.70651536,0.300199544
10:09.5,-0.436,0.246,0.028,10:09.5,42.59767875,0.310502801
10:09.7,-0.44,0.369,0.042,10:09.7,42.50817457,0.321971706
10:09.9,-0.382,0.333,0.084,10:09.9,42.41576131,0.328395388
10:10.1,-0.406,0.34,0.045,10:10.1,42.3008219,0.339562063
10:10.3,-0.39,0.459,0.043,10:10.3,42.22402763,0.342979148
10:10.5,-0.502,0.373,0,10:10.5,42.12403732,0.34766678
10:10.7,-0.425,0.302,0.043,10:10.7,42.02250824,0.349702394
10:10.9,-0.409,0.35,0.03,10:10.9,41.92126047,0.352936828
10:11.1,-0.457,0.3,0.019,10:11.1,41.81497083,0.351874089
10:11.3,-0.414,0.352,0.038,10:11.3,41.68627774,0.349202866
10:11.5,-0.454,0.447,0.088,10:11.4,41.59852842,0.351426725
10:11.7,-0.3,0.446,0.028,10:11.7,41.49226648,0.350651987
10:11.9,-0.413,0.302,0.035,10:11.9,41.381674,0.349726876
10:12.1,-0.384,0.467,0.023,10:12.1,41.27583786,0.34944507
10:12.3,-0.385,0.414,0.005,10:12.3,41.16711091,0.34829207
10:12.4,-0.487,0.363,0.129,10:12.4,41.06216238,0.348820528
10:12.6,-0.369,0.279,0.04,10:12.6,40.95647524,0.353324629
10:12.8,-0.453,0.376,0.049,10:12.8,40.85339205,0.360197547
10:13.0,-0.439,0.335,0.061,10:13.0,40.74614071,0.371699732
10:13.2,-0.526,0.344,0.043,10:13.2,40.64499973,0.382095627
10:13.4,-0.322,0.407,0.079,10:13.4,40.5457374,0.393990039
10:13.6,-0.339,0.408,0.057,10:13.6,40.4500804,0.405860151
10:13.8,-0.445,0.397,0.061,10:13.8,40.35493428,0.419566421
10:14.0,-0.303,0.223,0.02,10:14.0,40.25568112,0.43898631
10:14.2,-0.318,0.26,0.071,10:14.2,40.15109421,0.447340437
10:14.4,-0.44,0.397,0.025,10:14.4,40.06258087,0.458810326
10:14.6,-0.43,0.27,0.05,10:14.6,39.97849508,0.46802134
10:14.8,-0.297,0.311,0.093,10:14.8,39.91526333,0.475868925
10:15.0,-0.315,0.319,0.056,10:15.0,39.8339133,0.481160222
10:15.2,-0.418,0.385,0.047,10:15.2,39.75320476,0.484703759
10:15.4,-0.366,0.3,0.053,10:15.4,39.65373188,0.48550828
10:15.6,-0.375,0.363,0.056,10:15.6,39.57471807,0.482439045
10:15.8,-0.286,0.457,0,10:15.8,39.49513621,0.476113991
10:16.0,-0.335,0.338,-0.004,10:16.0,39.43378557,0.467169399
10:16.2,-0.347,0.378,0.008,10:16.2,39.3469504,0.45702511
10:16.4,-0.351,0.405,0.042,10:16.4,39.25717889,0.44753516
10:16.6,-0.395,0.419,-0.002,10:16.6,39.14611036,0.43496588
10:16.8,-0.386,0.39,0.027,10:16.8,39.05139871,0.423533932
10:17.0,-0.378,0.483,0,10:17.0,38.95129619,0.411689797
10:17.1,-0.375,0.437,0.058,10:17.1,38.87079667,0.403787605
10:17.3,-0.434,0.472,0.066,10:17.3,38.76484774,0.397536592
10:17.5,-0.384,0.467,0.059,10:17.5,38.65740034,0.392849647
10:17.7,-0.422,0.44,0.049,10:17.8,38.52611709,0.391385799
10:17.9,-0.333,0.368,0.066,10:18.0,38.41601661,0.395183015
10:18.1,-0.422,0.427,0.06,10:18.1,38.30496355,0.401116659
10:18.3,-0.417,0.366,0.059,10:18.3,38.22078451,0.412255828
10:18.5,-0.373,0.374,0.04,10:18.5,38.11193781,0.424627573
10:18.7,-0.494,0.406,0.047,10:18.7,38.00413695,0.437487269
10:18.9,-0.372,0.335,0.134,10:18.9,37.86856918,0.452073369
10:19.1,-0.354,0.377,0.099,10:19.1,37.76165837,0.467603759
10:19.3,-0.353,0.424,0.046,10:19.3,37.68022386,0.483450366
10:19.5,-0.411,0.253,0.085,10:19.5,37.57144708,0.503858301
10:19.7,-0.364,0.433,0.109,10:19.7,37.44790749,0.519293839
10:19.9,-0.429,0.317,0.079,10:19.9,37.37659107,0.533164684
10:20.1,-0.346,0.393,0.064,10:20.1,37.26082684,0.546830061
10:20.3,-0.428,0.272,0.037,10:20.3,37.1729493,0.557038371
10:20.5,-0.269,0.301,0.047,10:20.5,37.08979113,0.560612647
10:20.7,-0.349,0.227,0.05,10:20.6,37.0330413,0.560188125
10:20.9,-0.211,0.416,0.087,10:20.8,36.95654413,0.556827777
10:21.0,-0.236,0.334,0.075,10:21.0,36.88228882,0.54936716
10:21.3,-0.29,0.457,0.095,10:21.3,36.78685976,0.540559421
10:21.5,-0.289,0.371,0.055,10:21.5,36.71439729,0.526798187
10:21.6,-0.321,0.362,0.083,10:21.6,36.64397115,0.509134591
10:21.8,-0.257,0.33,0.055,10:21.8,36.5680042,0.492272821
10:22.0,-0.303,0.462,-0.003,10:22.0,36.4899781,0.473424747
10:22.2,-0.387,0.364,0.025,10:22.2,36.42678375,0.45739738
10:22.4,-0.362,0.392,0.035,10:22.4,36.32151698,0.439847619
10:22.6,-0.377,0.425,0.009,10:22.6,36.23315754,0.421973733
10:22.8,-0.34,0.455,0.021,10:22.8,36.14347158,0.407665716
10:23.0,-0.46,0.327,0.016,10:23.0,36.0515271,0.397471358
10:23.2,-0.485,0.432,-0.014,10:23.2,35.95716676,0.389672646
10:23.4,-0.433,0.469,0.063,10:23.4,35.87977655,0.386745247
10:23.6,-0.374,0.423,0.016,10:23.6,35.75529763,0.384896691
10:23.8,-0.5,0.234,-0.007,10:23.8,35.64866703,0.389187889
10:24.0,-0.4,0.43,0,10:24.0,35.53826194,0.398909879
10:24.2,-0.481,0.398,0.068,10:24.2,35.42865174,0.409248406
10:24.4,-0.411,0.286,0.051,10:24.3,35.34060201,0.421122442
10:24.6,-0.477,0.413,0.129,10:24.5,35.2293235,0.433695248
10:24.8,-0.491,0.367,0.075,10:24.8,35.08642396,0.450877934
10:25.0,-0.496,0.364,0.068,10:25.0,34.96868728,0.468930024
10:25.2,-0.519,0.341,0.041,10:25.2,34.85689311,0.485797559
10:25.4,-0.44,0.474,0.092,10:25.4,34.73088815,0.512855792
10:25.6,-0.349,0.373,0.088,10:25.5,34.633315,0.52040603
10:25.7,-0.409,0.447,0.036,10:25.8,34.5288427,0.532886888
10:26.0,-0.398,0.348,0.013,10:26.0,34.42656817,0.544714835
10:26.2,-0.351,0.479,0.039,10:26.2,34.32605296,0.552560472
10:26.3,-0.465,0.291,0.008,10:26.3,34.23076623,0.55598496
10:26.5,-0.349,0.423,0.032,10:26.5,34.13848814,0.561105767
10:26.7,-0.327,0.452,0.036,10:26.7,34.04759985,0.563537268
10:26.9,-0.402,0.385,0.005,10:26.9,33.96042803,0.562454649
10:27.1,-0.36,0.438,0.066,10:27.1,33.87423212,0.562608254
10:27.3,-0.371,0.303,0.071,10:27.3,33.7868222,0.56055852
10:27.5,-0.323,0.39,0.042,10:27.5,33.7025156,0.558667089
10:27.7,-0.37,0.333,0.004,10:27.7,33.60884599,0.548647381
10:27.9,-0.292,0.356,0.016,10:27.9,33.53223464,0.551055705
10:28.1,-0.321,0.41,0.057,10:28.1,33.44256094,0.549921457
10:28.3,-0.385,0.334,-0.01,10:28.3,33.35191793,0.547805789
10:28.5,-0.404,0.46,0,10:28.5,33.26532416,0.543628327
10:28.7,-0.474,0.434,0.012,10:28.7,33.17255209,0.544749416
10:28.9,-0.552,0.366,0.045,10:28.9,33.07654575,0.544826168
10:29.1,-0.531,0.358,0.094,10:29.1,32.98255432,0.544276407
10:29.3,-0.367,0.475,0.043,10:29.3,32.884767,0.545826765
10:29.5,-0.331,0.437,0.061,10:29.5,32.78153264,0.548808139
10:29.7,-0.392,0.408,0.048,10:29.7,32.68157473,0.551592528
10:29.8,-0.338,0.302,0.065,10:29.9,32.58501728,0.555496484
10:30.0,-0.437,0.404,0.028,10:30.0,32.48406563,0.560464846
10:30.2,-0.332,0.412,0.048,10:30.2,32.38374221,0.568811699
10:30.4,-0.388,0.302,0.026,10:30.4,32.28620825,0.572973745
10:30.6,-0.495,0.256,0.108,10:30.6,32.18616815,0.580517568
10:30.8,-0.473,0.284,0.102,10:30.8,32.08821398,0.588737099
10:31.0,-0.418,0.274,0.072,10:31.0,31.99000418,0.597080673
10:31.2,-0.459,0.353,0.084,10:31.2,31.88740146,0.608319845
10:31.4,-0.417,0.297,0.061,10:31.4,31.78758334,0.617441608
10:31.6,-0.515,0.471,0.092,10:31.6,31.68663766,0.627202408
10:31.8,-0.478,0.491,0.073,10:31.8,31.58284544,0.637618464
10:32.0,-0.295,0.465,0.102,10:32.0,31.47737174,0.647924548
10:32.2,-0.415,0.457,0.066,10:32.2,31.37211644,0.657859215
10:32.4,-0.286,0.279,0.087,10:32.4,31.26817558,0.667583579
10:32.6,-0.375,0.464,0.044,10:32.6,31.15824755,0.681629253
10:32.8,-0.494,0.363,0.038,10:32.8,31.05571106,0.689161243
10:33.0,-0.301,0.395,0.058,10:33.0,30.95165998,0.698450329
10:33.2,-0.391,0.369,0.036,10:33.2,30.84808098,0.706227677
10:33.4,-0.376,0.364,0.06,10:33.4,30.74731362,0.711384098
10:33.6,-0.361,0.384,0.037,10:33.6,30.63863859,0.713292845
10:33.7,-0.436,0.393,0.012,10:33.7,30.54932889,0.717814002
10:33.9,-0.365,0.412,0.085,10:33.9,30.45452123,0.720637273
10:34.1,-0.43,0.341,-0.032,10:34.1,30.35873673,0.721568975
10:34.3,-0.253,0.3,0.016,10:34.3,30.26571024,0.722248583
10:34.5,-0.494,0.35,0.055,10:34.5,30.17036298,0.721868246
10:34.7,-0.443,0.281,0.019,10:34.7,30.06493856,0.720549596
10:34.9,-0.407,0.418,0.033,10:34.9,29.98166407,0.72259494
10:35.1,-0.424,0.383,0.081,10:35.1,29.9136475,0.71969107
10:35.3,-0.372,0.362,0.082,10:35.3,29.7976717,0.716354881
10:35.5,-0.387,0.316,0.035,10:35.5,29.70475838,0.713932672
10:35.7,-0.384,0.427,0.059,10:35.7,29.59737992,0.711823079
10:35.9,-0.37,0.37,0.081,10:35.9,29.51696903,0.711945973
10:36.1,-0.375,0.367,0.063,10:36.1,29.42373457,0.712190495
10:36.3,-0.491,0.426,-0.015,10:36.3,29.33057278,0.710411212
10:36.5,-0.424,0.38,0.071,10:36.5,29.2341858,0.709983577
10:36.7,-0.5,0.346,0.08,10:36.7,29.13810442,0.712202299
10:36.9,-0.304,0.33,0.134,10:36.9,29.04384076,0.71315024
10:37.1,-0.41,0.427,0.051,10:37.0,28.94209929,0.717492906
10:37.3,-0.482,0.419,0.024,10:37.2,28.84049579,0.720375926
10:37.4,-0.364,0.422,0.062,10:37.5,28.73931484,0.722879584
10:37.7,-0.512,0.385,0.04,10:37.7,28.63599476,0.726703202
10:37.9,-0.428,0.431,0.073,10:37.9,28.53223587,0.72942052
10:38.0,-0.41,0.427,0.054,10:38.1,28.42903312,0.734785538
10:38.2,-0.392,0.414,0.107,10:38.2,28.32526119,0.740294192
10:38.4,-0.424,0.407,0.048,10:38.4,28.22262069,0.745372361
10:38.6,-0.419,0.389,0.054,10:38.6,28.1220976,0.747982594
10:38.8,-0.355,0.359,0.087,10:38.8,28.02108333,0.754887975
10:39.0,-0.446,0.394,0.134,10:39.0,27.91931594,0.761058886
10:39.2,-0.39,0.438,-0.008,10:39.2,27.82115893,0.764587187
10:39.4,-0.432,0.349,0.07,10:39.4,27.72336392,0.770607164
10:39.6,-0.359,0.405,0.081,10:39.6,27.62668152,0.776272814
10:39.8,-0.348,0.345,0.048,10:39.8,27.53393626,0.780723714
10:40.0,-0.304,0.448,0.062,10:40.0,27.44346278,0.783541455
10:40.2,-0.387,0.344,0.039,10:40.2,27.35496183,0.787793429
10:40.4,-0.322,0.488,0.078,10:40.4,27.26901424,0.789657005
10:40.6,-0.317,0.443,0.104,10:40.6,27.18305454,0.789270176
10:40.8,-0.3,0.257,0.098,10:40.8,27.09245823,0.787016466
10:41.0,-0.269,0.304,0.107,10:41.0,27.01651955,0.78908297
10:41.2,-0.208,0.397,0.054,10:41.2,26.93490362,0.788551048
10:41.4,-0.254,0.412,0.066,10:41.4,26.85597495,0.785502509
10:41.6,-0.372,0.418,0.009,10:41.6,26.77584048,0.784312633
10:41.8,-0.343,0.311,0.044,10:41.8,26.70070324,0.78229018
10:41.9,-0.318,0.317,0.026,10:42.0,26.62136539,0.777150947
10:42.1,-0.198,0.173,0.063,10:42.1,26.5531644,0.777477379
10:42.3,-0.297,0.278,0.016,10:42.4,26.47016407,0.769117056
10:42.5,-0.329,0.338,0.035,10:42.5,26.41007947,0.768721721
10:42.7,-0.235,0.301,0.079,10:42.7,26.33936643,0.768010113
10:42.9,-0.207,0.279,0.089,10:42.9,26.26984428,0.768401531
10:43.1,-0.262,0.26,0.06,10:43.1,26.1954243,0.772956677
10:43.3,-0.224,0.29,0.039,10:43.3,26.13337105,0.773019679
10:43.5,-0.313,0.259,0.093,10:43.5,26.06620769,0.778239459
10:43.7,-0.313,0.247,0.053,10:43.7,25.99964608,0.785415488
10:43.9,-0.24,0.183,0.074,10:43.9,25.93489597,0.790917751
10:44.1,-0.33,0.153,0.077,10:44.1,25.85764197,0.80597542
10:44.3,-0.281,0.174,0.064,10:44.3,25.80024236,0.807463515
10:44.5,-0.327,0.216,0.068,10:44.5,25.73725965,0.812979511
10:44.7,-0.252,0.149,0.067,10:44.7,25.67462944,0.816561409
10:44.9,-0.373,0.11,0.066,10:44.9,25.61363247,0.820384844
10:45.1,-0.301,0.219,0.092,10:45.1,25.55371872,0.821288742
10:45.3,-0.258,0.13,0.062,10:45.3,25.48926047,0.819611235
10:45.4,-0.285,0.183,0.066,10:45.4,25.43702019,0.812837368
10:45.6,-0.306,0.151,0.085,10:45.6,25.38385171,0.803457284
10:45.9,-0.32,0.179,0.06,10:45.8,25.33059496,0.788624482
10:46.1,-0.229,0.057,0.091,10:46.0,25.27940688,0.770016562
10:46.2,-0.213,0.093,0.031,10:46.2,25.23174342,0.751094381
10:46.4,-0.276,0.152,0.045,10:46.4,25.18565093,0.720822575
10:46.6,-0.219,0.126,0.045,10:46.6,25.14324255,0.705390994
10:46.8,-0.192,0.136,0.036,10:46.8,25.10097111,0.679851487
10:47.0,-0.354,0.158,0.037,10:47.0,25.06009169,0.653932258
10:47.2,-0.177,0.113,0.052,10:47.2,25.02092319,0.627996905
10:47.4,-0.276,0.194,0.003,10:47.4,24.98025791,0.60310863
10:47.6,-0.328,0.137,0.032,10:47.6,24.93986549,0.579158466
10:47.8,-0.145,0.222,0.043,10:47.8,24.89796382,0.555217807
10:48.0,-0.253,0.173,0.036,10:48.0,24.85590783,0.532860036
10:48.2,-0.275,0.116,0.065,10:48.2,24.80321748,0.501109254
10:48.4,-0.214,0.223,0.038,10:48.4,24.76104741,0.478390679
10:48.6,-0.268,0.154,0.047,10:48.6,24.7198388,0.454752911
10:48.8,-0.201,0.196,0.018,10:48.8,24.68600502,0.43684055
10:49.0,-0.327,0.141,0.01,10:49.0,24.64328029,0.411331099
10:49.2,-0.344,0.174,0.062,10:49.2,24.60022824,0.384006594
10:49.4,-0.3,0.1,0.038,10:49.4,24.55012633,0.350004008
10:49.6,-0.346,0.23,0.055,10:49.6,24.50899584,0.316876994
10:49.8,-0.33,0.155,0.057,10:49.8,24.46964207,0.278183135
10:50.0,-0.319,0.33,0.076,10:50.0,24.43221579,0.239814252
10:50.2,-0.245,0.127,0.083,10:50.1,24.40086269,0.205591507
10:50.4,-0.391,0.223,0.063,10:50.3,24.36526389,0.15906611
10:50.6,-0.308,0.163,0.089,10:50.6,24.32304228,0.099205618
10:50.8,-0.212,0.14,0.07,10:50.8,24.29190832,0.046829458
10:51.0,-0.309,0.164,0.043,10:51.0,24.26464434,-0.00734153
10:51.2,-0.196,0.122,0.051,10:51.2,24.23912283,-0.060694022
10:51.3,-0.163,0.22,0.053,10:51.4,24.21901274,-0.126769028
10:51.5,-0.209,0.082,0.054,10:51.5,24.19595384,-0.170404487
10:51.8,-0.262,0.036,0.045,10:51.7,24.17809136,-0.224758479
10:52.0,-0.265,0.049,0.067,10:51.9,24.16143169,-0.277904771
10:52.2,-0.268,0.23,0.027,10:52.1,24.14442428,-0.330047838
10:52.4,-0.353,0.154,0.026,10:52.3,24.12882664,-0.38003225
10:52.5,-0.2,0.077,0.039,10:52.5,24.11327268,-0.427184407
10:52.7,-0.157,0.112,0.042,10:52.7,24.09750742,-0.474470412
10:52.9,-0.216,0.053,0.031,10:53.0,24.07914219,-0.530060047
10:53.1,-0.244,0.057,0.042,10:53.2,24.06517112,-0.573161832
10:53.3,-0.186,0.114,0.028,10:53.3,24.05382185,-0.601887496
10:53.5,-0.195,0.176,0.074,10:53.5,24.03800499,-0.64027558
10:53.7,-0.221,0.151,0.051,10:53.7,24.02333991,-0.677431844
10:53.9,-0.274,0.138,0.036,10:53.9,24.00721178,-0.713233793
10:54.1,-0.315,0.102,0.034,10:54.1,23.99054668,-0.749688421
10:54.3,-0.304,0.133,0.07,10:54.3,23.97153227,-0.797608209
10:54.5,-0.229,0.114,0.045,10:54.5,23.95541044,-0.83625996
10:54.7,-0.321,0.155,-0.004,10:54.7,23.94136981,-0.876057943
10:54.9,-0.194,0.159,0.054,10:54.9,23.93218587,-0.909095232
10:55.1,-0.262,0.172,0.075,10:55.1,23.92246832,-0.954390434
10:55.3,-0.3,0.121,0.068,10:55.3,23.9135697,-1.011878198
10:55.5,-0.151,0.135,0.067,10:55.5,23.90998785,-1.061445491
10:55.7,-0.216,0.031,0.038,10:55.7,23.91004045,-1.115966403
10:55.9,-0.245,0.153,0.018,10:55.9,23.91971932,-1.19065907
10:56.1,-0.22,0.255,0.067,10:56.1,23.91710154,-1.235545611
10:56.3,-0.213,0.159,0.063,10:56.2,23.92521047,-1.284596447
10:56.5,-0.23,0.268,0.034,10:56.5,23.93355766,-1.360958942
10:56.7,-0.148,0.223,0.043,10:56.7,23.94417131,-1.426305848
10:56.9,-0.235,0.173,0.036,10:56.9,23.95607792,-1.489133514
10:57.1,-0.313,0.219,0.032,10:57.1,23.97837536,-1.563876791
10:57.2,-0.122,0.102,0.056,10:57.2,23.98271748,-1.613853578
10:57.4,-0.182,0.209,0.002,10:57.4,23.99422305,-1.672315368
10:57.7,-0.159,0.165,0.02,10:57.6,24.00364549,-1.729782758
10:57.8,-0.094,0.082,0.018,10:57.8,24.01238546,-1.783652064
10:58.0,-0.14,0.071,0.024,10:58.0,24.02034394,-1.831819392
10:58.2,-0.145,0.152,0.003,10:58.2,24.02525475,-1.878297116
10:58.4,-0.237,0.137,0.015,10:58.4,24.0252221,-1.920978429
10:58.6,-0.225,0.172,0.059,10:58.6,24.0312575,-1.964896932
10:58.8,-0.23,0.149,0.032,10:58.8,24.03227196,-2.00740576
10:59.0,-0.27,0.105,-0.029,10:59.0,24.031804,-2.051516868
10:59.2,-0.178,0.181,0.039,10:59.2,24.03151426,-2.095431882
10:59.4,-0.286,0.219,0.046,10:59.4,24.0266079,-2.15591766
10:59.6,-0.231,0.222,0.046,10:59.6,24.03065105,-2.197866568
10:59.8,-0.297,0.198,0.1,10:59.8,24.03245231,-2.254407144
11:00.0,-0.2,0.327,0.047,11:00.0,24.03643982,-2.317674155
11:00.2,-0.307,0.344,0.003,11:00.2,24.0419206,-2.383229569
11:00.4,-0.198,0.327,0.029,11:00.4,24.05062364,-2.456575985
11:00.6,-0.345,0.286,-0.016,11:00.6,24.05986892,-2.53557203
11:00.8,-0.301,0.296,0.044,11:00.8,24.07146152,-2.617840949
11:01.0,-0.318,0.312,0.052,11:01.0,24.0881529,-2.706073805
11:01.2,-0.279,0.388,0.021,11:01.2,24.10720202,-2.816576965
11:01.4,-0.279,0.441,0.002,11:01.4,24.12693377,-2.910059479
11:01.6,-0.382,0.359,0.058,11:01.6,24.14492042,-3.008461887
11:01.8,-0.304,0.311,0.034,11:01.8,24.1625344,-3.087832058
11:02.0,-0.274,0.454,0.051,11:01.9,24.182045,-3.188016048
11:02.1,-0.352,0.353,0.088,11:02.1,24.20044242,-3.289408375
11:02.4,-0.419,0.354,0.066,11:02.4,24.22353379,-3.413554703
11:02.6,-0.333,0.373,0.049,11:02.6,24.24203973,-3.512556162
11:02.7,-0.343,0.231,0.002,11:02.8,24.25652536,-3.608895949
11:02.9,-0.351,0.252,0.04,11:03.0,24.27252515,-3.701718132
11:03.1,-0.4,0.305,0.074,11:03.1,24.28410679,-3.767157327
11:03.3,-0.278,0.361,0.027,11:03.3,24.29227807,-3.857165841
11:03.5,-0.305,0.313,0.084,11:03.5,24.30219292,-3.964578971
11:03.7,-0.338,0.257,0.063,11:03.7,24.30624293,-4.046804881
11:03.9,-0.276,0.254,0.085,11:03.9,24.31095609,-4.131208273
11:04.1,-0.329,0.178,0.114,11:04.1,24.3089493,-4.192585142
11:04.3,-0.241,0.44,0.026,11:04.3,24.30765089,-4.276239222
11:04.5,-0.368,0.212,0.041,11:04.5,24.30544807,-4.360872407
11:04.7,-0.324,0.391,0.105,11:04.7,24.30299603,-4.467707053
11:04.9,-0.372,0.396,0.101,11:04.9,24.30062151,-4.55905064
11:05.1,-0.403,0.345,0.037,11:05.1,24.29733434,-4.654873572
11:05.3,-0.315,0.347,-0.001,11:05.3,24.29428599,-4.753528797
11:05.5,-0.374,0.458,-0.028,11:05.5,24.29414004,-4.852534911
11:05.7,-0.377,0.399,0.017,11:05.6,24.29377783,-4.934400173
11:05.9,-0.403,0.481,0.037,11:05.9,24.2950239,-5.063360217
11:06.1,-0.371,0.385,0.054,11:06.1,24.29597812,-5.17426296
11:06.3,-0.521,0.468,0.031,11:06.2,24.30087108,-5.287655497
11:06.5,-0.514,0.57,0.017,11:06.5,24.30745831,-5.400658567
11:06.7,-0.23,0.424,0.062,11:06.7,24.31148191,-5.517040497
11:06.8,-0.389,0.535,0.054,11:06.9,24.31493942,-5.635573542
11:07.1,-0.402,0.465,0.007,11:07.1,24.31622912,-5.75389641
11:07.2,-0.42,0.341,0.059,11:07.3,24.31728007,-5.870297544
11:07.4,-0.494,0.446,0.034,11:07.5,24.31653786,-5.981487474
11:07.6,-0.366,0.424,0.03,11:07.6,24.31690339,-6.093328524
11:07.8,-0.378,0.458,0.078,11:07.8,24.31327215,-6.19708134
11:08.0,-0.375,0.333,0.099,11:08.0,24.31047893,-6.26921732
11:08.2,-0.398,0.333,0.084,11:08.2,24.30491223,-6.390985521
11:08.4,-0.353,0.299,0.123,11:08.4,24.29638596,-6.485656912
11:08.6,-0.32,0.37,0.055,11:08.6,24.28675734,-6.575784993
11:08.8,-0.303,0.365,0.089,11:08.8,24.27589545,-6.661972969
11:09.0,-0.431,0.222,0.086,11:09.0,24.26650456,-6.747490086
11:09.2,-0.269,0.38,0.117,11:09.2,24.25897042,-6.831155135
11:09.4,-0.415,0.314,0.095,11:09.4,24.24717491,-6.917553405
11:09.6,-0.382,0.386,0.057,11:09.6,24.23296553,-7.008636413
11:09.8,-0.378,0.344,0.051,11:09.8,24.21887699,-7.103040805
11:10.0,-0.516,0.341,0.063,11:10.0,24.19713326,-7.215741919
11:10.2,-0.432,0.311,0.06,11:10.2,24.18857279,-7.294587801
11:10.4,-0.377,0.325,0.065,11:10.4,24.17606446,-7.392423047
11:10.6,-0.36,0.333,0.057,11:10.6,24.16189779,-7.496218062
11:10.8,-0.413,0.375,0.071,11:10.8,24.15060985,-7.600159149
11:11.0,-0.328,0.339,0.082,11:11.0,24.13955824,-7.705092685
11:11.1,-0.385,0.495,0.033,11:11.2,24.13607165,-7.829950398
11:11.3,-0.299,0.453,0.049,11:11.3,24.12708044,-7.917595469
11:11.5,-0.418,0.34,0.093,11:11.5,24.11786832,-8.025168954
11:11.7,-0.302,0.41,0.052,11:11.7,24.10890914,-8.137041587
11:11.9,-0.345,0.413,0.099,11:11.9,24.10175854,-8.2507202
11:12.1,-0.362,0.424,0.029,11:12.1,24.09636182,-8.361147481
11:12.3,-0.382,0.355,0.095,11:12.3,24.08740209,-8.487713616
11:12.5,-0.35,0.44,0.084,11:12.5,24.07949528,-8.579688048
11:12.7,-0.344,0.339,0.108,11:12.7,24.07453196,-8.685106614
11:12.9,-0.356,0.248,0.071,11:12.9,24.06714778,-8.790962889
11:13.1,-0.304,0.37,0.067,11:13.1,24.05986059,-8.895787015
11:13.3,-0.449,0.33,0.059,11:13.3,24.05567334,-8.995312378
11:13.5,-0.334,0.323,0.067,11:13.5,24.05130989,-9.101247556
11:13.7,-0.248,0.35,0.116,11:13.7,24.04587469,-9.188416919
11:13.9,-0.428,0.31,0.096,11:13.9,24.03768259,-9.283181662
11:14.1,-0.262,0.316,0.099,11:14.1,24.02665165,-9.37465161
11:14.3,-0.356,0.318,0.098,11:14.3,24.01669543,-9.46909361
11:14.5,-0.327,0.263,0.075,11:14.5,24.00498132,-9.562201808
11:14.7,-0.364,0.161,0.057,11:14.7,23.98724765,-9.658221112
11:14.8,-0.367,0.308,0.078,11:14.8,23.98139405,-9.741105296
11:15.0,-0.346,0.309,0.077,11:15.1,23.96942051,-9.82984211
11:15.3,-0.343,0.249,0.129,11:15.2,23.95749489,-9.921547998
11:15.5,-0.359,0.249,0.087,11:15.4,23.94443301,-10.01298123
11:15.6,-0.453,0.318,0.027,11:15.6,23.93365975,-10.10809128
11:15.8,-0.409,0.344,0.05,11:15.8,23.92359556,-10.20497494
11:16.0,-0.364,0.347,0.07,11:16.0,23.9165598,-10.29870585
11:16.2,-0.37,0.365,0.077,11:16.2,23.915005,-10.41275992
11:16.4,-0.319,0.348,0.025,11:16.4,23.90903711,-10.52392616
11:16.6,-0.39,0.379,0.012,11:16.6,23.90514359,-10.59826145
11:16.8,-0.448,0.41,0.019,11:16.8,23.90301065,-10.70391867
11:17.0,-0.44,0.37,0.075,11:17.0,23.90093955,-10.81217562
11:17.2,-0.43,0.299,0.039,11:17.2,23.90593584,-10.9368981
11:17.4,-0.402,0.453,0.081,11:17.4,23.90357878,-11.02485406
11:17.6,-0.349,0.415,0.054,11:17.6,23.90893046,-11.13324995
11:17.8,-0.46,0.411,0.056,11:17.8,23.91561314,-11.23955183
11:18.0,-0.375,0.457,0.004,11:18.0,23.91858663,-11.34364231
11:18.2,-0.344,0.35,0.012,11:18.2,23.92317354,-11.4441318
11:18.4,-0.352,0.283,0.128,11:18.4,23.92690686,-11.54432554
11:18.6,-0.364,0.184,0.073,11:18.6,23.93273538,-11.6458956
11:18.8,-0.262,0.276,0.089,11:18.8,23.93456522,-11.74568026
11:19.0,-0.216,0.23,0.093,11:19.0,23.93661631,-11.82884118
11:19.2,-0.327,0.253,0.081,11:19.2,23.9373706,-11.90707351
11:19.3,-0.289,0.217,0.08,11:19.3,23.9390347,-11.97841186
11:19.5,-0.361,0.199,0.098,11:19.5,23.94166078,-12.05267432
11:19.7,-0.238,0.232,0.089,11:19.7,23.94145039,-12.12108519
11:19.9,-0.266,0.242,0.106,11:19.9,23.94346337,-12.19631223
11:20.1,-0.234,0.228,0.111,11:20.2,23.94615255,-12.27397901
11:20.3,-0.165,0.215,0.063,11:20.3,23.94660214,-12.31891144
11:20.5,-0.217,0.263,0.121,11:20.5,23.94782978,-12.37980953
11:20.7,-0.175,0.173,0.101,11:20.7,23.9487144,-12.43897752
11:20.9,-0.184,0.168,0.119,11:20.9,23.94888035,-12.50110581
11:21.1,-0.229,0.29,0.082,11:21.1,23.95035769,-12.5579991
11:21.3,-0.256,0.195,0.052,11:21.3,23.95731544,-12.63060964
11:21.5,-0.26,0.203,0.091,11:21.5,23.96235606,-12.6857775
11:21.7,-0.264,0.271,0.101,11:21.7,23.96620115,-12.72704371
11:21.9,-0.329,0.074,0.092,11:21.9,23.97431548,-12.78294912
11:22.1,-0.286,0.078,0.118,11:22.1,23.98541507,-12.83914722
11:22.3,-0.207,0.058,0.056,11:22.3,23.99942706,-12.90497718
11:22.5,-0.2,0.082,0.078,11:22.5,24.01273502,-12.95745654
11:22.7,-0.301,0.156,0.054,11:22.7,24.02979086,-13.00715544
11:22.9,-0.284,0.161,0.055,11:22.9,24.04949403,-13.05597738
11:23.1,-0.222,0.155,0.019,11:23.1,24.07112126,-13.10102183
11:23.3,-0.188,0.002,0.04,11:23.3,24.09389447,-13.14729144
11:23.5,-0.212,0.144,0.001,11:23.5,24.11850034,-13.1919283
11:23.7,-0.279,0.061,-0.005,11:23.7,24.1457654,-13.23522875
11:23.9,-0.264,0.092,-0.02,11:23.9,24.17390563,-13.28081571
11:24.1,-0.152,0.211,0.015,11:24.0,24.20534537,-13.32279237
11:24.3,-0.166,0.185,-0.015,11:24.2,24.23409484,-13.36924373
11:24.4,-0.303,0.16,0.004,11:24.5,24.26934136,-13.41272183
11:24.7,-0.317,0.129,0.019,11:24.7,24.30391027,-13.45894991
11:24.9,-0.247,0.1,0.017,11:24.9,24.34148109,-13.50429569
11:25.0,-0.309,0.222,-0.003,11:25.1,24.38013498,-13.55060645
11:25.2,-0.211,0.112,0.005,11:25.3,24.42205685,-13.60615955
11:25.4,-0.213,0.099,-0.017,11:25.4,24.45743737,-13.64318049
11:25.6,-0.218,0.202,0.035,11:25.6,24.49919187,-13.68658399
11:25.8,-0.248,0.19,0.068,11:25.8,24.54085214,-13.72804364
11:26.0,-0.276,0.077,0.044,11:26.0,24.58305449,-13.76569839
11:26.2,-0.314,0.201,0.02,11:26.2,24.62489192,-13.80047729
11:26.4,-0.124,0.135,0.052,11:26.4,24.6665904,-13.83157773
11:26.6,-0.12,0.005,0.053,11:26.6,24.70425955,-13.86011431
11:26.8,-0.094,0.07,0.045,11:26.8,24.74106118,-13.88423623
11:27.0,-0.119,0.055,0.066,11:27.0,24.78204743,-13.90675113
11:27.2,-0.035,0.109,0.022,11:27.2,24.81825129,-13.92523671
11:27.4,-0.244,0.137,0.044,11:27.4,24.85553995,-13.94294798
11:27.6,-0.057,0.046,0.044,11:27.6,24.89427931,-13.95964436
11:27.8,-0.166,0.079,0.037,11:27.8,24.93184426,-13.97509276
11:28.0,-0.081,0.111,0.024,11:28.0,24.97557927,-13.99097648
11:28.2,-0.114,0.139,0,11:28.2,25.02096474,-14.01046711
11:28.4,-0.09,0.141,0.048,11:28.4,25.0523988,-14.02311717
11:28.6,-0.176,0.054,0.015,11:28.6,25.09570259,-14.03981789
11:28.8,-0.146,0.072,0.034,11:28.8,25.14154484,-14.05684216
11:28.9,-0.264,0.218,0.05,11:29.0,25.19776532,-14.08381895
11:29.1,-0.169,0.139,-0.009,11:29.1,25.23600031,-14.096496
11:29.4,-0.157,0.119,0.007,11:29.3,25.28798154,-14.1184312
11:29.6,-0.208,0.159,0.055,11:29.5,25.34021138,-14.14261733
11:29.7,-0.256,0.146,0.039,11:29.7,25.39376126,-14.16586905
11:29.9,-0.16,0.177,0.037,11:29.9,25.44920075,-14.18857261
11:30.1,-0.145,0.231,0.058,11:30.1,25.50680673,-14.21172283
11:30.3,-0.24,0.196,0.048,11:30.3,25.56441167,-14.23454849
11:30.5,-0.201,0.056,0.041,11:30.5,25.63703062,-14.26008503
11:30.7,-0.265,0.104,0.062,11:30.7,25.69777573,-14.27981562
11:30.9,-0.261,0.239,-0.007,11:30.9,25.75703779,-14.29837756
11:31.1,-0.192,0.198,0.014,11:31.1,25.80274716,-14.31112216
11:31.3,-0.171,0.212,0.042,11:31.3,25.861737,-14.32569017
11:31.5,-0.114,0.108,0.025,11:31.5,25.92075593,-14.34026026
11:31.7,-0.19,0.145,0.022,11:31.7,25.99144661,-14.35160454
11:31.9,-0.092,0.117,0.014,11:31.9,26.0480636,-14.36126009
11:32.1,-0.158,0.046,0.05,11:32.1,26.10409062,-14.36813624
11:32.3,-0.18,0.202,0.007,11:32.3,26.14479601,-14.36991282
11:32.5,-0.072,0.064,0.019,11:32.5,26.19934388,-14.37381
11:32.7,-0.209,0.13,0.053,11:32.7,26.25339884,-14.3760852
11:32.9,-0.176,0.123,0.032,11:32.9,26.32077511,-14.37833693
11:33.1,-0.167,0.081,0.069,11:33.1,26.37371943,-14.37966169
11:33.3,-0.224,0.095,0.028,11:33.3,26.42698515,-14.38202012
11:33.5,-0.148,0.018,0.011,11:33.5,26.4804692,-14.38737377
11:33.7,-0.099,0.135,0.055,11:33.6,26.52049149,-14.39366437
11:33.8,-0.281,0.144,0.017,11:33.8,26.57722036,-14.39985219
11:34.1,-0.196,0.18,0.015,11:34.1,26.64840096,-14.40682595
11:34.3,-0.219,0.122,0.049,11:34.3,26.7065787,-14.41564448
11:34.5,-0.265,0.08,0.023,11:34.5,26.76701164,-14.4259953
11:34.7,-0.269,0.103,0.039,11:34.7,26.84122546,-14.44377657
11:34.8,-0.261,0.168,0.042,11:34.8,26.89228052,-14.44571384
11:35.0,-0.217,0.178,0.009,11:35.0,26.95791012,-14.45454804
11:35.2,-0.311,0.154,-0.029,11:35.2,27.02560636,-14.46335967
11:35.4,-0.234,0.165,-0.019,11:35.4,27.09492351,-14.46978925
11:35.6,-0.223,0.232,-0.017,11:35.6,27.16342003,-14.47387602
11:35.8,-0.228,0.194,0.026,11:35.8,27.23113053,-14.47394067
11:36.0,-0.254,0.28,0.032,11:36.0,27.30085844,-14.47032719
11:36.2,-0.306,0.162,0.043,11:36.2,27.37329045,-14.46414402
11:36.4,-0.234,0.208,0.038,11:36.4,27.47059581,-14.44591119
11:36.6,-0.321,0.337,0.014,11:36.6,27.55185827,-14.4322835
11:36.8,-0.384,0.307,0.052,11:36.8,27.60869651,-14.42857822
11:37.0,-0.14,0.383,0.033,11:37.0,27.69137789,-14.41489885
11:37.2,-0.203,0.163,0.076,11:37.2,27.79728407,-14.38937246
11:37.4,-0.333,0.32,0.114,11:37.4,27.8645625,-14.38261894
11:37.6,-0.277,0.366,0.02,11:37.6,27.95531242,-14.3684664
11:37.8,-0.319,0.294,0.07,11:37.8,28.04856268,-14.35698898
11:38.0,-0.231,0.364,0.039,11:38.0,28.14337218,-14.34825415
11:38.2,-0.333,0.282,0.044,11:38.2,28.25637412,-14.34307523
11:38.4,-0.319,0.333,0.056,11:38.4,28.35125002,-14.34091176
11:38.5,-0.345,0.361,0.068,11:38.5,28.42824975,-14.33386606
11:38.8,-0.293,0.35,0.05,11:38.8,28.52336019,-14.33572667
11:39.0,-0.351,0.247,0,11:39.0,28.62054604,-14.33919614
11:39.1,-0.287,0.263,0.014,11:39.1,28.71828209,-14.34450382
11:39.3,-0.392,0.294,0.064,11:39.3,28.8175503,-14.35110072
11:39.5,-0.427,0.281,0.028,11:39.5,28.93337864,-14.36750407
11:39.7,-0.321,0.322,0.078,11:39.7,29.01577449,-14.36578117
11:39.9,-0.39,0.207,0.033,11:39.9,29.11575113,-14.37401102
11:40.1,-0.425,0.376,0.025,11:40.1,29.21615971,-14.38051685
11:40.3,-0.341,0.262,0.039,11:40.3,29.31162651,-14.38225599
11:40.5,-0.355,0.303,0.052,11:40.5,29.42536716,-14.38091363
11:40.7,-0.258,0.307,-0.006,11:40.7,29.5059921,-14.38086831
11:40.9,-0.347,0.319,0.069,11:40.9,29.60186822,-14.37547664
11:41.1,-0.197,0.301,0.043,11:41.1,29.69698453,-14.36531415
11:41.3,-0.285,0.314,0.062,11:41.3,29.79018336,-14.35003967
11:41.5,-0.235,0.369,0.034,11:41.5,29.88162333,-14.33152508
11:41.7,-0.262,0.259,0.063,11:41.7,29.98847611,-14.29532137
11:41.9,-0.24,0.358,0.033,11:41.8,30.06670094,-14.29063693
11:42.1,-0.264,0.325,0.056,11:42.1,30.15975305,-14.26898114
11:42.3,-0.243,0.376,0.1,11:42.3,30.25410712,-14.24715901
11:42.5,-0.357,0.374,0.052,11:42.5,30.34895254,-14.22736795
11:42.7,-0.151,0.309,0.108,11:42.7,30.44389229,-14.20859405
11:42.9,-0.312,0.408,0.08,11:42.9,30.54035491,-14.1934788
11:43.0,-0.283,0.411,0.047,11:43.0,30.63535413,-14.18002618
11:43.2,-0.274,0.43,0.03,11:43.2,30.73157665,-14.17055632
11:43.5,-0.333,0.33,-0.036,11:43.5,30.85257104,-14.16193217
11:43.6,-0.292,0.272,0.047,11:43.7,30.95152814,-14.16009764
11:43.8,-0.342,0.28,-0.005,11:43.9,31.05329267,-14.16377425
11:44.0,-0.363,0.389,0.1,11:44.0,31.13246689,-14.17087487
11:44.2,-0.411,0.319,0.049,11:44.2,31.23622216,-14.18422716
11:44.4,-0.354,0.298,0.056,11:44.4,31.33795682,-14.19494781
11:44.6,-0.433,0.343,0.031,11:44.6,31.47131566,-14.21386453
11:44.8,-0.331,0.279,0.026,11:44.8,31.57379008,-14.23278986
11:45.0,-0.307,0.252,0.013,11:45.0,31.67579514,-14.25240022
11:45.2,-0.303,0.266,0.06,11:45.2,31.75251107,-14.26815228
11:45.4,-0.257,0.327,0.035,11:45.4,31.85500221,-14.28273503
11:45.6,-0.297,0.283,0.072,11:45.6,31.95270557,-14.29397098
11:45.8,-0.301,0.309,0.028,11:45.8,32.07204573,-14.30814074
11:46.0,-0.23,0.257,0.064,11:46.0,32.16565633,-14.31670441
11:46.2,-0.362,0.271,0.039,11:46.2,32.23439935,-14.32006529
11:46.4,-0.377,0.312,0.08,11:46.4,32.32708021,-14.32323863
11:46.6,-0.28,0.309,0.032,11:46.6,32.41613609,-14.32254938
11:46.8,-0.278,0.378,0.043,11:46.8,32.50782443,-14.31945554
11:47.0,-0.124,0.232,0.018,11:47.0,32.62092578,-14.31635758
11:47.2,-0.286,0.34,0.035,11:47.2,32.710655,-14.31236785
11:47.4,-0.191,0.364,0.07,11:47.4,32.8023193,-14.30506252
11:47.6,-0.28,0.343,0.062,11:47.6,32.89231843,-14.29648183
11:47.7,-0.311,0.437,0.08,11:47.8,32.9829857,-14.29057072
11:47.9,-0.219,0.375,0.073,11:47.9,33.05377097,-14.28728385
11:48.2,-0.321,0.287,0.044,11:48.2,33.17058041,-14.28536772
11:48.4,-0.306,0.332,0.019,11:48.4,33.2700072,-14.28784355
11:48.5,-0.312,0.316,0.072,11:48.6,33.37142263,-14.28948413
11:48.7,-0.268,0.433,0.017,11:48.8,33.48414964,-14.29520941
11:48.9,-0.473,0.343,0.035,11:48.9,33.56845858,-14.29835869
11:49.1,-0.436,0.346,0.022,11:49.1,33.6666212,-14.30364323
11:49.3,-0.358,0.401,0.041,11:49.3,33.77040697,-14.31328573
11:49.5,-0.352,0.239,0.017,11:49.5,33.87317448,-14.3243244
11:49.7,-0.378,0.192,0.063,11:49.7,33.99110664,-14.3465046
11:49.9,-0.266,0.391,0.05,11:49.9,34.07683384,-14.35232601
11:50.1,-0.287,0.232,0.055,11:50.1,34.17695246,-14.36641651
11:50.3,-0.372,0.34,0.052,11:50.3,34.27783424,-14.37976966
11:50.5,-0.35,0.335,0.099,11:50.5,34.37801434,-14.39702576
11:50.7,-0.241,0.241,0.028,11:50.7,34.47876605,-14.41250431
11:50.9,-0.482,0.273,0.067,11:50.9,34.57434869,-14.42232404
11:51.1,-0.351,0.322,0.046,11:51.1,34.6717778,-14.43268367
11:51.3,-0.26,0.284,0.017,11:51.3,34.76646776,-14.44435555
11:51.5,-0.394,0.316,0.065,11:51.5,34.86335357,-14.45758475
11:51.7,-0.316,0.278,0.056,11:51.7,34.95958614,-14.46743141
11:51.9,-0.337,0.383,0.043,11:51.9,35.05668029,-14.47734375
11:52.1,-0.31,0.414,0.072,11:52.1,35.16266061,-14.48047289
11:52.2,-0.326,0.307,0.083,11:52.2,35.2442473,-14.48728697
11:52.4,-0.4,0.331,0.078,11:52.4,35.33646586,-14.49183659
11:52.6,-0.298,0.383,0.047,11:52.6,35.40865516,-14.49400725
11:52.8,-0.277,0.329,0.08,11:52.8,35.52828424,-14.49871757
11:53.0,-0.343,0.263,0.081,11:53.0,35.62502199,-14.50330504
11:53.2,-0.305,0.313,0.09,11:53.2,35.72094396,-14.50728545
11:53.4,-0.294,0.265,0.09,11:53.4,35.81716427,-14.5105889
11:53.6,-0.23,0.305,0.043,11:53.6,35.91213067,-14.5148994
11:53.8,-0.355,0.238,0.095,11:53.8,36.00824045,-14.51688774
11:54.0,-0.342,0.21,0.153,11:54.0,36.10609062,-14.52043186
11:54.2,-0.246,0.252,0.069,11:54.2,36.20179195,-14.52385063
11:54.4,-0.256,0.272,0.077,11:54.4,36.2987306,-14.52646263
11:54.6,-0.322,0.239,0.098,11:54.6,36.4084413,-14.53254609
11:54.8,-0.188,0.262,0.054,11:54.8,36.49048786,-14.53549579
11:55.0,-0.2,0.274,0.103,11:55.0,36.58663309,-14.53961782
11:55.2,-0.315,0.222,0.076,11:55.2,36.68427423,-14.54717145
11:55.4,-0.274,0.257,0.059,11:55.4,36.78177885,-14.55196756
11:55.6,-0.346,0.263,0.032,11:55.6,36.8994772,-14.55384069
11:55.8,-0.35,0.415,0.065,11:55.8,36.975476,-14.55640727
11:56.0,-0.308,0.291,0.066,11:56.0,37.07562823,-14.55960928
11:56.2,-0.356,0.325,0.055,11:56.2,37.17619674,-14.56169368
11:56.4,-0.422,0.429,0.02,11:56.4,37.29963864,-14.56201436
11:56.6,-0.353,0.305,0.079,11:56.6,37.39834052,-14.56274925
11:56.8,-0.325,0.339,0.054,11:56.8,37.47782207,-14.56263232
11:57.0,-0.296,0.3,0.082,11:56.9,37.57887346,-14.56031949
11:57.1,-0.336,0.282,0.068,11:57.1,37.68237455,-14.5614258
11:57.3,-0.276,0.292,0.107,11:57.3,37.78332627,-14.55989617
11:57.5,-0.326,0.379,0.088,11:57.5,37.88695702,-14.5585365
11:57.7,-0.347,0.328,0.095,11:57.8,38.01811476,-14.56121814
11:57.9,-0.35,0.208,0.085,11:58.0,38.12233292,-14.56318019
11:58.1,-0.272,0.306,0.061,11:58.1,38.19959414,-14.563029
11:58.3,-0.318,0.334,0.047,11:58.3,38.30308324,-14.5659235
11:58.5,-0.391,0.235,0.068,11:58.5,38.40813968,-14.5716861
11:58.7,-0.447,0.175,0.042,11:58.7,38.5397474,-14.58068579
11:58.9,-0.313,0.375,0.046,11:58.9,38.6436,-14.59203513
11:59.1,-0.314,0.294,0.066,11:59.1,38.74608438,-14.60149805
11:59.3,-0.346,0.399,0.098,11:59.3,38.84916017,-14.6148922
11:59.5,-0.452,0.296,0.034,11:59.5,38.92730019,-14.6280038
11:59.7,-0.424,0.255,0.054,11:59.7,39.02861034,-14.6423762
11:59.9,-0.339,0.274,0.099,11:59.9,39.15374741,-14.65347615
12:00.1,-0.256,0.414,0.059,12:00.1,39.25364391,-14.66382955
12:00.3,-0.296,0.248,0.068,12:00.3,39.35177224,-14.67062102
12:00.5,-0.308,0.314,0.084,12:00.5,39.45029113,-14.67498931
12:00.7,-0.341,0.338,0.094,12:00.6,39.5238229,-14.67711502
12:00.9,-0.31,0.255,0.072,12:00.8,39.62056829,-14.67476897
12:01.1,-0.139,0.424,0.096,12:01.1,39.73967938,-14.67232443
12:01.3,-0.321,0.282,0.088,12:01.3,39.83681717,-14.66607351
12:01.5,-0.243,0.386,0.083,12:01.5,39.93220148,-14.65402651
12:01.6,-0.369,0.376,0.047,12:01.6,40.0027908,-14.6407319
12:01.8,-0.291,0.441,0.044,12:01.9,40.12237298,-14.62635346
12:02.0,-0.301,0.424,0.095,12:02.0,40.19525153,-14.61396589
12:02.2,-0.285,0.311,0.012,12:02.2,40.31626682,-14.60029904
12:02.4,-0.302,0.355,0.019,12:02.4,40.41273636,-14.58739607
12:02.6,-0.235,0.339,0.082,12:02.6,40.50899017,-14.57547735
12:02.8,-0.436,0.384,0.081,12:02.8,40.6066436,-14.56882
12:03.0,-0.323,0.329,0.027,12:03.0,40.67860221,-14.56572585
12:03.2,-0.29,0.374,0.035,12:03.2,40.77752478,-14.5636481
12:03.4,-0.372,0.341,0.04,12:03.4,40.89964596,-14.5663898
12:03.6,-0.394,0.3,0.06,12:03.6,40.99922521,-14.57267771
12:03.8,-0.37,0.285,0.022,12:03.8,41.1021777,-14.58421807
12:04.0,-0.296,0.332,0.034,12:04.0,41.18075511,-14.59728575
12:04.2,-0.383,0.212,0.008,12:04.2,41.28272702,-14.61117414
12:04.4,-0.394,0.29,0.043,12:04.4,41.3860058,-14.62721635
12:04.6,-0.376,0.273,0,12:04.6,41.51359048,-14.64592041
12:04.8,-0.331,0.282,0.024,12:04.8,41.61787299,-14.66252538
12:05.0,-0.404,0.332,0.028,12:05.0,41.72192704,-14.67858846
12:05.2,-0.403,0.276,0.039,12:05.1,41.82589087,-14.69008428
12:05.4,-0.39,0.308,0.016,12:05.4,41.93015493,-14.70137616
12:05.5,-0.393,0.346,0.069,12:05.6,42.03079211,-14.70914685
12:05.8,-0.295,0.356,0.053,12:05.8,42.13072755,-14.71514524
12:06.0,-0.317,0.294,0.075,12:06.0,42.23332411,-14.71453885
12:06.1,-0.303,0.377,0.056,12:06.2,42.3292215,-14.70778748
12:06.3,-0.293,0.371,0.074,12:06.3,42.42526837,-14.69939486
12:06.5,-0.228,0.347,0.081,12:06.5,42.5206203,-14.69058381
12:06.7,-0.289,0.327,0.058,12:06.7,42.61666611,-14.68150081
12:06.9,-0.219,0.348,0.072,12:06.9,42.71024192,-14.66393351
12:07.1,-0.26,0.215,0.061,12:07.1,42.80020239,-14.64783053
12:07.3,-0.339,0.314,0.078,12:07.3,42.89034077,-14.63108365
12:07.5,-0.173,0.192,0.079,12:07.5,42.98875712,-14.60230864
12:07.7,-0.36,0.377,0.07,12:07.7,43.06815363,-14.59852287
12:07.9,-0.208,0.324,0.081,12:07.9,43.15664289,-14.58466549
12:08.1,-0.275,0.359,0.06,12:08.1,43.24798266,-14.57596531
12:08.3,-0.264,0.32,0.061,12:08.3,43.34080876,-14.57146554
12:08.5,-0.312,0.341,-0.006,12:08.5,43.43543733,-14.5727826
12:08.7,-0.331,0.44,0.057,12:08.7,43.53359322,-14.57774123
12:08.9,-0.392,0.224,0.061,12:08.9,43.63150585,-14.58418478
12:09.1,-0.414,0.216,0.033,12:09.1,43.73007624,-14.59238665
12:09.3,-0.339,0.315,0.046,12:09.3,43.83063327,-14.60700282
12:09.5,-0.499,0.325,-0.026,12:09.5,43.95722873,-14.62399718
12:09.7,-0.404,0.223,-0.006,12:09.7,44.03624528,-14.64170982
12:09.9,-0.31,0.237,0.035,12:09.9,44.1406157,-14.66326623
12:10.1,-0.428,0.343,0.044,12:10.1,44.2432337,-14.68186583
12:10.3,-0.367,0.296,0.043,12:10.3,44.34465249,-14.70124614
12:10.5,-0.423,0.285,0.03,12:10.5,44.46950657,-14.72085584
12:10.7,-0.382,0.353,0.019,12:10.7,44.56923637,-14.73575234
12:10.9,-0.261,0.252,0.056,12:10.8,44.64329418,-14.74604411
12:11.0,-0.25,0.317,0.093,12:11.0,44.73934463,-14.75449541
12:11.2,-0.347,0.308,0.09,12:11.2,44.83290657,-14.76316353
12:11.4,-0.189,0.5,0.05,12:11.4,44.92577933,-14.76810843
12:11.6,-0.315,0.268,0.072,12:11.6,45.01759111,-14.7676919
12:11.8,-0.292,0.36,0.088,12:11.9,45.13274307,-14.76613593
12:12.0,-0.313,0.367,0.068,12:12.0,45.20190321,-14.75807153
12:12.2,-0.281,0.373,0.072,12:12.2,45.29439947,-14.75035262
12:12.4,-0.189,0.422,0.073,12:12.4,45.38793322,-14.74341484
12:12.6,-0.303,0.311,0.088,12:12.6,45.48117698,-14.73530984
12:12.8,-0.335,0.393,0.006,12:12.8,45.59762963,-14.7272544
12:13.0,-0.313,0.305,0.109,12:13.0,45.69300908,-14.7175743
12:13.2,-0.255,0.46,0.1,12:13.2,45.7662943,-14.71040837
12:13.4,-0.289,0.353,0.074,12:13.4,45.86414856,-14.70495842
12:13.6,-0.31,0.317,0.095,12:13.6,45.96102806,-14.70057819
12:13.8,-0.302,0.314,0.078,12:13.8,46.05795979,-14.69458198
12:14.0,-0.456,0.347,0.081,12:14.0,46.15505598,-14.69166586
12:14.2,-0.312,0.313,0.042,12:14.2,46.27598337,-14.69407466
12:14.4,-0.377,0.299,0.053,12:14.4,46.37163503,-14.70041229
12:14.6,-0.229,0.431,0.058,12:14.6,46.46737754,-14.70928801
12:14.8,-0.338,0.228,0.086,12:14.7,46.54085614,-14.71878511
12:14.9,-0.292,0.228,0.064,12:14.9,46.63838986,-14.73293347
12:15.2,-0.225,0.287,0.085,12:15.2,46.75334918,-14.74337734
12:15.4,-0.285,0.294,0.09,12:15.4,46.8443925,-14.75795458
12:15.6,-0.218,0.315,0.059,12:15.6,46.93784794,-14.77382858
12:15.7,-0.249,0.267,0.059,12:15.8,47.03297449,-14.78976656
12:15.9,-0.307,0.369,0.037,12:15.9,47.12662425,-14.8037005
12:16.1,-0.325,0.311,0.059,12:16.1,47.2236525,-14.81988459
12:16.3,-0.413,0.422,0.067,12:16.3,47.32028706,-14.83180319
12:16.5,-0.196,0.326,0.09,12:16.5,47.41724936,-14.84400386
12:16.7,-0.354,0.264,0.046,12:16.7,47.51468034,-14.85384194
12:16.9,-0.33,0.289,0.042,12:16.9,47.61280358,-14.86311836
12:17.1,-0.288,0.351,0.067,12:17.1,47.72586981,-14.86755693
12:17.3,-0.371,0.318,0.07,12:17.3,47.8116453,-14.87417921
12:17.5,-0.287,0.271,0.069,12:17.5,47.91028543,-14.87744486
12:17.7,-0.347,0.338,0.05,12:17.7,48.01039231,-14.88210576
12:17.9,-0.335,0.3,0.113,12:17.9,48.11229692,-14.88217291
12:18.1,-0.249,0.246,0.067,12:18.1,48.21160893,-14.88079811
12:18.3,-0.314,0.397,0.091,12:18.3,48.31295522,-14.87974882
12:18.5,-0.408,0.292,0.092,12:18.5,48.41152402,-14.87714357
12:18.7,-0.255,0.338,0.058,12:18.7,48.51028046,-14.87351116
12:18.9,-0.225,0.418,0.098,12:18.9,48.63178278,-14.87113984
12:19.1,-0.295,0.346,0.077,12:19.1,48.72883962,-14.86703024
12:19.3,-0.285,0.369,0.074,12:19.3,48.8230845,-14.86220451
12:19.5,-0.409,0.284,0.077,12:19.5,48.89647171,-14.85786705
12:19.7,-0.286,0.304,0.068,12:19.7,48.99094896,-14.85467113
12:19.9,-0.361,0.316,0.084,12:19.9,49.11148885,-14.85254639
12:20.1,-0.268,0.285,0.09,12:20.1,49.20952726,-14.85189044
12:20.3,-0.358,0.301,0.034,12:20.3,49.30657866,-14.85201764
12:20.5,-0.309,0.298,0.053,12:20.5,49.40341505,-14.85207
12:20.7,-0.338,0.33,0.131,12:20.7,49.50487703,-14.85523464
12:20.9,-0.308,0.298,0.087,12:20.8,49.60637179,-14.85910423
12:21.1,-0.359,0.306,0.057,12:21.1,49.70913476,-14.86431783
12:21.3,-0.317,0.363,0.077,12:21.3,49.81335971,-14.86975627
12:21.5,-0.467,0.313,0.068,12:21.5,49.92008894,-14.87805299
12:21.6,-0.4,0.3,0.027,12:21.6,50.03065698,-14.88871197
12:21.8,-0.414,0.319,0.05,12:21.8,50.1397263,-14.89865627
12:22.0,-0.278,0.284,0.048,12:22.0,50.24979786,-14.91010891
12:22.2,-0.326,0.32,0.035,12:22.2,50.35867727,-14.92209446
12:22.4,-0.406,0.255,0.03,12:22.4,50.46483472,-14.93368095
12:22.6,-0.317,0.333,0.047,12:22.6,50.57064528,-14.94211205
12:22.8,-0.476,0.428,0.106,12:22.8,50.67635278,-14.95265378
12:23.0,-0.429,0.349,0.096,12:23.0,50.79451419,-14.96554146
12:23.2,-0.262,0.349,0.049,12:23.2,50.88501408,-14.97058886
12:23.4,-0.463,0.308,0.053,12:23.4,50.98705962,-14.97622546
12:23.6,-0.293,0.239,0.076,12:23.6,51.0860894,-14.98479414
12:23.8,-0.364,0.275,0.098,12:23.8,51.18262802,-14.98864221
12:24.0,-0.277,0.333,0.098,12:24.0,51.27878065,-14.99030847
12:24.2,-0.379,0.395,0.068,12:24.2,51.3747512,-14.98838338
12:24.4,-0.304,0.392,0.096,12:24.4,51.46666467,-14.98533508
12:24.6,-0.319,0.35,0.11,12:24.6,51.56244068,-14.98222174
12:24.8,-0.228,0.307,0.068,12:24.8,51.65869932,-14.98083322
12:25.0,-0.211,0.358,0.075,12:25.0,51.75108188,-14.9751255
12:25.2,-0.323,0.332,0.073,12:25.2,51.84345139,-14.96988379
12:25.4,-0.317,0.371,0.079,12:25.4,51.9377622,-14.9662205
12:25.6,-0.398,0.332,0.027,12:25.6,52.03037175,-14.95971864
12:25.8,-0.302,0.347,0.074,12:25.8,52.12665608,-14.9536575
12:26.0,-0.357,0.306,0.084,12:26.0,52.24845719,-14.949374
12:26.2,-0.244,0.289,0.052,12:26.2,52.34560865,-14.94291291
12:26.4,-0.261,0.375,0.066,12:26.3,52.41858201,-14.93797107
12:26.5,-0.221,0.387,0.049,12:26.5,52.51787162,-14.93335537
12:26.7,-0.331,0.217,0.047,12:26.7,52.6151112,-14.93059623
12:27.0,-0.268,0.298,0.082,12:27.0,52.73261792,-14.92957082
12:27.2,-0.282,0.312,0.044,12:27.2,52.82448365,-14.92944717
12:27.3,-0.259,0.398,0.042,12:27.3,52.89469181,-14.93144905
12:27.5,-0.276,0.297,0.07,12:27.5,52.98677723,-14.93505424
12:27.7,-0.412,0.342,0.08,12:27.7,53.07755287,-14.9387264
12:27.9,-0.28,0.26,0.085,12:27.9,53.16794011,-14.94344784
12:28.1,-0.316,0.251,0.054,12:28.1,53.28176344,-14.9463578
12:28.3,-0.305,0.333,0.059,12:28.3,53.37313116,-14.95542888
12:28.5,-0.352,0.331,0.031,12:28.5,53.46503467,-14.96396099
12:28.7,-0.338,0.318,0.037,12:28.7,53.5574947,-14.97485448
12:28.9,-0.234,0.345,0.061,12:28.9,53.64887932,-14.98739684
12:29.1,-0.358,0.224,0.045,12:29.1,53.72073501,-14.99726051
12:29.3,-0.324,0.251,0.055,12:29.3,53.84086434,-15.00982857
12:29.5,-0.327,0.221,0.009,12:29.5,53.93631485,-15.02086456
12:29.7,-0.314,0.409,0.06,12:29.7,54.03293414,-15.03018835
12:29.9,-0.304,0.376,0.054,12:29.9,54.13050399,-15.03728856
12:30.1,-0.405,0.214,0.054,12:30.1,54.23074426,-15.04298573
12:30.3,-0.308,0.304,0.053,12:30.3,54.34422164,-15.04347398
12:30.5,-0.362,0.327,0.038,12:30.5,54.44928018,-15.0494294
12:30.7,-0.367,0.229,0.051,12:30.7,54.54934526,-15.04717767
12:30.9,-0.277,0.258,0.002,12:30.9,54.62586135,-15.04273474
12:31.1,-0.209,0.372,0.042,12:31.1,54.71936095,-15.03547698
12:31.3,-0.359,0.342,0.084,12:31.3,54.8133214,-15.02581454
12:31.5,-0.291,0.371,0.019,12:31.5,54.90703017,-15.01735362
12:31.7,-0.268,0.414,0.09,12:31.7,55.02220649,-15.00663567
12:31.9,-0.164,0.305,0.071,12:31.9,55.11405309,-14.99727608
12:32.1,-0.29,0.48,0.074,12:32.1,55.20553383,-14.9883268
12:32.3,-0.259,0.346,0.068,12:32.3,55.29765874,-14.98110928
12:32.5,-0.286,0.287,0.06,12:32.4,55.36628331,-14.97771304
12:32.7,-0.42,0.324,0.092,12:32.6,55.45725587,-14.97563641
12:32.9,-0.326,0.256,0.06,12:32.9,55.57060383,-14.97454811
12:33.1,-0.357,0.166,0.027,12:33.1,55.66107201,-14.97599273
12:33.3,-0.389,0.354,0.094,12:33.3,55.74974965,-14.97912392
12:33.5,-0.398,0.32,0.039,12:33.5,55.84205792,-14.98856075
12:33.7,-0.339,0.276,0.036,12:33.7,55.93625208,-15.00122135
12:33.8,-0.481,0.356,0.052,12:33.9,56.03149248,-15.01384056
12:34.1,-0.399,0.331,0.006,12:34.1,56.14966321,-15.0266433
12:34.3,-0.457,0.201,-0.029,12:34.2,56.22656577,-15.04040275
12:34.4,-0.424,0.331,0.031,12:34.4,56.33282179,-15.05907822
12:34.6,-0.407,0.235,0.07,12:34.6,56.43966021,-15.07317404
12:34.8,-0.526,0.381,0.061,12:34.8,56.55023391,-15.09284671
12:35.0,-0.347,0.443,0.014,12:35.0,56.66288437,-15.10730654
12:35.2,-0.399,0.376,0.021,12:35.3,56.80098119,-15.1217706
12:35.5,-0.325,0.391,0.044,12:35.5,56.91488315,-15.13253776
12:35.7,-0.401,0.263,0.058,12:35.7,57.03092187,-15.13778933
12:35.9,-0.379,0.339,0.055,12:35.9,57.13783963,-15.1401648
12:36.1,-0.299,0.34,0.068,12:36.1,57.26298881,-15.13571295
12:36.2,-0.312,0.292,0.093,12:36.2,57.34883186,-15.14042668
12:36.5,-0.333,0.319,0.121,12:36.5,57.47439931,-15.13663191
12:36.7,-0.365,0.362,0.093,12:36.7,57.57179128,-15.12922728
12:36.9,-0.204,0.336,0.075,12:36.9,57.66720338,-15.12015844
12:37.1,-0.188,0.37,0.065,12:37.1,57.75879891,-15.10669962
12:37.3,-0.21,0.222,0.103,12:37.3,57.84870963,-15.09184875
12:37.5,-0.209,0.311,0.12,12:37.5,57.94592656,-15.0706558
12:37.7,-0.271,0.396,0.057,12:37.7,58.05030708,-15.06006292
12:37.9,-0.354,0.278,0.081,12:37.9,58.12763871,-15.0577832
12:38.1,-0.476,0.263,0.092,12:38.1,58.21221786,-15.05120002
12:38.3,-0.26,0.296,0.073,12:38.3,58.29541991,-15.04358856
12:38.5,-0.486,0.327,0.126,12:38.5,58.38504275,-15.04525825
12:38.7,-0.315,0.276,0.025,12:38.6,58.47639567,-15.04973175
12:38.9,-0.361,0.299,0,12:38.9,58.59371273,-15.05856131
12:39.1,-0.381,0.38,0.051,12:39.1,58.69350356,-15.07242744
12:39.3,-0.351,0.335,0.071,12:39.3,58.77350311,-15.087394
12:39.5,-0.385,0.402,0.015,12:39.5,58.87897504,-15.1058692
12:39.7,-0.263,0.306,0.004,12:39.7,59.00876333,-15.12791095
12:39.9,-0.365,0.179,0.057,12:39.9,59.11027597,-15.14757262
12:40.1,-0.42,0.285,0.01,12:40.1,59.23749661,-15.16706401
12:40.3,-0.451,0.395,0.023,12:40.3,59.31814429,-15.18530628
12:40.5,-0.333,0.223,-0.018,12:40.5,59.41968903,-15.19955931
12:40.7,-0.308,0.265,0.01,12:40.7,59.54439263,-15.21306704
12:40.9,-0.34,0.343,0.058,12:40.9,59.64587468,-15.224014
12:41.1,-0.244,0.281,0.019,12:41.1,59.74546059,-15.22798544
12:41.3,-0.272,0.254,0.069,12:41.3,59.86420288,-15.229217
12:41.5,-0.292,0.311,0.059,12:41.5,59.93497913,-15.22320552
12:41.7,-0.245,0.379,0.097,12:41.7,60.02616494,-15.21595761
12:41.9,-0.316,0.483,0.059,12:41.9,60.11694374,-15.20368422
12:42.1,-0.148,0.335,0.057,12:42.1,60.20890481,-15.18847167
12:42.3,-0.28,0.334,0.095,12:42.3,60.30126726,-15.17344216
12:42.5,-0.283,0.387,0.03,12:42.5,60.41707737,-15.15788864
12:42.7,-0.246,0.381,0.028,12:42.7,60.50853012,-15.14542824
12:42.9,-0.286,0.355,0.057,12:42.9,60.60240351,-15.13764481
12:43.1,-0.299,0.361,0.026,12:43.1,60.71811581,-15.13595477
12:43.3,-0.392,0.38,0.041,12:43.3,60.79769905,-15.13384801
12:43.5,-0.32,0.334,0.048,12:43.5,60.89142827,-15.13488254
12:43.7,-0.335,0.279,0.068,12:43.7,61.01365073,-15.14228478
12:43.9,-0.346,0.231,-0.015,12:43.9,61.11690161,-15.15872586
12:44.1,-0.35,0.397,0.027,12:44.1,61.21987447,-15.1724657
12:44.3,-0.396,0.31,-0.021,12:44.3,61.32506653,-15.19170073
12:44.5,-0.431,0.329,0.03,12:44.5,61.42964749,-15.21073548
12:44.7,-0.415,0.303,-0.034,12:44.7,61.53606246,-15.23254627
12:44.9,-0.427,0.287,0.028,12:45.0,61.67017185,-15.25401714
12:45.1,-0.371,0.252,0.024,12:45.1,61.75163084,-15.27102346
12:45.3,-0.495,0.254,0.036,12:45.3,61.85751489,-15.28876622
12:45.5,-0.365,0.221,0.044,12:45.5,61.95804681,-15.30317349
12:45.7,-0.332,0.271,0.028,12:45.7,62.07389164,-15.3118772
12:45.9,-0.355,0.354,0.047,12:45.9,62.16804676,-15.31331311
12:46.1,-0.324,0.202,0.032,12:46.1,62.27406716,-15.3205117
12:46.3,-0.262,0.187,0.109,12:46.3,62.36543658,-15.31657959
12:46.5,-0.221,0.248,0.07,12:46.5,62.45242522,-15.30725034
12:46.7,-0.233,0.32,0.056,12:46.7,62.54610528,-15.28077881
12:46.9,-0.226,0.359,0.091,12:46.9,62.63692457,-15.26545251
12:47.1,-0.286,0.344,0.122,12:47.1,62.73149735,-15.26533463
12:47.4,-0.174,0.214,0.079,12:47.3,62.81713531,-15.24834925
12:47.5,-0.306,0.409,0.002,12:47.6,62.90409128,-15.23277469
12:47.7,-0.203,0.303,0.017,12:47.8,63.007128,-15.2136215
12:47.9,-0.209,0.327,0.039,12:47.9,63.08498738,-15.21039111
12:48.1,-0.342,0.354,0.039,12:48.1,63.18046585,-15.20233111
12:48.3,-0.429,0.326,0.038,12:48.3,63.28113063,-15.19847672
12:48.5,-0.39,0.274,0.022,12:48.5,63.38408445,-15.19662563
12:48.7,-0.492,0.226,0.034,12:48.7,63.49174123,-15.19810881
12:48.9,-0.358,0.347,0.053,12:48.9,63.60662655,-15.20128074
12:49.1,-0.331,0.353,0.017,12:49.1,63.72138367,-15.20695191
12:49.3,-0.397,0.396,-0.002,12:49.3,63.83806221,-15.21958999
12:49.5,-0.392,0.368,-0.006,12:49.5,63.9845499,-15.23320144
12:49.7,-0.3,0.378,0.038,12:49.7,64.10243124,-15.24849935
12:49.9,-0.344,0.332,0.035,12:49.9,64.21847958,-15.26143907
12:50.1,-0.425,0.249,0.055,12:50.1,64.33045617,-15.27713611
12:50.3,-0.363,0.312,0.03,12:50.3,64.43890548,-15.28924833
12:50.5,-0.421,0.356,0.021,12:50.5,64.56046498,-15.30567142
12:50.8,-0.303,0.298,0.055,12:50.8,64.67965292,-15.31658789
12:51.0,-0.312,0.309,0.035,12:51.0,64.76919335,-15.32224469
12:51.2,-0.259,0.347,0.091,12:51.2,64.863254,-15.33136904
12:51.4,-0.239,0.197,0.095,12:51.4,64.96078998,-15.33847592
12:51.6,-0.305,0.248,0.081,12:51.6,65.03567399,-15.34357576
12:51.8,-0.319,0.254,0.045,12:51.8,65.14209842,-15.34920256
12:52.0,-0.141,0.264,0.062,12:52.0,65.21921508,-15.35165464
12:52.2,-0.202,0.326,0.076,12:52.2,65.29931467,-15.35231607
12:52.4,-0.348,0.316,0.089,12:52.4,65.38018356,-15.35154778
12:52.6,-0.266,0.226,0.075,12:52.6,65.46194571,-15.35030293
12:52.8,-0.334,0.255,0.046,12:52.8,65.54446496,-15.34885792
12:53.0,-0.273,0.266,0.011,12:53.0,65.6705363,-15.34755514
12:53.2,-0.276,0.368,0.053,12:53.2,65.73678639,-15.34309026
12:53.4,-0.268,0.315,0.043,12:53.4,65.84603499,-15.33738486
12:53.6,-0.45,0.256,0.041,12:53.6,65.93875341,-15.33088716
12:53.8,-0.369,0.282,0.068,12:53.8,66.03467994,-15.3239147
12:54.1,-0.325,0.298,0.074,12:54.1,66.15415735,-15.31144965
12:54.3,-0.261,0.262,0.04,12:54.3,66.25483276,-15.30249158
12:54.5,-0.367,0.312,0.061,12:54.5,66.35593805,-15.29296647
12:54.7,-0.36,0.336,0.048,12:54.7,66.45861791,-15.28719948
12:54.9,-0.378,0.466,0.057,12:54.9,66.55900225,-15.27887404
12:55.1,-0.257,0.276,0.073,12:55.1,66.68773611,-15.27429779
12:55.3,-0.247,0.463,0.052,12:55.3,66.82115583,-15.27337085
12:55.5,-0.364,0.398,0.027,12:55.5,66.92485156,-15.27474191
12:55.7,-0.361,0.267,0.078,12:55.7,67.00876641,-15.27399267
12:55.9,-0.408,0.439,0.028,12:55.9,67.11643088,-15.28063932
12:56.1,-0.409,0.238,0.061,12:56.1,67.2258956,-15.29194611
12:56.3,-0.482,0.317,0.058,12:56.3,67.36168024,-15.3072335
12:56.5,-0.326,0.11,0.022,12:56.5,67.46751228,-15.32462626
12:56.7,-0.328,0.343,0.016,12:56.7,67.57489405,-15.34607035
12:56.9,-0.403,0.238,0.065,12:56.9,67.68264262,-15.36841564
12:57.1,-0.289,0.253,0.104,12:57.2,67.81590398,-15.39704457
12:57.3,-0.352,0.166,0.074,12:57.3,67.91499353,-15.41596293
12:57.6,-0.402,0.266,0.11,12:57.6,68.04082419,-15.4398586
12:57.8,-0.372,0.287,0.117,12:57.8,68.1382421,-15.45685495
12:58.0,-0.415,0.139,0.103,12:58.0,68.23498164,-15.4722976
12:58.2,-0.277,0.2,0.087,12:58.2,68.33090666,-15.48547485
12:58.4,-0.33,0.263,0.118,12:58.4,68.42641065,-15.49222214
12:58.6,-0.337,0.284,0.112,12:58.6,68.54175496,-15.49601215
12:58.8,-0.196,0.253,0.1,12:58.8,68.62983326,-15.49068066
12:59.0,-0.255,0.253,0.103,12:59.0,68.7160738,-15.48187878
12:59.2,-0.352,0.219,0.028,12:59.2,68.808122,-15.47145736
12:59.4,-0.227,0.287,0.106,12:59.4,68.89648867,-15.45620108
12:59.6,-0.219,0.314,0.106,12:59.6,68.98579122,-15.43748288
12:59.8,-0.398,0.301,0.1,12:59.8,69.10041166,-15.41822972
13:00.0,-0.388,0.343,0.096,13:00.0,69.19703486,-15.39815467
13:00.2,-0.25,0.214,0.079,13:00.2,69.31136372,-15.36781112
13:00.4,-0.336,0.269,0.113,13:00.4,69.41137442,-15.35678487
13:00.6,-0.314,0.399,0.061,13:00.7,69.5086384,-15.35080865
13:00.9,-0.375,0.251,0.029,13:00.9,69.61268212,-15.34653937
13:01.1,-0.352,0.327,0.074,13:01.1,69.71474884,-15.3443424
13:01.3,-0.334,0.201,0.041,13:01.3,69.81774953,-15.34807862
13:01.5,-0.33,0.283,0.04,13:01.5,69.92211222,-15.35584257
13:01.7,-0.401,0.354,0.037,13:01.7,70.05367396,-15.36759058
13:01.9,-0.492,0.338,0.055,13:01.9,70.16376428,-15.38510593
13:02.1,-0.507,0.397,0.015,13:02.1,70.30225831,-15.40545752
13:02.3,-0.449,0.283,0.013,13:02.3,70.41497301,-15.42587907
13:02.5,-0.324,0.221,0.026,13:02.5,70.52601593,-15.44677231
13:02.7,-0.444,0.406,0.062,13:02.7,70.63573862,-15.46683836
13:02.9,-0.457,0.289,0.033,13:02.9,70.74400061,-15.48420309
13:03.1,-0.42,0.203,0.059,13:03.1,70.87499025,-15.50204972
13:03.4,-0.282,0.314,0.056,13:03.3,70.97862643,-15.5151575
13:03.6,-0.278,0.314,0.079,13:03.6,71.08014366,-15.52139718
13:03.8,-0.228,0.431,0.098,13:03.7,71.1790925,-15.52480518
13:04.0,-0.332,0.329,0.058,13:03.9,71.27708028,-15.52501975
13:04.2,-0.319,0.285,0.111,13:04.2,71.39772628,-15.52332666
13:04.4,-0.278,0.309,0.108,13:04.4,71.51493483,-15.52019609
13:04.6,-0.247,0.3,0.086,13:04.6,71.60664537,-15.51241282
13:04.8,-0.308,0.249,0.032,13:04.8,71.69820348,-15.50442463
13:05.0,-0.282,0.319,0.093,13:05.0,71.78782638,-15.49372103
13:05.2,-0.252,0.24,0.086,13:05.2,71.87921767,-15.48342628
13:05.4,-0.298,0.309,0.096,13:05.4,71.9699411,-15.47499066
13:05.6,-0.361,0.28,0.046,13:05.6,72.0821934,-15.46838809
13:05.8,-0.292,0.317,0.084,13:05.8,72.17405735,-15.4618915
13:06.0,-0.272,0.312,0.065,13:06.0,72.26620266,-15.45706683
13:06.2,-0.402,0.246,0.093,13:06.2,72.35922062,-15.45376565
13:06.4,-0.294,0.244,0.022,13:06.4,72.45408835,-15.45143605
13:06.7,-0.372,0.399,0.088,13:06.7,72.57258363,-15.45068771
13:06.9,-0.306,0.264,0.032,13:06.9,72.66752177,-15.45054069
13:07.1,-0.343,0.312,0.066,13:07.1,72.7662835,-15.45422474
13:07.3,-0.271,0.353,0.081,13:07.3,72.86083264,-15.45454265
13:07.5,-0.486,0.346,0.012,13:07.5,72.96367787,-15.461872
13:07.7,-0.294,0.335,0.016,13:07.7,73.08464492,-15.46825465
13:07.9,-0.349,0.422,0.075,13:07.9,73.1844481,-15.47603997
13:08.1,-0.341,0.476,0.06,13:08.1,73.30464683,-15.48735227
13:08.3,-0.281,0.406,0.059,13:08.3,73.40310999,-15.50008134
13:08.5,-0.308,0.287,0.041,13:08.5,73.49871462,-15.51007688
13:08.7,-0.452,0.257,0.055,13:08.7,73.59628488,-15.52202797
13:08.9,-0.344,0.352,0.077,13:08.9,73.71829666,-15.53586887
13:09.1,-0.339,0.316,0.02,13:09.1,73.8154825,-15.54868918
13:09.3,-0.337,0.322,0.016,13:09.3,73.91160199,-15.56106681
13:09.5,-0.246,0.251,0.013,13:09.5,74.00743339,-15.57379601
13:09.7,-0.352,0.396,0.065,13:09.7,74.10140923,-15.58327222
13:10.0,-0.298,0.206,0.095,13:10.0,74.21738716,-15.59490553
13:10.2,-0.242,0.241,0.047,13:10.2,74.30881538,-15.60106353
13:10.4,-0.306,0.215,0.051,13:10.4,74.40103095,-15.60649575
13:10.6,-0.217,0.378,0.077,13:10.6,74.48797942,-15.60805574
13:10.8,-0.289,0.34,0.073,13:10.8,74.57686628,-15.6073365
13:11.0,-0.309,0.342,0.066,13:11.0,74.68858295,-15.60711477
13:11.2,-0.265,0.38,0.094,13:11.2,74.77998254,-15.6028418
13:11.4,-0.349,0.239,0.071,13:11.4,74.89022642,-15.59591268
13:11.6,-0.364,0.316,0.08,13:11.6,74.98002078,-15.58723573
13:11.8,-0.377,0.355,0.088,13:11.8,75.07171642,-15.57992003
13:12.0,-0.261,0.393,0.13,13:12.0,75.16661341,-15.57289073
13:12.3,-0.278,0.435,0.097,13:12.2,75.28626068,-15.56694909
13:12.5,-0.467,0.341,0.077,13:12.5,75.40608864,-15.56488766
13:12.7,-0.344,0.262,0.049,13:12.7,75.50690789,-15.56511716
13:12.9,-0.357,0.289,0.029,13:12.9,75.58493501,-15.56466536
13:13.1,-0.422,0.266,0.068,13:13.1,75.68554425,-15.56847959
13:13.3,-0.382,0.311,0.044,13:13.3,75.78785435,-15.57681712
13:13.5,-0.321,0.332,0.01,13:13.5,75.91621044,-15.58831478
13:13.7,-0.407,0.393,-0.011,13:13.7,76.02299252,-15.59800781
13:13.9,-0.338,0.324,-0.013,13:13.9,76.1313771,-15.61275732
13:14.1,-0.332,0.319,0.063,13:14.1,76.26313218,-15.62538018
13:14.3,-0.37,0.334,0.025,13:14.3,76.37150585,-15.63640982
13:14.5,-0.369,0.417,0.073,13:14.6,76.50641592,-15.64856638
13:14.8,-0.425,0.273,0.034,13:14.8,76.61472953,-15.66124036
13:15.0,-0.428,0.205,0.08,13:15.0,76.72118953,-15.67037784
13:15.2,-0.322,0.355,0.067,13:15.2,76.82319263,-15.67736794
13:15.4,-0.386,0.312,0.053,13:15.4,76.95036696,-15.68548046
13:15.6,-0.353,0.31,0.081,13:15.6,77.04901801,-15.68946949
13:15.8,-0.243,0.229,0.079,13:15.8,77.17257608,-15.69308267
13:16.0,-0.327,0.33,0.097,13:16.0,77.26694948,-15.69215786
13:16.2,-0.274,0.227,0.138,13:16.2,77.35814992,-15.69051354
13:16.5,-0.264,0.128,0.067,13:16.5,77.47213354,-15.68614949
13:16.7,-0.316,0.223,0.08,13:16.7,77.56184945,-15.68259468
13:16.9,-0.323,0.35,0.014,13:16.9,77.67355261,-15.67970955
13:17.1,-0.304,0.38,0.052,13:17.1,77.76463581,-15.67492895
13:17.3,-0.355,0.259,0.048,13:17.3,77.85642306,-15.67122515
13:17.5,-0.315,0.422,0.061,13:17.5,77.97310844,-15.66709235
13:17.7,-0.279,0.338,0.089,13:17.7,78.07031498,-15.66406632
13:17.9,-0.271,0.254,0.058,13:17.9,78.16611347,-15.66012157
13:18.2,-0.405,0.345,0.03,13:18.2,78.28597113,-15.65774295
13:18.4,-0.325,0.417,0.073,13:18.4,78.38628193,-15.65788042
13:18.6,-0.483,0.189,0.069,13:18.6,78.51047001,-15.65894376
13:18.8,-0.428,0.296,0.062,13:18.8,78.6154584,-15.66498103
13:19.0,-0.355,0.287,0.072,13:19.0,78.72068421,-15.67210706
13:19.2,-0.412,0.303,0.067,13:19.2,78.85164341,-15.68046455
13:19.5,-0.343,0.273,0.072,13:19.4,78.95549431,-15.68779591
13:19.7,-0.264,0.207,0.066,13:19.7,79.08128231,-15.69647093
13:19.9,-0.404,0.217,0.07,13:19.9,79.17939778,-15.70243343
13:20.1,-0.335,0.244,0.058,13:20.1,79.27846509,-15.71300294
13:20.3,-0.361,0.275,0.043,13:20.3,79.37228337,-15.72017733
13:20.5,-0.287,0.369,0.053,13:20.5,79.4882434,-15.7299647
13:20.7,-0.405,0.279,0.066,13:20.7,79.5771644,-15.73683936
13:20.9,-0.215,0.275,0.009,13:20.9,79.66643191,-15.74024435
13:21.1,-0.26,0.228,0.051,13:21.1,79.77709876,-15.74235824
13:21.3,-0.275,0.3,0.071,13:21.3,79.8654068,-15.74504202
13:21.6,-0.295,0.262,0.038,13:21.6,79.97629953,-15.74451252
13:21.8,-0.307,0.174,0.056,13:21.8,80.06647933,-15.74635906
13:22.0,-0.271,0.32,0.078,13:22.0,80.15543813,-15.74209618
13:22.2,-0.279,0.312,0.042,13:22.2,80.27137868,-15.74314867
13:22.4,-0.253,0.279,0.08,13:22.4,80.36465228,-15.74142903
13:22.6,-0.242,0.378,0.083,13:22.6,80.46176945,-15.73939416
13:22.8,-0.345,0.282,0.034,13:22.9,80.58196461,-15.73600985
13:23.0,-0.216,0.319,0.044,13:23.0,80.6797921,-15.73301154
13:23.3,-0.42,0.242,0.098,13:23.2,80.77824811,-15.72790395
13:23.5,-0.272,0.308,0.061,13:23.4,80.87831992,-15.72669511
13:23.7,-0.322,0.36,0.088,13:23.7,81.0053053,-15.72486812
13:23.9,-0.415,0.387,0.087,13:23.9,81.13501173,-15.72659867
13:24.1,-0.387,0.323,0.043,13:24.1,81.24095913,-15.72959719
13:24.3,-0.274,0.238,0.083,13:24.3,81.34714433,-15.73482052
13:24.5,-0.312,0.265,0.018,13:24.5,81.45303485,-15.74042905
13:24.7,-0.305,0.398,0.082,13:24.8,81.58369723,-15.74181866
13:24.9,-0.447,0.353,0.035,13:24.9,81.69131007,-15.74569787
13:25.2,-0.419,0.212,0.019,13:25.2,81.8211845,-15.74959764
13:25.4,-0.383,0.223,0.082,13:25.4,81.92912813,-15.75251138
13:25.6,-0.358,0.266,0.141,13:25.6,82.06477614,-15.75606068
13:25.8,-0.358,0.41,0.075,13:25.8,82.17220498,-15.75877995
13:26.0,-0.35,0.404,0,13:26.0,82.285578,-15.76321562
13:26.2,-0.398,0.319,0.061,13:26.3,82.4164541,-15.76445181
13:26.5,-0.292,0.347,0.041,13:26.5,82.52350569,-15.76632381
13:26.7,-0.31,0.322,0.042,13:26.7,82.6293734,-15.7704584
13:26.9,-0.363,0.337,0.087,13:26.9,82.73660897,-15.77516979
13:27.1,-0.326,0.309,0.089,13:27.1,82.86673846,-15.7796573
13:27.3,-0.36,0.243,0.066,13:27.3,82.97131414,-15.78535768
13:27.5,-0.304,0.253,0.085,13:27.5,83.09993426,-15.78945581
13:27.7,-0.358,0.279,0.072,13:27.7,83.2010735,-15.79769357
13:27.9,-0.267,0.333,0.073,13:27.9,83.30152703,-15.80481937
13:28.1,-0.314,0.334,0.078,13:28.1,83.3974676,-15.81211554
13:28.3,-0.344,0.295,0.028,13:28.3,83.49261845,-15.82209729
13:28.6,-0.327,0.228,0.094,13:28.6,83.63221823,-15.83031827
13:28.8,-0.356,0.266,0.082,13:28.8,83.7249787,-15.83498415
13:29.0,-0.407,0.28,0.116,13:29.0,83.81401099,-15.83718899
13:29.2,-0.237,0.331,0.054,13:29.2,83.90723819,-15.83745379
13:29.4,-0.241,0.315,0.07,13:29.4,83.99977418,-15.83696601
13:29.6,-0.322,0.27,0.134,13:29.6,84.11707248,-15.83805083
13:29.9,-0.284,0.286,0.093,13:29.9,84.23605106,-15.83842648
13:30.1,-0.272,0.315,0.092,13:30.1,84.33156726,-15.83041255
13:30.3,-0.21,0.365,0.085,13:30.3,84.45144307,-15.82471648
13:30.5,-0.239,0.226,0.06,13:30.5,84.55058279,-15.81616214
13:30.7,-0.333,0.402,0.028,13:30.7,84.65216508,-15.80927414
13:30.9,-0.236,0.432,0.005,13:30.9,84.78107933,-15.80465472
13:31.1,-0.249,0.318,0.038,13:31.1,84.8875923,-15.80060304
13:31.3,-0.333,0.345,0.008,13:31.3,84.99511417,-15.80110793
13:31.6,-0.34,0.378,0.011,13:31.6,85.12878458,-15.8047805
13:31.8,-0.369,0.352,0.039,13:31.8,85.23616473,-15.81271181
13:32.0,-0.436,0.341,0.05,13:32.0,85.34374243,-15.82314892
13:32.2,-0.283,0.317,0.088,13:32.2,85.47507778,-15.83651438
13:32.4,-0.334,0.182,0.038,13:32.4,85.58134819,-15.85484765
13:32.6,-0.348,0.174,0.033,13:32.6,85.70773947,-15.87575587
13:32.9,-0.331,0.242,0.049,13:32.8,85.80318733,-15.89638532
13:33.1,-0.233,0.252,0.083,13:33.0,85.89574821,-15.91521589
13:33.3,-0.396,0.185,0.045,13:33.3,86.01133219,-15.93559184
13:33.5,-0.256,0.316,0.052,13:33.5,86.12227377,-15.95461289
13:33.7,-0.32,0.31,0.155,13:33.7,86.21198034,-15.97134812
13:33.9,-0.235,0.292,0.064,13:33.9,86.29459381,-15.97978876
13:34.1,-0.326,0.399,0.075,13:34.1,86.37497436,-15.98058873
13:34.3,-0.295,0.219,0.101,13:34.4,86.47530588,-15.98060485
13:34.6,-0.208,0.308,0.075,13:34.6,86.57813232,-15.97607696
13:34.8,-0.239,0.264,0.075,13:34.8,86.65969473,-15.96764602
13:35.0,-0.302,0.271,0.082,13:35.0,86.74488149,-15.95370189
13:35.2,-0.3,0.418,0.039,13:35.2,86.85426938,-15.93973939
13:35.4,-0.338,0.347,0.084,13:35.4,86.95059477,-15.92377361
13:35.7,-0.263,0.474,0.029,13:35.7,87.06895675,-15.91015929
13:35.9,-0.398,0.282,0.037,13:35.9,87.20683905,-15.89216706
13:36.1,-0.348,0.386,-0.005,13:36.1,87.30205281,-15.88955287
13:36.3,-0.472,0.412,0.036,13:36.3,87.41135217,-15.88359807
13:36.5,-0.487,0.391,0.003,13:36.5,87.52079989,-15.8805074
13:36.7,-0.335,0.272,0.021,13:36.7,87.63240235,-15.8839846
13:37.0,-0.513,0.303,0.059,13:36.9,87.76666034,-15.89016939
13:37.2,-0.453,0.276,0.021,13:37.2,87.89919086,-15.90075838
13:37.4,-0.438,0.319,0.043,13:37.4,88.00857751,-15.9149976
13:37.6,-0.447,0.245,0.052,13:37.6,88.11763119,-15.93171661
13:37.8,-0.377,0.31,-0.005,13:37.8,88.24603945,-15.94954987
13:38.0,-0.351,0.373,0.063,13:38.1,88.37466218,-15.96849562
13:38.3,-0.34,0.243,0.02,13:38.3,88.47563332,-15.98533661
13:38.5,-0.377,0.314,0.048,13:38.5,88.57226086,-16.00112699
13:38.7,-0.245,0.211,0.004,13:38.7,88.66453729,-16.01210947
13:38.9,-0.251,0.371,0.04,13:38.9,88.77802769,-16.02149156
13:39.1,-0.299,0.295,0.061,13:39.1,88.86599221,-16.02669157
13:39.3,-0.346,0.377,0.026,13:39.3,88.9752554,-16.03057694
13:39.5,-0.22,0.194,0.025,13:39.5,89.05938396,-16.030577
13:39.7,-0.325,0.274,0.029,13:39.7,89.14528299,-16.02680962
13:40.0,-0.211,0.383,0.083,13:40.0,89.25728947,-16.0206851
13:40.2,-0.153,0.338,0.099,13:40.2,89.34842697,-16.01222548
13:40.4,-0.246,0.499,0.056,13:40.4,89.46456656,-16.00259582
13:40.6,-0.342,0.392,0.083,13:40.6,89.58507439,-15.99358289
13:40.8,-0.259,0.261,0.077,13:40.8,89.68373886,-15.98037045
13:41.1,-0.29,0.402,0.028,13:41.0,89.78600418,-15.96876359
13:41.3,-0.346,0.368,0.076,13:41.3,89.9125501,-15.95850236
13:41.5,-0.386,0.316,0.094,13:41.5,90.01718607,-15.95160928
13:41.7,-0.347,0.319,0.049,13:41.7,90.14648964,-15.94562332
13:41.9,-0.29,0.45,0.04,13:41.9,90.25247851,-15.94379735
13:42.1,-0.262,0.304,0.024,13:42.2,90.38194528,-15.94152693
13:42.4,-0.412,0.284,0.048,13:42.4,90.48330797,-15.93872544
13:42.6,-0.409,0.288,0.118,13:42.6,90.5852892,-15.94190337
13:42.8,-0.221,0.382,0.06,13:42.8,90.7114304,-15.94601493
13:43.0,-0.391,0.266,0.05,13:43.0,90.80867298,-15.95363413
13:43.2,-0.374,0.316,0.03,13:43.2,90.92886322,-15.96602874
13:43.4,-0.327,0.328,0.022,13:43.4,91.0267867,-15.97962902
13:43.6,-0.399,0.231,0.069,13:43.6,91.12196632,-15.99320221
13:43.9,-0.407,0.304,0.029,13:43.9,91.23356166,-16.00463204
13:44.1,-0.326,0.142,0.072,13:44.1,91.3514092,-16.02287016
13:44.3,-0.28,0.286,0.044,13:44.3,91.44443907,-16.03950524
13:44.5,-0.39,0.233,0.004,13:44.5,91.53610055,-16.05619987
13:44.7,-0.38,0.222,0.059,13:44.7,91.64949684,-16.07210185
13:44.9,-0.27,0.288,0.041,13:44.9,91.73715021,-16.08216416
13:45.2,-0.278,0.268,0.048,13:45.2,91.85025794,-16.08893792
13:45.4,-0.227,0.33,0.073,13:45.4,91.96381225,-16.09523119
13:45.6,-0.298,0.346,0.01,13:45.6,92.05360755,-16.09705893
13:45.8,-0.248,0.321,-0.003,13:45.8,92.14408349,-16.09382131
13:46.0,-0.273,0.3,0.025,13:46.0,92.23577157,-16.0890797
13:46.2,-0.321,0.336,0.056,13:46.3,92.34954183,-16.08257846
13:46.5,-0.34,0.347,0.075,13:46.5,92.46566168,-16.07756811
13:46.7,-0.371,0.303,0.094,13:46.7,92.56243816,-16.07142376
13:46.9,-0.287,0.288,0.059,13:46.9,92.68869856,-16.0602123
13:47.1,-0.35,0.325,0.072,13:47.1,92.78607,-16.06084977
13:47.3,-0.351,0.296,-0.005,13:47.3,92.88475507,-16.05410508
13:47.6,-0.324,0.267,0.07,13:47.6,93.00583437,-16.04961876
13:47.8,-0.387,0.268,0.051,13:47.8,93.10302873,-16.04586374
13:48.0,-0.405,0.342,0.066,13:48.0,93.20048213,-16.0466109
13:48.2,-0.356,0.322,0.027,13:48.2,93.31672453,-16.04991966
13:48.4,-0.509,0.329,0.006,13:48.4,93.41074038,-16.054811
13:48.6,-0.338,0.276,0.061,13:48.6,93.50409832,-16.06106756
13:48.9,-0.328,0.307,0.081,13:48.9,93.64226139,-16.07073805
13:49.1,-0.305,0.29,0.038,13:49.1,93.7340594,-16.07923163
13:49.3,-0.456,0.281,0.046,13:49.3,93.82954355,-16.09025194
13:49.5,-0.421,0.251,0.029,13:49.5,93.92517145,-16.09934545
13:49.7,-0.347,0.325,0.016,13:49.7,94.04968881,-16.11327226
13:49.9,-0.332,0.372,0.027,13:49.9,94.17949288,-16.12728178
13:50.2,-0.426,0.351,0.037,13:50.2,94.28657566,-16.14044958
13:50.4,-0.328,0.465,0.013,13:50.4,94.39179863,-16.15330453
13:50.6,-0.478,0.252,0.03,13:50.6,94.49680258,-16.16085131
13:50.8,-0.379,0.387,0.065,13:50.8,94.62736591,-16.17069789
13:51.0,-0.254,0.352,0.089,13:51.0,94.73420702,-16.17401192
13:51.2,-0.291,0.321,0.037,13:51.2,94.86388081,-16.17828089
13:51.5,-0.289,0.306,0.095,13:51.5,94.99110957,-16.17885953
13:51.7,-0.285,0.29,0.091,13:51.7,95.0916053,-16.17361815
13:51.9,-0.251,0.406,0.054,13:51.9,95.18727462,-16.17095766
13:52.1,-0.328,0.228,0.07,13:52.1,95.28537908,-16.16799999
13:52.3,-0.258,0.374,0.07,13:52.3,95.42991404,-16.16639573
13:52.5,-0.253,0.183,0.051,13:52.5,95.51776007,-16.16090503
13:52.8,-0.324,0.385,0.051,13:52.7,95.60580095,-16.1546498
13:53.0,-0.295,0.242,0.078,13:53.0,95.71417287,-16.14803479
13:53.2,-0.304,0.308,0.047,13:53.2,95.80034119,-16.14512733
13:53.4,-0.276,0.269,0.053,13:53.4,95.88769926,-16.14033135
13:53.6,-0.303,0.254,0.063,13:53.6,95.99819944,-16.1398781
13:53.8,-0.483,0.248,0.084,13:53.8,96.09089526,-16.14407067
13:54.1,-0.352,0.233,0.062,13:54.1,96.21267016,-16.15094658
13:54.3,-0.32,0.257,0.028,13:54.3,96.31128222,-16.15456296
13:54.5,-0.352,0.374,-0.047,13:54.5,96.41423967,-16.16285756
13:54.7,-0.405,0.275,0.053,13:54.7,96.54334331,-16.17470368
13:54.9,-0.337,0.322,0.025,13:54.9,96.67759871,-16.18711644
13:55.2,-0.286,0.259,0.061,13:55.1,96.7858301,-16.20033085
13:55.4,-0.434,0.345,0.022,13:55.4,96.91772437,-16.2124668
13:55.6,-0.316,0.192,-0.003,13:55.6,97.02964123,-16.22711381
13:55.8,-0.245,0.252,0.069,13:55.8,97.13677389,-16.23751247
13:56.0,-0.321,0.192,0.075,13:56.0,97.28985241,-16.25033817
13:56.2,-0.202,0.26,0.065,13:56.2,97.38772049,-16.25891257
13:56.5,-0.299,0.278,0.032,13:56.4,97.48162418,-16.2619602
13:56.7,-0.265,0.288,0.015,13:56.6,97.57277092,-16.26753391
13:56.9,-0.28,0.276,0.078,13:56.9,97.69114899,-16.27022654
13:57.1,-0.183,0.253,0.013,13:57.1,97.80398865,-16.26575532
13:57.3,-0.31,0.236,0.022,13:57.4,97.91214059,-16.2635445
13:57.6,-0.26,0.264,0.093,13:57.6,97.9910322,-16.2574248
13:57.8,-0.217,0.282,0.075,13:57.8,98.07473356,-16.25390824
13:58.0,-0.253,0.212,0.088,13:58.0,98.17478945,-16.2467202
13:58.2,-0.169,0.345,0.075,13:58.2,98.26097184,-16.24514406
13:58.5,-0.301,0.215,0.079,13:58.4,98.36477652,-16.24222041
13:58.7,-0.28,0.301,0.085,13:58.6,98.45279091,-16.23862511
13:58.9,-0.234,0.315,0.034,13:58.9,98.56170124,-16.23874961
13:59.1,-0.274,0.395,0.092,13:59.1,98.67868672,-16.24041189
13:59.3,-0.366,0.283,-0.007,13:59.3,98.77857248,-16.24420685
13:59.6,-0.307,0.343,0.045,13:59.6,98.9078145,-16.25379106
13:59.8,-0.411,0.341,-0.038,13:59.8,99.01862715,-16.26237376
14:00.0,-0.412,0.372,0.031,14:00.0,99.16328657,-16.2686505
14:00.2,-0.394,0.202,0.029,14:00.2,99.27873609,-16.27643026
14:00.4,-0.374,0.322,0.016,14:00.4,99.41725386,-16.28601949
14:00.7,-0.378,0.307,0.034,14:00.7,99.56181378,-16.29621055
14:00.9,-0.367,0.356,0.019,14:00.9,99.67986188,-16.30336989
14:01.1,-0.33,0.393,0.063,14:01.1,99.81596951,-16.31066746
14:01.3,-0.333,0.19,0.144,14:01.3,99.91801329,-16.31912616
14:01.6,-0.403,0.346,0.104,14:01.6,100.0491595,-16.32098436
14:01.8,-0.31,0.3,0.084,14:01.8,100.1763787,-16.32200742
14:02.0,-0.222,0.288,0.065,14:02.0,100.2909184,-16.32615242
14:02.2,-0.277,0.262,0.084,14:02.2,100.3734434,-16.33115342
14:02.5,-0.375,0.279,0.09,14:02.5,100.4835474,-16.33714708
14:02.7,-0.269,0.185,0.052,14:02.7,100.5755573,-16.34061129
14:02.9,-0.298,0.131,0.062,14:02.9,100.6719381,-16.33782145
14:03.2,-0.231,0.273,0.081,14:03.2,100.7725718,-16.33317626
14:03.4,-0.363,0.291,0.039,14:03.4,100.8577047,-16.32924516
14:03.6,-0.252,0.242,0.048,14:03.6,100.9667304,-16.32752847
14:03.8,-0.282,0.336,0.046,14:03.8,101.055009,-16.32885808
14:04.0,-0.293,0.298,0.047,14:04.1,101.1691507,-16.32765954
14:04.3,-0.352,0.336,0.053,14:04.3,101.2970944,-16.32935682
14:04.5,-0.271,0.36,0.008,14:04.5,101.4023401,-16.33386841
14:04.7,-0.316,0.48,-0.007,14:04.7,101.5343461,-16.34244026
14:04.9,-0.436,0.258,0.054,14:04.9,101.6510222,-16.3513001
14:05.2,-0.451,0.249,0.05,14:05.2,101.7894997,-16.35820268
14:05.4,-0.351,0.374,0.044,14:05.4,101.955859,-16.37210413
14:05.6,-0.281,0.295,0.019,14:05.6,102.0668774,-16.3760889
14:05.8,-0.32,0.35,0.097,14:05.9,102.179116,-16.3800152
14:06.1,-0.28,0.285,0.085,14:06.1,102.2893596,-16.38222276
14:06.3,-0.432,0.273,0.007,14:06.3,102.4151738,-16.39302827
14:06.5,-0.362,0.312,0.072,14:06.5,102.5456447,-16.40019534
14:06.7,-0.175,0.215,0.046,14:06.7,102.6455501,-16.40368462
14:07.0,-0.263,0.244,0.02,14:06.9,102.7403366,-16.4056513
14:07.2,-0.28,0.38,0.033,14:07.2,102.8559607,-16.41056251
14:07.4,-0.33,0.323,0.072,14:07.4,102.970994,-16.40756433
14:07.6,-0.358,0.4,0.056,14:07.6,103.0646845,-16.40799964
14:07.9,-0.257,0.222,0.088,14:07.8,103.1793659,-16.40641602
14:08.1,-0.269,0.327,0.006,14:08.1,103.295013,-16.40553592
14:08.3,-0.266,0.341,0.038,14:08.3,103.3922293,-16.40228758
14:08.5,-0.328,0.273,0.042,14:08.5,103.5057254,-16.41088573
14:08.7,-0.273,0.263,0.037,14:08.7,103.6075652,-16.41806282
14:09.0,-0.37,0.258,0.103,14:09.0,103.752966,-16.42201652
14:09.2,-0.269,0.298,0.042,14:09.2,103.8539036,-16.42137321
14:09.4,-0.385,0.311,0.046,14:09.4,103.9567536,-16.42619746
14:09.6,-0.489,0.285,0.035,14:09.6,104.0627387,-16.43639288
14:09.8,-0.321,0.334,0.047,14:09.9,104.1940863,-16.43871814
14:10.1,-0.437,0.216,0.054,14:10.1,104.330887,-16.44824259
14:10.3,-0.319,0.339,0.043,14:10.3,104.4322217,-16.45742923
14:10.5,-0.427,0.347,0.095,14:10.5,104.566195,-16.46654932
14:10.7,-0.368,0.25,0.075,14:10.7,104.6695049,-16.4730146
14:11.0,-0.282,0.303,0.082,14:11.0,104.7987337,-16.46903817
14:11.2,-0.327,0.212,0.072,14:11.2,104.8994825,-16.47369486
14:11.4,-0.259,0.288,0.102,14:11.5,105.0485593,-16.47286397
14:11.7,-0.274,0.322,0.081,14:11.7,105.1431942,-16.47138064
14:11.9,-0.348,0.337,0.085,14:11.9,105.2437035,-16.47303748
14:12.1,-0.317,0.14,0.086,14:12.1,105.362945,-16.46732855
14:12.3,-0.287,0.323,0.05,14:12.3,105.4866345,-16.46653895
14:12.6,-0.378,0.445,0.073,14:12.6,105.6091291,-16.46480593
14:12.8,-0.325,0.353,0.092,14:12.8,105.7155494,-16.4627566
14:13.0,-0.386,0.349,0.042,14:13.0,105.8171429,-16.45758773
14:13.2,-0.224,0.342,-0.004,14:13.2,105.9466704,-16.44699853
14:13.4,-0.373,0.214,0.088,14:13.4,106.0591314,-16.44929848
14:13.7,-0.411,0.276,0.058,14:13.7,106.2153184,-16.44977172
14:13.9,-0.408,0.348,0.059,14:13.9,106.3188783,-16.44675195
14:14.1,-0.38,0.369,0.082,14:14.1,106.424081,-16.44915543
14:14.3,-0.444,0.263,0.023,14:14.3,106.5344546,-16.45438055
14:14.5,-0.326,0.239,0.087,14:14.5,106.6700531,-16.46421793
14:14.8,-0.387,0.277,0.05,14:14.8,106.8011771,-16.47199364
14:15.0,-0.311,0.209,0.084,14:15.0,106.9071707,-16.47786547
14:15.2,-0.263,0.226,0.044,14:15.2,107.0239282,-16.48830886
14:15.4,-0.338,0.314,0.06,14:15.4,107.1270157,-16.49503882
14:15.6,-0.234,0.282,0.039,14:15.7,107.245339,-16.51141516
14:15.9,-0.251,0.218,0.097,14:15.8,107.3363785,-16.52320833
14:16.1,-0.262,0.322,0.097,14:16.1,107.4755362,-16.53545912
14:16.3,-0.316,0.246,0.088,14:16.3,107.5627863,-16.53546043
14:16.5,-0.398,0.229,0.079,14:16.5,107.6492555,-16.53678061
14:16.8,-0.295,0.332,0.107,14:16.8,107.7575149,-16.53520471
14:17.0,-0.213,0.417,0.085,14:17.0,107.8443827,-16.52937313
14:17.2,-0.153,0.337,0.013,14:17.3,107.9789459,-16.52447879
14:17.5,-0.167,0.318,0.106,14:17.5,108.0710716,-16.51712001
14:17.7,-0.29,0.389,0.045,14:17.7,108.1901744,-16.496804
14:17.9,-0.287,0.297,0.035,14:17.9,108.2848472,-16.49678997
14:18.1,-0.317,0.361,0.059,14:18.1,108.3847542,-16.49162679
14:18.4,-0.453,0.365,0.065,14:18.4,108.5428871,-16.48323712
14:18.6,-0.392,0.447,0.035,14:18.6,108.6513458,-16.47909451
14:18.8,-0.375,0.372,0.106,14:18.8,108.7860621,-16.48039104
14:19.0,-0.383,0.317,0.07,14:19.0,108.8972849,-16.48178164
14:19.2,-0.45,0.359,0.065,14:19.2,109.0124538,-16.48662772
14:19.5,-0.246,0.327,0.023,14:19.5,109.1872235,-16.49991886
14:19.7,-0.443,0.409,0.082,14:19.7,109.3080892,-16.51448789
14:19.9,-0.402,0.294,-0.012,14:19.9,109.4301422,-16.52696158
14:20.1,-0.278,0.332,0.019,14:20.1,109.5688787,-16.54277542
14:20.4,-0.523,0.302,0.05,14:20.4,109.708761,-16.56234813
14:20.6,-0.337,0.282,0.1,14:20.6,109.8491111,-16.57848609
14:20.8,-0.413,0.224,0.085,14:20.8,109.9507799,-16.59860662
14:21.0,-0.485,0.357,0.107,14:21.0,110.0498133,-16.61171971
14:21.3,-0.235,0.261,0.079,14:21.3,110.1731056,-16.6249344
14:21.5,-0.25,0.208,0.107,14:21.5,110.2637813,-16.63526839
14:21.7,-0.287,0.348,0.072,14:21.7,110.4003041,-16.64420489
14:22.0,-0.22,0.282,0.059,14:21.9,110.4850903,-16.64114767
14:22.2,-0.347,0.273,0.114,14:22.2,110.5587092,-16.64161763
14:22.4,-0.168,0.274,0.111,14:22.4,110.654195,-16.6350492
14:22.6,-0.233,0.304,0.103,14:22.6,110.7394458,-16.61917702
14:22.9,-0.254,0.238,0.056,14:22.9,110.8640079,-16.61033333
14:23.1,-0.302,0.192,0.037,14:23.1,110.9495846,-16.58811545
14:23.3,-0.394,0.386,0.067,14:23.3,111.0530292,-16.57685259
14:23.5,-0.339,0.321,0.056,14:23.5,111.1487561,-16.56851025
14:23.7,-0.356,0.394,0.036,14:23.7,111.2671266,-16.56514557
14:24.0,-0.375,0.336,0.04,14:24.0,111.3969878,-16.56494687
14:24.2,-0.424,0.277,0.043,14:24.2,111.5002966,-16.56768692
14:24.4,-0.588,0.256,0.043,14:24.4,111.6322463,-16.57446902
14:24.6,-0.469,0.35,0.011,14:24.6,111.752443,-16.58719843
14:24.9,-0.442,0.302,-0.006,14:24.9,111.8966965,-16.60417073
14:25.1,-0.336,0.283,0.046,14:25.1,112.0423708,-16.62475556
14:25.3,-0.27,0.383,0.055,14:25.3,112.1649416,-16.64049092
14:25.5,-0.305,0.295,-0.008,14:25.6,112.3054071,-16.65556293
14:25.8,-0.43,0.291,0.023,14:25.8,112.4198063,-16.66639697
14:26.0,-0.213,0.215,0.014,14:26.0,112.5538197,-16.67987239
14:26.2,-0.373,0.309,0.086,14:26.2,112.6581254,-16.68488692
14:26.5,-0.321,0.314,0.076,14:26.5,112.8159076,-16.69289686
14:26.7,-0.267,0.342,0.078,14:26.7,112.9075344,-16.69565933
14:26.9,-0.26,0.302,0.063,14:26.9,113.0323595,-16.69531886
14:27.1,-0.286,0.31,0.08,14:27.1,113.1211089,-16.69420657
14:27.3,-0.323,0.262,0.076,14:27.3,113.2086532,-16.69642044
14:27.6,-0.116,0.296,0.065,14:27.6,113.3439017,-16.69304682
14:27.8,-0.332,0.303,0.077,14:27.8,113.4308523,-16.68777759
14:28.0,-0.258,0.194,0.039,14:28.0,113.5361416,-16.68520526
14:28.3,-0.228,0.331,0.078,14:28.2,113.6197535,-16.68129043
14:28.5,-0.3,0.325,0.042,14:28.5,113.7271738,-16.67847523
14:28.7,-0.325,0.265,0.049,14:28.7,113.8342221,-16.68094675
14:28.9,-0.22,0.336,0.064,14:28.9,113.9240673,-16.67763249
14:29.2,-0.278,0.31,0.061,14:29.2,114.0423836,-16.68002756
14:29.4,-0.298,0.367,-0.006,14:29.4,114.1418911,-16.68336003
14:29.6,-0.257,0.415,0.008,14:29.6,114.2581863,-16.69192384
14:29.9,-0.345,0.357,0.038,14:29.8,114.3832547,-16.69916203
14:30.1,-0.438,0.299,0.056,14:30.1,114.4998651,-16.69957708
14:30.3,-0.32,0.268,0.063,14:30.3,114.6024189,-16.70382817
14:30.5,-0.336,0.236,0.05,14:30.5,114.7273596,-16.70796437
14:30.7,-0.35,0.307,0.036,14:30.7,114.8317602,-16.7110594
14:31.0,-0.308,0.403,0.048,14:31.0,114.9878236,-16.71674113
14:31.2,-0.251,0.372,0.033,14:31.2,115.0911737,-16.71550026
14:31.4,-0.321,0.237,0.011,14:31.4,115.1956996,-16.71185363
14:31.6,-0.36,0.394,0.04,14:31.6,115.3165948,-16.71421059
14:31.9,-0.194,0.306,0.009,14:31.9,115.4162445,-16.71375356
14:32.1,-0.456,0.37,0.015,14:32.1,115.5711362,-16.71921425
14:32.4,-0.346,0.236,0.043,14:32.4,115.6989513,-16.72267727
14:32.6,-0.215,0.284,0.069,14:32.6,115.7971695,-16.7231456
14:32.8,-0.308,0.342,0.066,14:32.8,115.9038679,-16.73147205
14:33.0,-0.269,0.284,0.074,14:33.0,116.0319231,-16.73694552
14:33.3,-0.312,0.263,0.094,14:33.2,116.1562184,-16.74733928
14:33.5,-0.471,0.252,0.076,14:33.5,116.2793623,-16.76098793
14:33.7,-0.266,0.34,0.061,14:33.7,116.3752741,-16.76510318
14:33.9,-0.285,0.323,0.067,14:33.9,116.4953014,-16.77505738
14:34.2,-0.273,0.305,0.037,14:34.1,116.5884159,-16.77945414
14:34.4,-0.269,0.234,0.085,14:34.4,116.7299253,-16.78707029
14:34.6,-0.391,0.168,0.056,14:34.6,116.8181612,-16.79001388
14:34.8,-0.327,0.392,0.054,14:34.9,116.9287311,-16.78811534
14:35.1,-0.332,0.284,0.094,14:35.1,117.0210402,-16.7856029
14:35.3,-0.288,0.328,0.1,14:35.3,117.1125612,-16.78424668
14:35.5,-0.446,0.262,0.079,14:35.5,117.2510418,-16.77916032
14:35.8,-0.345,0.271,0.041,14:35.7,117.3504387,-16.77484673
14:36.0,-0.474,0.29,0.068,14:35.9,117.4498755,-16.77024525
14:36.2,-0.357,0.229,0.03,14:36.2,117.5792674,-16.76675194
14:36.4,-0.288,0.443,0.067,14:36.4,117.7093166,-16.76315876
14:36.7,-0.447,0.4,0.026,14:36.7,117.8461973,-16.75889514
14:36.9,-0.325,0.347,0.046,14:36.9,117.9591183,-16.76664457
14:37.1,-0.351,0.446,0.081,14:37.1,118.1030224,-16.77521516
14:37.3,-0.488,0.287,0.039,14:37.3,118.2250835,-16.77830074
14:37.5,-0.368,0.431,0.026,14:37.5,118.3772147,-16.78533424
14:37.8,-0.295,0.318,0.073,14:37.8,118.5211794,-16.793023
14:38.0,-0.289,0.261,0.078,14:38.0,118.6390374,-16.79918873
14:38.2,-0.331,0.304,0.082,14:38.2,118.7857922,-16.80301748
14:38.5,-0.28,0.219,0.056,14:38.4,118.8949776,-16.81372102
14:38.7,-0.308,0.296,0.054,14:38.7,119.0244039,-16.82028664
14:38.9,-0.196,0.341,0.057,14:38.9,119.1497796,-16.82404266
14:39.1,-0.26,0.198,0.113,14:39.2,119.26834,-16.82236686
14:39.4,-0.257,0.227,0.1,14:39.4,119.3543904,-16.82710105
14:39.6,-0.264,0.269,0.098,14:39.6,119.4721113,-16.83349433
14:39.8,-0.306,0.217,0.059,14:39.8,119.5598819,-16.82638668
14:40.1,-0.19,0.278,0.088,14:40.1,119.6888922,-16.8293407
14:40.3,-0.335,0.371,0.073,14:40.3,119.7789628,-16.83551904
14:40.5,-0.335,0.221,0.047,14:40.5,119.8687849,-16.83354271
14:40.7,-0.128,0.3,0.019,14:40.7,119.9787896,-16.83295354
14:40.9,-0.302,0.247,0.044,14:40.9,120.0723407,-16.83910558
14:41.2,-0.343,0.312,0.042,14:41.2,120.2184065,-16.84365146
14:41.4,-0.424,0.244,0.084,14:41.4,120.3157539,-16.84840531
14:41.6,-0.304,0.281,0.07,14:41.6,120.4224539,-16.85179488
14:41.8,-0.342,0.285,0.072,14:41.8,120.547517,-16.85773585
14:42.1,-0.33,0.311,0.044,14:42.0,120.6503309,-16.85987094
14:42.3,-0.29,0.238,0.056,14:42.3,120.8100734,-16.86792027
14:42.5,-0.352,0.304,0.028,14:42.5,120.924301,-16.87490755
14:42.7,-0.281,0.314,0.018,14:42.8,121.0511049,-16.88251868
14:43.0,-0.302,0.257,0.071,14:43.0,121.1599947,-16.88552378
14:43.2,-0.273,0.341,0.057,14:43.2,121.2843273,-16.89598648
14:43.4,-0.305,0.234,0.076,14:43.4,121.4111394,-16.90134698
14:43.7,-0.308,0.295,0.09,14:43.6,121.5101904,-16.90794857
14:43.9,-0.374,0.201,0.093,14:43.9,121.6283857,-16.91528099
14:44.1,-0.21,0.24,0.071,14:44.1,121.7180978,-16.92294061
14:44.3,-0.32,0.28,0.062,14:44.3,121.8354102,-16.92393225
14:44.6,-0.272,0.368,0.094,14:44.6,121.9415908,-16.92536577
14:44.8,-0.307,0.292,0.093,14:44.8,122.0153176,-16.91944866
14:45.0,-0.191,0.294,0.106,14:45.0,122.1179602,-16.91881179
14:45.2,-0.252,0.384,0.059,14:45.2,122.2158857,-16.91817875
14:45.5,-0.302,0.25,0.082,14:45.5,122.2992402,-16.9138199
14:45.7,-0.214,0.258,0.106,14:45.7,122.3960824,-16.91082978
14:45.9,-0.166,0.121,0.112,14:45.9,122.4742452,-16.91024821
14:46.2,-0.278,0.187,0.063,14:46.2,122.5587515,-16.91153501
14:46.4,-0.291,0.283,0.002,14:46.4,122.626974,-16.91434804
14:46.6,-0.313,0.096,0.036,14:46.6,122.6948178,-16.91422118
14:46.8,-0.368,0.1,0.096,14:46.9,122.799484,-16.9207268
14:47.1,-0.17,0.164,0.044,14:47.1,122.8730318,-16.93169706
14:47.3,-0.286,0.089,0.074,14:47.3,122.9598129,-16.94389171
14:47.5,-0.329,0.194,0.065,14:47.5,123.0281122,-16.948915
14:47.7,-0.337,0.143,0.101,14:47.7,123.1145756,-16.95890914
14:48.0,-0.293,0.04,0.039,14:48.0,123.2010925,-16.97135052
14:48.2,-0.258,0.161,0.007,14:48.2,123.264948,-16.98518329
14:48.4,-0.309,0.122,0.064,14:48.4,123.3430917,-16.99157667
14:48.6,-0.179,0.14,0.051,14:48.7,123.4268684,-16.99658901
14:48.9,-0.056,0.143,0.035,14:48.9,123.492597,-17.00292912
14:49.1,-0.086,0.215,0.019,14:49.1,123.5632066,-17.00148147
14:49.3,-0.158,0.128,-0.016,14:49.4,123.6345371,-16.99933499
14:49.6,-0.072,0.212,0.078,14:49.5,123.6791989,-16.99574966
14:49.8,-0.03,0.263,0.052,14:49.8,123.7373279,-16.98694059
14:50.0,-0.004,0.143,0.048,14:50.0,123.7805117,-16.98669964
14:50.2,-0.055,0.248,0.009,14:50.3,123.8396733,-16.98480035
14:50.5,-0.002,0.197,0.056,14:50.5,123.8780808,-16.98198684
14:50.7,0.042,0.172,0.025,14:50.7,123.9169126,-16.98346497
14:50.9,-0.099,0.182,0.027,14:50.9,123.964596,-16.99099872
14:51.1,-0.057,0.102,0.011,14:51.1,124.0047951,-16.99540717
14:51.4,-0.024,0.026,0.047,14:51.4,124.0700941,-17.01046924
14:51.6,-0.15,0.242,-0.002,14:51.6,124.1120565,-17.02083683
14:51.8,-0.12,0.078,0.026,14:51.8,124.1553057,-17.0392556
14:52.0,-0.013,0.314,0.02,14:52.0,124.2128219,-17.06414713
14:52.3,-0.161,0.187,-0.012,14:52.2,124.2557882,-17.08458155
14:52.5,-0.101,0.146,0.006,14:52.5,124.3183342,-17.11348427
14:52.7,-0.153,0.277,0.019,14:52.7,124.365348,-17.13735182
14:52.9,-0.163,0.16,-0.01,14:53.0,124.4255495,-17.16336748
14:53.2,-0.15,0.152,-0.009,14:53.1,124.4716844,-17.18649385
14:53.4,-0.087,0.264,-0.012,14:53.4,124.5299817,-17.21665608
14:53.6,-0.041,0.206,-0.009,14:53.6,124.5869281,-17.24668198
14:53.9,-0.129,0.311,-0.022,14:53.9,124.6455847,-17.27885542
14:54.1,-0.13,0.181,-0.023,14:54.1,124.6873157,-17.30835419
14:54.3,-0.153,0.182,-0.05,14:54.3,124.7269017,-17.33171386
14:54.5,-0.093,0.212,0.035,14:54.5,124.7800025,-17.36147131
14:54.8,-0.114,0.168,0.033,14:54.8,124.8333785,-17.39355916
14:55.0,-0.079,0.163,0.076,14:55.0,124.879443,-17.4287753
14:55.2,-0.225,0.21,0.051,14:55.2,124.9188294,-17.46202345
14:55.4,-0.054,0.146,0.033,14:55.4,124.9636201,-17.49960473
14:55.7,-0.101,0.111,0.062,14:55.6,124.9960105,-17.53082973
14:55.9,-0.026,0.232,0.056,14:55.9,125.0422886,-17.57319334
14:56.1,-0.033,0.197,0.101,14:56.1,125.062336,-17.5959428
14:56.4,-0.11,0.109,0.058,14:56.4,125.0949188,-17.62956552
14:56.6,-0.034,0.179,0.019,14:56.6,125.1199869,-17.65415869
14:56.8,-0.175,0.101,0.047,14:56.8,125.1498062,-17.68030076
14:57.0,-0.032,0.181,0.007,14:57.0,125.18844,-17.72150118
14:57.3,-0.153,0.24,-0.016,14:57.2,125.2108673,-17.74795007
14:57.5,-0.156,0.097,0.002,14:57.5,125.2416703,-17.78999074
14:57.7,-0.187,0.198,-0.023,14:57.7,125.2668798,-17.82006748
14:57.9,-0.164,0.17,0.002,14:57.9,125.302958,-17.86094515
14:58.2,-0.101,0.174,0.01,14:58.2,125.3392779,-17.90665039
14:58.4,-0.108,0.289,0.026,14:58.4,125.3658075,-17.93562903
14:58.6,-0.227,0.228,0.002,14:58.6,125.3999085,-17.97750072
14:58.8,-0.153,0.26,-0.03,14:58.9,125.4306037,-18.02380365
14:59.0,-0.106,0.154,0.034,14:59.1,125.448285,-18.06643202
14:59.3,0.04,0.144,0.061,14:59.3,125.472458,-18.11994165
14:59.5,-0.161,0.137,0.007,14:59.5,125.4912737,-18.16605412
14:59.7,-0.227,0.048,-0.048,14:59.7,125.5056895,-18.2109203
15:00.0,-0.174,0.053,0.007,15:00.0,125.5193921,-18.26131259
15:00.2,-0.166,0.101,0.03,15:00.2,125.531697,-18.3030088
15:00.4,-0.247,0.204,-0.01,15:00.4,125.5411513,-18.35693916
15:00.6,-0.176,0.19,0.057,15:00.7,125.553193,-18.40698269
15:00.9,-0.253,0.219,0.036,15:00.9,125.5599169,-18.45075789
15:01.1,-0.176,0.157,0.014,15:01.1,125.5696568,-18.50348337
15:01.3,-0.167,0.141,0.045,15:01.3,125.5735046,-18.55196155
15:01.6,-0.155,0.178,0.064,15:01.6,125.5869826,-18.62189983
15:01.8,-0.167,0.262,0.093,15:01.8,125.5961996,-18.66681434
15:02.0,-0.063,0.332,0.003,15:02.0,125.6094234,-18.72079011
15:02.2,-0.028,0.262,0.066,15:02.2,125.6169322,-18.76715366
15:02.4,-0.158,0.242,0.018,15:02.4,125.6322027,-18.80686047
15:02.7,-0.074,0.178,-0.013,15:02.7,125.6527346,-18.86335509
15:02.9,-0.037,0.204,0.009,15:02.9,125.6677836,-18.90414694
15:03.1,-0.135,0.137,0.051,15:03.1,125.6831253,-18.95052069
15:03.4,-0.017,0.127,0.022,15:03.3,125.6959198,-18.98296605
15:03.6,0.001,0.195,0.039,15:03.6,125.7111776,-19.0296327
15:03.8,-0.082,0.22,-0.012,15:03.8,125.7231744,-19.0828365
15:04.0,-0.101,0.157,0.023,15:04.0,125.732436,-19.12069953
15:04.3,-0.189,0.193,0.004,15:04.3,125.7396003,-19.17294497
15:04.5,-0.06,0.201,0.023,15:04.5,125.7549533,-19.2132391
15:04.7,-0.127,0.184,-0.015,15:04.7,125.7578025,-19.26991009
15:05.0,-0.142,0.186,-0.032,15:04.9,125.7601015,-19.32745177
15:05.2,-0.191,0.181,-0.04,15:05.2,125.7637735,-19.36921611
15:05.4,-0.182,0.239,0.065,15:05.4,125.7622881,-19.42980922
15:05.6,-0.202,0.331,0.033,15:05.6,125.7529716,-19.4761208
15:05.8,-0.099,0.249,0.028,15:05.8,125.7447116,-19.53254441
15:06.1,-0.286,0.207,0.019,15:06.1,125.7310089,-19.59757717
15:06.3,-0.166,0.162,0.021,15:06.3,125.7201929,-19.66051391
15:06.5,-0.247,0.204,0.048,15:06.5,125.7021904,-19.70990331
15:06.7,-0.07,0.192,-0.013,15:06.8,125.681615,-19.78073625
15:07.0,-0.348,0.268,0.032,15:07.0,125.6625642,-19.83420631
15:07.2,-0.37,0.159,0.008,15:07.2,125.6340099,-19.91566212
15:07.4,-0.245,0.156,0.021,15:07.4,125.6119428,-19.98225773
15:07.6,-0.229,0.249,0.042,15:07.6,125.5904729,-20.04594309
15:07.9,-0.184,0.241,0.038,15:07.9,125.5667553,-20.12593446
15:08.1,-0.156,0.244,0.062,15:08.1,125.5483009,-20.19469149
15:08.3,-0.28,0.362,0.046,15:08.4,125.5276342,-20.28972617
15:08.6,-0.155,0.318,0.044,15:08.6,125.5156762,-20.36588122
15:08.8,-0.252,0.282,0.068,15:08.8,125.5082072,-20.44428869
15:09.0,-0.358,0.4,0.078,15:09.0,125.4925766,-20.53937446
15:09.2,-0.146,0.436,0.029,15:09.2,125.4858273,-20.6224487
15:09.5,-0.326,0.257,0.022,15:09.5,125.474506,-20.73761
15:09.7,-0.232,0.21,0.011,15:09.7,125.4650238,-20.81831745
15:09.9,-0.284,0.354,0.087,15:09.9,125.45939,-20.91249112
15:10.1,-0.253,0.32,0.078,15:10.1,125.4558586,-20.99630816
15:10.3,-0.277,0.299,0.01,15:10.4,125.4487458,-21.09344162
15:10.6,-0.371,0.377,0.061,15:10.6,125.4381732,-21.19584011
15:10.8,-0.297,0.249,0.025,15:10.8,125.4233958,-21.27987209
15:11.0,-0.332,0.308,0.031,15:11.0,125.3979718,-21.37764765
15:11.3,-0.24,0.192,-0.003,15:11.2,125.3834518,-21.4578019
15:11.5,-0.372,0.302,0.047,15:11.5,125.3512875,-21.55820678
15:11.7,-0.435,0.221,0.076,15:11.7,125.317898,-21.66407997
15:11.9,-0.375,0.27,0.045,15:12.0,125.2852147,-21.77203917
15:12.2,-0.355,0.311,0.071,15:12.2,125.2527944,-21.86214857
15:12.4,-0.436,0.336,0.033,15:12.4,125.2181754,-21.95037905
15:12.6,-0.412,0.403,0.03,15:12.6,125.1745009,-22.06432304
15:12.9,-0.495,0.403,0.07,15:12.9,125.1384936,-22.18021777
15:13.1,-0.438,0.404,0.07,15:13.1,125.0989333,-22.30194646
15:13.3,-0.594,0.278,0.084,15:13.3,125.074208,-22.40744064
15:13.5,-0.55,0.312,0.11,15:13.5,125.0440009,-22.53170004
15:13.7,-0.473,0.368,0.039,15:13.7,125.0273618,-22.62914174
15:14.0,-0.37,0.352,0.059,15:14.0,125.0036483,-22.77605006
15:14.2,-0.303,0.407,0.043,15:14.2,124.995157,-22.87583684
15:14.4,-0.451,0.388,0.052,15:14.4,124.9850167,-22.97221454
15:14.6,-0.334,0.385,0.017,15:14.7,124.9735831,-23.09097011
15:14.9,-0.41,0.407,0.086,15:14.8,124.9702089,-23.18789948
15:15.1,-0.266,0.333,0.008,15:15.1,124.9650737,-23.33345079
15:15.3,-0.397,0.309,0.062,15:15.3,124.9635417,-23.42912664
15:15.6,-0.347,0.304,0.061,15:15.5,124.971549,-23.52907385
15:15.8,-0.301,0.438,0.051,15:15.8,124.9729436,-23.65498652
15:16.0,-0.327,0.38,0.006,15:16.0,124.9738086,-23.77407169
15:16.3,-0.285,0.484,0.072,15:16.3,124.983126,-23.90189477
15:16.5,-0.435,0.398,0.065,15:16.5,124.9863008,-24.00076176
15:16.7,-0.345,0.269,0.056,15:16.7,124.9919651,-24.12828237
15:16.9,-0.454,0.345,0.061,15:16.9,124.992592,-24.23152893
15:17.1,-0.432,0.38,0.029,15:17.1,124.9946095,-24.35615227
15:17.4,-0.543,0.416,0.089,15:17.4,124.9896431,-24.4867394
15:17.6,-0.427,0.422,0.03,15:17.6,124.9895704,-24.59052028
15:17.8,-0.389,0.387,0.11,15:17.8,124.9808304,-24.72092553
15:18.0,-0.372,0.298,0.073,15:18.1,124.9730347,-24.85304944
15:18.3,-0.424,0.359,0.041,15:18.3,124.9686677,-24.95628504
15:18.5,-0.362,0.234,0.021,15:18.5,124.9449861,-25.09270798
15:18.7,-0.35,0.2,0.045,15:18.7,124.944447,-25.1733668
15:18.9,-0.373,0.195,0.075,15:18.9,124.9332274,-25.29077332
15:19.2,-0.428,0.322,0.107,15:19.2,124.922781,-25.3794653
15:19.4,-0.389,0.19,0.061,15:19.4,124.9138547,-25.48912708
15:19.6,-0.383,0.336,0.055,15:19.6,124.9030978,-25.59135613
15:19.9,-0.326,0.28,0.074,15:19.9,124.8981981,-25.69238361
15:20.1,-0.401,0.245,0.012,15:20.1,124.898879,-25.77217828
15:20.3,-0.302,0.242,0.021,15:20.3,124.9017733,-25.87394786
15:20.5,-0.426,0.255,0.041,15:20.5,124.9104506,-25.95961149
15:20.8,-0.374,0.34,0.074,15:20.8,124.9227192,-26.09012693
15:21.0,-0.375,0.321,0.009,15:21.0,124.9425316,-26.18387955
15:21.2,-0.38,0.38,0.034,15:21.2,124.9645598,-26.30738039
15:21.4,-0.308,0.462,0.031,15:21.4,124.9875418,-26.41480566
15:21.7,-0.298,0.538,0.044,15:21.7,125.0124349,-26.55490833
15:21.9,-0.512,0.415,0.012,15:21.9,125.0483156,-26.69668878
15:22.1,-0.405,0.554,0.004,15:22.1,125.0740573,-26.82515207
15:22.4,-0.383,0.397,0.03,15:22.4,125.0965356,-26.97138705
15:22.6,-0.406,0.383,0.036,15:22.6,125.1125304,-27.09204237
15:22.8,-0.463,0.411,0.011,15:22.8,125.1354083,-27.23128753
15:23.0,-0.355,0.329,0.071,15:23.0,125.150934,-27.36997927
15:23.3,-0.435,0.384,0.091,15:23.2,125.1609731,-27.47660947
15:23.5,-0.401,0.373,0.098,15:23.5,125.1646509,-27.59721904
15:23.7,-0.394,0.348,0.085,15:23.7,125.1610523,-27.68858768
15:23.9,-0.286,0.189,0.162,15:23.9,125.1529399,-27.80252211
15:24.2,-0.257,0.269,0.072,15:24.2,125.1392637,-27.90785644
15:24.4,-0.258,0.33,0.12,15:24.4,125.1225736,-28.00527233
15:24.6,-0.514,0.25,0.084,15:24.6,125.1031952,-28.07669991
15:24.8,-0.325,0.265,0.109,15:24.8,125.0914871,-28.16590434
15:25.0,-0.261,0.267,0.114,15:25.0,125.0730531,-28.23834542
15:25.3,-0.234,0.243,0.105,15:25.3,125.0507328,-28.35650531
15:25.5,-0.381,0.39,0.086,15:25.5,125.0354045,-28.43295772
15:25.8,-0.314,0.264,0.08,15:25.8,125.0215056,-28.53408126
15:26.0,-0.266,0.288,0.016,15:26.0,125.0192037,-28.62092403
15:26.2,-0.405,0.298,0.039,15:26.2,125.0174338,-28.70465476
15:26.4,-0.267,0.426,0.038,15:26.4,125.0208133,-28.83854949
15:26.7,-0.287,0.467,0.069,15:26.7,125.0304288,-28.93209934
15:26.9,-0.323,0.372,0.028,15:26.9,125.0450092,-29.04738075
15:27.1,-0.269,0.382,0.002,15:27.1,125.0543943,-29.14196054
15:27.3,-0.301,0.473,0.013,15:27.3,125.0719796,-29.266208
15:27.6,-0.262,0.453,0.043,15:27.6,125.0901308,-29.38341872
15:27.8,-0.374,0.337,-0.012,15:27.8,125.117946,-29.5128681
15:28.0,-0.264,0.37,-0.01,15:28.0,125.1401985,-29.61456652
15:28.2,-0.367,0.451,0.02,15:28.3,125.1657477,-29.72850843
15:28.5,-0.186,0.287,0.01,15:28.5,125.1887073,-29.81433206
15:28.7,-0.245,0.266,0.078,15:28.7,125.207131,-29.92273105
15:28.9,-0.096,0.275,0.014,15:28.9,125.2193527,-30.01385443
15:29.1,-0.27,0.288,0,15:29.1,125.2215579,-30.08572848
15:29.4,-0.197,0.269,0.022,15:29.4,125.2231839,-30.169884
15:29.6,-0.259,0.186,0.003,15:29.6,125.2188011,-30.23309582
15:29.8,-0.189,0.141,0.047,15:29.9,125.204997,-30.32170756
15:30.1,-0.151,0.223,0.02,15:30.1,125.1953375,-30.36737531
15:30.3,-0.176,0.109,0.022,15:30.3,125.1759576,-30.42759249
15:30.5,-0.068,0.146,0.033,15:30.5,125.1522882,-30.46608402
15:30.7,-0.034,0.227,0.007,15:30.7,125.1302876,-30.52455653
15:31.0,-0.12,0.166,0.094,15:31.0,125.0832544,-30.57299477
15:31.2,-0.105,0.293,0.072,15:31.2,125.0683781,-30.62814053
15:31.4,-0.224,0.293,0.028,15:31.4,125.0392113,-30.67587901
15:31.6,-0.127,0.258,0.049,15:31.6,125.0209027,-30.72627598
15:31.9,-0.186,0.195,0.074,15:31.8,125.0075768,-30.77283235
15:32.1,-0.145,0.251,0.078,15:32.1,124.9934659,-30.84102685
15:32.3,-0.143,0.285,0.091,15:32.4,124.9740476,-30.88504054
15:32.6,-0.11,0.147,0.077,15:32.6,124.9714283,-30.93030649
15:32.8,-0.059,0.197,0.059,15:32.8,124.967872,-30.98493842
15:33.0,-0.055,0.279,0.069,15:33.0,124.9628321,-31.03590708
15:33.3,-0.113,0.32,0.045,15:33.3,124.9564145,-31.09296357
15:33.5,-0.027,0.284,0.041,15:33.5,124.9627846,-31.13976954
15:33.7,-0.033,0.221,0.012,15:33.7,124.9672471,-31.19133294
15:33.9,-0.119,0.257,0.024,15:33.9,124.9765466,-31.23170687
15:34.1,-0.126,0.214,0.02,15:34.2,124.9765493,-31.28178876
15:34.4,-0.078,0.211,-0.01,15:34.4,124.9745138,-31.3302224
15:34.6,-0.122,0.205,-0.032,15:34.6,124.9672093,-31.36522178
15:34.8,-0.116,0.218,0.001,15:34.8,124.9547309,-31.40700676
15:35.1,-0.168,0.212,-0.017,15:35.1,124.9363448,-31.4546843
15:35.3,-0.069,0.222,-0.038,15:35.3,124.9230367,-31.48803984
15:35.5,-0.17,0.238,-0.023,15:35.5,124.8974028,-31.52809389
15:35.8,-0.126,0.235,-0.059,15:35.8,124.8597868,-31.56563084
15:36.0,-0.054,0.29,-0.013,15:36.0,124.8269327,-31.59715446
15:36.2,-0.178,0.181,0.013,15:36.2,124.7798875,-31.63822364
15:36.4,-0.2,0.236,0.069,15:36.4,124.7395601,-31.6703733
15:36.7,-0.268,0.301,-0.031,15:36.7,124.6800414,-31.71229062
15:36.9,-0.221,0.22,0.025,15:36.9,124.6365871,-31.73758529
15:37.1,-0.215,0.129,0.019,15:37.1,124.5826936,-31.7692979
15:37.3,-0.198,0.259,0.002,15:37.3,124.535981,-31.79493388
15:37.6,-0.209,0.163,0.033,15:37.6,124.4843271,-31.82161251
15:37.8,-0.3,0.157,0.146,15:37.8,124.4311983,-31.85437606
15:38.0,-0.109,0.161,0.082,15:38.1,124.3786187,-31.87587053
15:38.3,-0.136,0.213,0.123,15:38.3,124.3349848,-31.89655764
15:38.5,-0.168,0.314,0.107,15:38.5,124.2970191,-31.91436072
15:38.7,-0.099,0.131,0.08,15:38.7,124.2533279,-31.93543074
15:39.0,-0.097,0.201,0.044,15:38.9,124.2047578,-31.95569759
15:39.2,-0.208,0.237,0.065,15:39.2,124.1660553,-31.97725977
15:39.4,-0.154,0.245,0.059,15:39.4,124.1405279,-31.99026439
15:39.6,-0.133,0.31,0.057,15:39.6,124.1070904,-32.01727194
15:39.8,0.046,0.238,0.021,15:39.8,124.0826052,-32.03563704
15:40.1,-0.088,0.309,0.039,15:40.1,124.0385694,-32.06716979
15:40.3,-0.043,0.128,-0.027,15:40.3,124.0014405,-32.09450772
15:40.5,0.014,0.221,0.016,15:40.5,123.976087,-32.11829162
15:40.8,0.01,0.192,0.033,15:40.7,123.9495754,-32.14341946
15:41.0,-0.142,0.378,0.022,15:41.0,123.913315,-32.17368515
15:41.2,-0.178,0.186,-0.02,15:41.2,123.871294,-32.20292396
15:41.5,-0.097,0.35,-0.075,15:41.5,123.8235571,-32.22690084
15:41.7,-0.108,0.333,-0.003,15:41.7,123.7800239,-32.24465761
15:41.9,-0.144,0.215,-0.032,15:41.9,123.7277121,-32.26168025
15:42.1,-0.226,0.192,-0.056,15:42.1,123.6806991,-32.27243164
15:42.4,-0.171,0.207,-0.012,15:42.4,123.6110855,-32.28616232
15:42.6,-0.211,0.254,0.044,15:42.6,123.5634145,-32.2895895
15:42.8,-0.143,0.124,-0.009,15:42.8,123.5084972,-32.28697893
15:43.0,-0.188,0.095,0.031,15:43.0,123.4358501,-32.27819702
15:43.2,-0.199,0.06,0.012,15:43.3,123.3672111,-32.26929479
15:43.5,-0.174,0.196,0.053,15:43.5,123.3054468,-32.25241678
15:43.7,-0.264,0.184,0.115,15:43.7,123.2504957,-32.23454244
15:43.9,-0.223,0.07,0.109,15:44.0,123.1879314,-32.20785218
15:44.2,-0.09,0.138,0.077,15:44.2,123.1415237,-32.19098707
15:44.4,-0.205,0.075,0.078,15:44.4,123.0833659,-32.17311779
15:44.6,-0.167,0.21,0.073,15:44.6,123.0369135,-32.15394493
15:44.9,-0.111,0.044,0.063,15:44.9,122.9940794,-32.13962216
15:45.1,-0.067,0.18,0.09,15:45.1,122.9677113,-32.13233392
15:45.3,-0.058,0.237,0.103,15:45.3,122.9379084,-32.13093322
15:45.5,-0.126,0.227,0.075,15:45.5,122.9222844,-32.13617516
15:45.8,-0.106,0.345,0.044,15:45.8,122.8878983,-32.14529902
15:46.0,-0.148,0.139,0.031,15:46.0,122.8697365,-32.15394637
15:46.2,0.02,0.121,0.038,15:46.2,122.8462123,-32.16413739
15:46.4,-0.104,0.261,-0.015,15:46.4,122.8159774,-32.18412438
15:46.7,-0.129,0.196,-0.019,15:46.6,122.7926867,-32.20055552
15:46.9,-0.154,0.263,-0.048,15:46.9,122.7539217,-32.21116849
15:47.2,-0.149,0.267,-0.017,15:47.1,122.7206685,-32.22272861
15:47.4,-0.135,0.258,-0.045,15:47.4,122.6743665,-32.22567665
15:47.6,-0.189,0.127,-0.042,15:47.6,122.6326157,-32.22108895
15:47.8,-0.197,0.235,-0.041,15:47.8,122.5789676,-32.20795462
15:48.1,-0.324,0.15,-0.036,15:48.0,122.5167642,-32.18897568
15:48.3,-0.282,0.18,-0.083,15:48.3,122.4482081,-32.16405609
15:48.5,-0.212,0.216,-0.075,15:48.5,122.3892732,-32.1281919
15:48.7,-0.292,0.227,-0.038,15:48.7,122.3160721,-32.09198425
15:48.9,-0.238,0.21,0.014,15:48.9,122.2560247,-32.05794918
15:49.2,-0.324,0.232,0.02,15:49.2,122.1657502,-32.01126981
15:49.4,-0.189,0.193,0.009,15:49.4,122.1042414,-31.98228555
15:49.6,-0.282,0.284,0.089,15:49.7,122.0304377,-31.94559799
15:49.9,-0.248,0.211,0.102,15:49.9,121.9755513,-31.92631142
15:50.1,-0.179,0.147,0.05,15:50.1,121.9105283,-31.90519691
15:50.3,-0.078,0.243,0.086,15:50.3,121.8488399,-31.88718824
15:50.6,-0.207,0.203,0.066,15:50.5,121.7983363,-31.88199461
15:50.8,-0.181,0.306,0.079,15:50.8,121.7323688,-31.87079282
15:51.0,-0.262,0.309,-0.011,15:51.0,121.675434,-31.86860999
15:51.2,-0.228,0.328,0.021,15:51.2,121.6025574,-31.8665143
15:51.5,-0.34,0.3,-0.007,15:51.5,121.5245487,-31.86791699
15:51.7,-0.177,0.349,0.021,15:51.7,121.4495618,-31.86732876
15:51.9,-0.262,0.332,0.017,15:51.9,121.3842625,-31.86676421
15:52.1,-0.309,0.202,-0.009,15:52.1,121.3032858,-31.86552368
15:52.4,-0.276,0.299,0.016,15:52.4,121.2166194,-31.85899325
15:52.6,-0.279,0.199,-0.013,15:52.6,121.1212381,-31.85342545
15:52.8,-0.379,0.273,-0.005,15:52.8,121.0483745,-31.83874005
15:53.1,-0.347,0.318,0.042,15:53.1,120.9549352,-31.82611688
15:53.3,-0.418,0.297,-0.002,15:53.3,120.8715199,-31.81293587
15:53.5,-0.362,0.212,0.021,15:53.5,120.7710229,-31.79656172
15:53.8,-0.412,0.34,0.023,15:53.8,120.6670499,-31.77352866
15:54.0,-0.369,0.339,0.044,15:54.0,120.5592113,-31.74959374
15:54.2,-0.394,0.318,0.05,15:54.2,120.4665225,-31.73177941
15:54.4,-0.393,0.31,0.029,15:54.4,120.3546005,-31.71166164
15:54.6,-0.468,0.374,0.016,15:54.6,120.2607008,-31.69429763
15:54.9,-0.409,0.286,0.064,15:54.9,120.1223486,-31.67427752
15:55.1,-0.43,0.357,0.101,15:55.1,120.0272046,-31.66526667
15:55.3,-0.524,0.34,0.045,15:55.3,119.9288031,-31.65461301
15:55.6,-0.401,0.436,0.017,15:55.6,119.7966525,-31.64458009
15:55.8,-0.465,0.479,0.05,15:55.8,119.6700703,-31.63801635
15:56.0,-0.432,0.461,0.059,15:56.0,119.5364309,-31.63451195
15:56.3,-0.322,0.252,0.044,15:56.3,119.4271781,-31.63458246
15:56.5,-0.489,0.382,0.055,15:56.5,119.2976804,-31.63745119
15:56.7,-0.335,0.509,-0.001,15:56.7,119.1969181,-31.63639848
15:56.9,-0.361,0.346,0.014,15:56.9,119.0726738,-31.63941631
15:57.2,-0.354,0.32,-0.002,15:57.2,118.9432309,-31.63984354
15:57.4,-0.474,0.29,0.014,15:57.4,118.8210592,-31.64290578
15:57.6,-0.371,0.396,0.016,15:57.6,118.7151415,-31.64369323
15:57.8,-0.404,0.361,0.059,15:57.9,118.5891275,-31.64435931
15:58.1,-0.365,0.429,-0.017,15:58.1,118.4920435,-31.6465048
15:58.3,-0.397,0.515,0.009,15:58.3,118.3436036,-31.65124956
15:58.5,-0.365,0.438,0.034,15:58.5,118.2492794,-31.664064
15:58.8,-0.518,0.259,0.042,15:58.7,118.1497296,-31.66848041
15:59.0,-0.505,0.36,0.033,15:59.0,118.0270178,-31.67227068
15:59.2,-0.39,0.425,0.074,15:59.2,117.9075264,-31.67764475
15:59.5,-0.438,0.338,0.073,15:59.5,117.784408,-31.68146755
15:59.7,-0.432,0.249,0.1,15:59.7,117.6898655,-31.68566597
15:59.9,-0.476,0.35,0.091,15:59.9,117.5706411,-31.68578985
16:00.1,-0.332,0.397,0.057,16:00.1,117.4694754,-31.6898549
16:00.3,-0.37,0.309,0.025,16:00.3,117.3537681,-31.69266884
16:00.6,-0.43,0.379,0.089,16:00.6,117.234606,-31.68740155
16:00.8,-0.502,0.369,0.057,16:00.8,117.1429173,-31.68854063
16:01.0,-0.314,0.461,0.071,16:01.0,117.0214533,-31.69325953
16:01.2,-0.361,0.391,0.076,16:01.2,116.9245504,-31.69920227
16:01.5,-0.454,0.302,0.002,16:01.5,116.8093422,-31.70084094
16:01.7,-0.408,0.429,0.033,16:01.7,116.6862168,-31.70705193
16:01.9,-0.344,0.355,0.06,16:01.9,116.5880717,-31.71014588
16:02.1,-0.344,0.386,0.043,16:02.1,116.4679932,-31.71303377
16:02.4,-0.342,0.511,0.077,16:02.4,116.371102,-31.71795849
16:02.6,-0.378,0.337,0.035,16:02.6,116.2604059,-31.72724082
16:02.8,-0.379,0.367,0.047,16:02.8,116.1515335,-31.73399606
16:03.1,-0.335,0.38,0.096,16:03.1,116.041226,-31.73629383
16:03.3,-0.29,0.321,0.067,16:03.3,115.9476498,-31.74341972
16:03.5,-0.221,0.511,0.048,16:03.5,115.834306,-31.74943139
16:03.7,-0.328,0.4,0.037,16:03.7,115.7506416,-31.7551013
16:04.0,-0.353,0.335,0.101,16:04.0,115.623228,-31.75249199
16:04.2,-0.245,0.436,0.078,16:04.2,115.5307662,-31.7547639
16:04.4,-0.299,0.308,0.082,16:04.4,115.4234274,-31.7568061
16:04.6,-0.273,0.253,0.079,16:04.6,115.3255061,-31.75389701
16:04.9,-0.368,0.375,0.043,16:04.9,115.2102055,-31.75450354
16:05.1,-0.438,0.41,0.079,16:05.1,115.0886441,-31.74692447
16:05.4,-0.427,0.378,0.102,16:05.4,114.9637047,-31.74266727
16:05.6,-0.341,0.439,0.07,16:05.6,114.8653317,-31.7376296
16:05.8,-0.367,0.341,0.068,16:05.8,114.7329864,-31.73673322
16:06.0,-0.439,0.374,0.057,16:06.0,114.6045445,-31.72959433
16:06.3,-0.382,0.41,0.08,16:06.3,114.4710905,-31.72089072
16:06.5,-0.461,0.476,0.068,16:06.5,114.3596528,-31.71380901
16:06.7,-0.448,0.463,0.053,16:06.7,114.2216345,-31.71484823
16:06.9,-0.37,0.386,0.021,16:06.9,114.1136775,-31.71457713
16:07.2,-0.485,0.444,0.073,16:07.2,113.9784188,-31.71626729
16:07.4,-0.367,0.479,0.075,16:07.4,113.8354177,-31.71731112
16:07.6,-0.299,0.421,0.009,16:07.7,113.7284428,-31.71482795
16:07.9,-0.328,0.327,0.018,16:07.9,113.6256742,-31.72324127
16:08.1,-0.344,0.35,0.019,16:08.1,113.5092064,-31.72821163
16:08.3,-0.433,0.383,0.036,16:08.3,113.4215167,-31.73188054
16:08.6,-0.352,0.391,0.029,16:08.6,113.2830921,-31.73213778
16:08.8,-0.278,0.459,0.032,16:08.8,113.1931111,-31.73512029
16:09.0,-0.379,0.392,0.048,16:09.0,113.0981226,-31.7361943
16:09.2,-0.425,0.339,0.038,16:09.2,112.9802562,-31.73711002
16:09.4,-0.405,0.443,0.049,16:09.4,112.8615223,-31.73138841
16:09.7,-0.419,0.353,0.087,16:09.7,112.7413666,-31.7220486
16:09.9,-0.402,0.323,0.021,16:09.9,112.6371477,-31.7051322
16:10.1,-0.413,0.316,0.09,16:10.1,112.5378105,-31.70135148
16:10.3,-0.428,0.318,0.038,16:10.4,112.4208704,-31.67507466
16:10.6,-0.379,0.347,0.04,16:10.6,112.3213898,-31.66916993
16:10.8,-0.432,0.378,0.104,16:10.8,112.2026993,-31.65075189
16:11.0,-0.5,0.372,0.028,16:11.0,112.1026086,-31.63424768
16:11.3,-0.408,0.478,0.018,16:11.3,111.9736301,-31.62218509
16:11.5,-0.406,0.482,0.025,16:11.5,111.8507111,-31.61254653
16:11.7,-0.393,0.266,0.062,16:11.7,111.7493491,-31.60256061
16:12.0,-0.391,0.347,0.065,16:11.9,111.6296505,-31.59476508
16:12.2,-0.368,0.423,0.059,16:12.2,111.5087902,-31.58671214
16:12.4,-0.325,0.388,0.022,16:12.4,111.4107422,-31.58170336
16:12.6,-0.427,0.362,0.092,16:12.6,111.2862405,-31.58575859
16:12.8,-0.242,0.335,0.068,16:12.8,111.1856632,-31.58728156
16:13.1,-0.357,0.436,0.039,16:13.1,111.0433505,-31.58246841
16:13.3,-0.394,0.406,0.073,16:13.3,110.9473057,-31.58297919
16:13.5,-0.377,0.26,0.065,16:13.5,110.8493038,-31.5807266
16:13.8,-0.368,0.358,0.059,16:13.8,110.734754,-31.57631957
16:14.0,-0.251,0.402,0.074,16:14.0,110.617763,-31.57096582
16:14.2,-0.31,0.356,0.094,16:14.2,110.5030011,-31.56970935
16:14.5,-0.333,0.452,0.021,16:14.4,110.4086725,-31.56817055
16:14.7,-0.34,0.415,0.056,16:14.7,110.2961451,-31.56470195
16:14.9,-0.309,0.432,0.075,16:14.9,110.204763,-31.56092977
16:15.1,-0.334,0.202,0.091,16:15.1,110.0928832,-31.55673072
16:15.4,-0.313,0.471,0.037,16:15.4,109.9782632,-31.54550371
16:15.6,-0.349,0.335,0.058,16:15.6,109.8607809,-31.53618375
16:15.8,-0.254,0.449,0.071,16:15.8,109.7635394,-31.53648233
16:16.0,-0.353,0.327,0.072,16:16.0,109.6424234,-31.52243328
16:16.3,-0.405,0.395,0.097,16:16.2,109.5477091,-31.51285036
16:16.5,-0.446,0.474,0.042,16:16.5,109.402294,-31.49944154
16:16.7,-0.477,0.422,0.104,16:16.7,109.3037912,-31.489989
16:17.0,-0.42,0.354,0.073,16:17.0,109.1835302,-31.48283762
16:17.2,-0.451,0.433,0.089,16:17.2,109.0827139,-31.46988396
16:17.4,-0.421,0.362,0.085,16:17.4,108.9482415,-31.45335992
16:17.7,-0.503,0.381,0.078,16:17.6,108.8150814,-31.44083077
16:17.9,-0.407,0.403,0.088,16:17.9,108.6859409,-31.42538504
16:18.1,-0.564,0.305,0.027,16:18.1,108.5776208,-31.420335
16:18.3,-0.554,0.468,0.085,16:18.3,108.4462954,-31.41460675
16:18.5,-0.397,0.455,0.069,16:18.5,108.3376227,-31.41234921
16:18.8,-0.396,0.427,0.065,16:18.8,108.204309,-31.40934883
16:19.0,-0.305,0.48,0,16:19.0,108.0796989,-31.40862468
16:19.2,-0.448,0.464,0.024,16:19.2,107.9849079,-31.40959052
16:19.5,-0.418,0.413,0.046,16:19.5,107.8620742,-31.41570245
16:19.7,-0.43,0.403,-0.002,16:19.7,107.7663659,-31.42842568
16:19.9,-0.441,0.374,0.059,16:19.9,107.6216773,-31.44110266
16:20.1,-0.347,0.478,0.028,16:20.1,107.5246002,-31.45798946
16:20.4,-0.4,0.546,0.072,16:20.4,107.4035387,-31.47332979
16:20.6,-0.386,0.435,0.051,16:20.6,107.3081252,-31.48720713
16:20.8,-0.252,0.32,0.007,16:20.8,107.1869999,-31.49678544
16:21.1,-0.28,0.481,0.087,16:21.1,107.064428,-31.50602608
16:21.3,-0.427,0.351,0.036,16:21.3,106.9727689,-31.50732395
16:21.5,-0.459,0.327,0.103,16:21.5,106.8577486,-31.50718838
16:21.7,-0.392,0.336,0.047,16:21.7,106.7668476,-31.49319814
16:21.9,-0.471,0.263,0.105,16:21.9,106.6497186,-31.48842516
16:22.2,-0.415,0.405,0.094,16:22.2,106.5349872,-31.4833626
16:22.4,-0.411,0.399,0.049,16:22.4,106.4408001,-31.46746843
16:22.6,-0.386,0.436,0.07,16:22.6,106.3176986,-31.44758251
16:22.8,-0.41,0.36,0.06,16:22.8,106.2164622,-31.42934796
16:23.1,-0.486,0.373,0.061,16:23.1,106.0872661,-31.41354826
16:23.3,-0.432,0.417,0.035,16:23.3,105.9662367,-31.39760282
16:23.5,-0.388,0.317,0.038,16:23.6,105.840318,-31.39076164
16:23.8,-0.51,0.474,0.034,16:23.7,105.7431663,-31.39114216
16:24.0,-0.335,0.453,-0.02,16:24.0,105.6267356,-31.38813357
16:24.2,-0.336,0.356,0.007,16:24.2,105.5272457,-31.39135938
16:24.5,-0.39,0.429,0.048,16:24.5,105.3888422,-31.39555796
16:24.7,-0.345,0.412,0.047,16:24.7,105.2997025,-31.41154699
16:24.9,-0.313,0.369,0.071,16:24.9,105.2081609,-31.42769259
16:25.1,-0.278,0.328,0.094,16:25.1,105.0957168,-31.44375258
16:25.3,-0.283,0.359,0.065,16:25.3,105.0100102,-31.45489495
16:25.6,-0.244,0.399,0.074,16:25.6,104.8795589,-31.46842123
16:25.8,-0.399,0.393,0.065,16:25.8,104.7862284,-31.47481077
16:26.0,-0.47,0.384,0.061,16:26.0,104.6803196,-31.47910209
16:26.2,-0.37,0.329,0.081,16:26.2,104.5937015,-31.48191596
16:26.5,-0.319,0.315,0.095,16:26.5,104.4826206,-31.47379422
16:26.7,-0.416,0.335,0.102,16:26.7,104.365184,-31.46564335
16:26.9,-0.368,0.343,0.084,16:27.0,104.2522242,-31.45062086
16:27.2,-0.436,0.313,0.061,16:27.2,104.1560741,-31.43302247
16:27.4,-0.367,0.499,0.059,16:27.4,104.0402247,-31.41379287
16:27.6,-0.388,0.452,0.07,16:27.6,103.9204829,-31.39399212
16:27.9,-0.336,0.389,0.014,16:27.9,103.797994,-31.37703567
16:28.1,-0.378,0.457,0.103,16:28.1,103.6969424,-31.36557549
16:28.3,-0.443,0.461,0.024,16:28.3,103.5736952,-31.35511277
16:28.5,-0.4,0.391,0.095,16:28.5,103.4752684,-31.34799163
16:28.8,-0.398,0.453,0.032,16:28.8,103.3575187,-31.3482701
16:29.0,-0.352,0.443,0.045,16:29.0,103.2327863,-31.35373315
16:29.2,-0.299,0.366,0.06,16:29.2,103.1369556,-31.36300643
16:29.5,-0.357,0.469,0.106,16:29.5,103.0236962,-31.37501377
16:29.7,-0.423,0.409,0.064,16:29.7,102.9056247,-31.38162862
16:29.9,-0.348,0.427,0.076,16:29.9,102.8113563,-31.39241026
16:30.2,-0.316,0.456,0.029,16:30.1,102.6911597,-31.4013831
16:30.4,-0.314,0.525,0.059,16:30.4,102.5643819,-31.41104485
16:30.6,-0.321,0.458,0.031,16:30.6,102.4668728,-31.40937722
16:30.8,-0.428,0.349,0.044,16:30.8,102.3419417,-31.40706803
16:31.0,-0.459,0.265,0.027,16:31.0,102.2451862,-31.40043818
16:31.3,-0.464,0.236,0.107,16:31.3,102.1007423,-31.39138254
16:31.5,-0.237,0.427,0.036,16:31.5,101.9934755,-31.37886018
16:31.7,-0.464,0.394,0.026,16:31.7,101.8986169,-31.36021334
16:31.9,-0.345,0.503,0.081,16:31.9,101.7818547,-31.33947619
16:32.2,-0.381,0.339,0.082,16:32.2,101.6592519,-31.32083483
16:32.4,-0.508,0.489,0.048,16:32.4,101.5442565,-31.30150142
16:32.6,-0.312,0.377,0.083,16:32.6,101.4473115,-31.28989548
16:32.8,-0.302,0.345,0.075,16:32.9,101.3238322,-31.27218569
16:33.1,-0.186,0.336,0.072,16:33.1,101.2221661,-31.26409974
16:33.3,-0.268,0.419,0.05,16:33.3,101.0967145,-31.25875159
16:33.5,-0.314,0.251,0.036,16:33.5,100.9726705,-31.25855835
16:33.8,-0.441,0.411,0.047,16:33.8,100.8687679,-31.26034287
16:34.0,-0.384,0.41,0.052,16:34.0,100.7419386,-31.26086509
16:34.2,-0.349,0.483,0.063,16:34.2,100.6428703,-31.26686754
16:34.4,-0.363,0.43,0.037,16:34.4,100.5242262,-31.28117406
16:34.7,-0.362,0.478,0.085,16:34.7,100.3953959,-31.29857312
16:34.9,-0.327,0.484,0.063,16:34.9,100.2966649,-31.31191601
16:35.1,-0.33,0.267,0.036,16:35.1,100.177572,-31.32262445
16:35.3,-0.335,0.433,0.087,16:35.3,100.0834325,-31.32795477
16:35.5,-0.346,0.294,0.063,16:35.5,99.96716049,-31.33108668
16:35.8,-0.382,0.361,0.053,16:35.8,99.84858429,-31.33091246
16:36.0,-0.35,0.386,0.068,16:36.0,99.73149494,-31.32826354
16:36.2,-0.338,0.336,0.04,16:36.2,99.64246078,-31.32410166
16:36.5,-0.315,0.324,0.064,16:36.5,99.53380526,-31.32058153
16:36.7,-0.401,0.318,0.075,16:36.7,99.4468645,-31.30918093
16:36.9,-0.454,0.314,0.075,16:37.0,99.31065836,-31.3011807
16:37.1,-0.274,0.311,0.086,16:37.2,99.21752924,-31.28433691
16:37.4,-0.267,0.316,0.071,16:37.4,99.1226182,-31.27211745
16:37.6,-0.349,0.456,0.07,16:37.6,99.0038669,-31.25619317
16:37.8,-0.354,0.403,0.053,16:37.8,98.90462918,-31.24738893
16:38.1,-0.462,0.398,0.102,16:38.1,98.75506162,-31.23682232
16:38.3,-0.458,0.436,0.02,16:38.3,98.64745416,-31.22513712
16:38.5,-0.375,0.427,0.081,16:38.5,98.51463133,-31.21611495
16:38.7,-0.46,0.449,0.06,16:38.7,98.40145108,-31.21242025
16:38.9,-0.419,0.535,0.057,16:39.0,98.26826283,-31.20276406
16:39.2,-0.297,0.396,0.043,16:39.2,98.13210621,-31.19707493
16:39.4,-0.378,0.402,0.045,16:39.4,98.02272617,-31.19432643
16:39.6,-0.599,0.32,0.104,16:39.6,97.88503172,-31.18561934
16:39.9,-0.375,0.327,0.071,16:39.9,97.7508358,-31.18510699
16:40.1,-0.486,0.37,0.063,16:40.1,97.6590476,-31.18094063
16:40.3,-0.329,0.303,0.094,16:40.3,97.53805898,-31.17496195
16:40.5,-0.362,0.318,0.047,16:40.5,97.44790369,-31.17386324
16:40.8,-0.287,0.387,0.052,16:40.8,97.33574542,-31.17677532
16:41.0,-0.408,0.387,0.062,16:41.0,97.25215439,-31.17507525
16:41.2,-0.375,0.374,0.076,16:41.2,97.14145399,-31.1688908
16:41.5,-0.346,0.336,0.027,16:41.4,97.03109084,-31.17011315
16:41.7,-0.333,0.395,0.07,16:41.7,96.9203823,-31.17159116
16:41.9,-0.315,0.379,-0.023,16:41.9,96.8306733,-31.17084347
16:42.1,-0.371,0.441,0.012,16:42.1,96.71564891,-31.17404017
16:42.3,-0.293,0.407,0.03,16:42.3,96.62072484,-31.17462902
16:42.6,-0.374,0.447,0.069,16:42.6,96.50408923,-31.17479151
16:42.8,-0.454,0.429,0.086,16:42.8,96.38629243,-31.18429545
16:43.0,-0.341,0.373,0.051,16:43.0,96.29045141,-31.18837332
16:43.2,-0.41,0.458,0.081,16:43.2,96.19331494,-31.19769388
16:43.4,-0.368,0.478,0.041,16:43.4,96.07254718,-31.20588145
16:43.7,-0.389,0.333,0.077,16:43.7,95.94768023,-31.2096294
16:43.9,-0.395,0.372,0.048,16:43.9,95.82511809,-31.2096927
16:44.1,-0.401,0.406,0.021,16:44.1,95.72453443,-31.21251866
16:44.4,-0.219,0.482,0.045,16:44.4,95.59739398,-31.21887296
16:44.6,-0.363,0.343,0.06,16:44.6,95.49120877,-31.21586345
16:44.8,-0.371,0.389,0.084,16:44.8,95.36029275,-31.21171195
16:45.1,-0.414,0.39,0.043,16:45.0,95.22831178,-31.20333788
16:45.3,-0.466,0.374,0.08,16:45.3,95.10080447,-31.19781408
16:45.5,-0.371,0.293,0.053,16:45.5,94.98839571,-31.18781797
16:45.7,-0.353,0.348,0.063,16:45.7,94.88758924,-31.1787591
16:45.9,-0.449,0.327,0.054,16:45.9,94.75696132,-31.16718326
16:46.2,-0.427,0.406,0.027,16:46.2,94.63214291,-31.15162429
16:46.4,-0.454,0.515,0.018,16:46.4,94.50496336,-31.13589771
16:46.6,-0.488,0.261,0.087,16:46.6,94.40634851,-31.12180668
16:46.8,-0.329,0.469,0.04,16:46.9,94.28965517,-31.10439621
16:47.1,-0.314,0.259,0.035,16:47.1,94.19431948,-31.0916027
16:47.3,-0.39,0.411,0.056,16:47.3,94.06068457,-31.07450205
16:47.5,-0.289,0.388,-0.002,16:47.5,93.97627256,-31.06628028
16:47.8,-0.397,0.418,0.04,16:47.7,93.88625213,-31.05844958
16:48.0,-0.299,0.493,0.097,16:48.0,93.77930978,-31.05751071
16:48.2,-0.405,0.407,0.064,16:48.2,93.67315414,-31.05694671
16:48.5,-0.345,0.455,0.022,16:48.5,93.5634875,-31.06003468
16:48.7,-0.333,0.348,0.058,16:48.7,93.47795867,-31.06462059
16:48.9,-0.322,0.446,0.083,16:48.9,93.3893565,-31.07948604
16:49.1,-0.314,0.387,0.077,16:49.1,93.26488665,-31.09618992
16:49.3,-0.329,0.447,0.055,16:49.3,93.16693445,-31.11231865
16:49.6,-0.361,0.55,0.055,16:49.6,93.02264916,-31.12524263
16:49.8,-0.352,0.501,0.027,16:49.8,92.91068769,-31.13614429
16:50.0,-0.384,0.463,0.063,16:50.0,92.77273842,-31.14701086
16:50.2,-0.356,0.41,0.075,16:50.2,92.65532347,-31.15799645
16:50.5,-0.449,0.56,0.083,16:50.5,92.51193671,-31.16623977
16:50.7,-0.445,0.382,0.12,16:50.7,92.36938604,-31.16999686
16:50.9,-0.474,0.468,0.102,16:50.9,92.24901681,-31.16682643
16:51.2,-0.408,0.451,0.087,16:51.1,92.0948822,-31.15453056
16:51.4,-0.539,0.371,0.083,16:51.4,91.94419611,-31.14015567
16:51.6,-0.502,0.369,0.105,16:51.6,91.83304164,-31.11493332
16:51.8,-0.4,0.389,0.107,16:51.8,91.69254849,-31.08998182
16:52.1,-0.451,0.326,0.093,16:52.1,91.5568414,-31.05312679
16:52.3,-0.449,0.282,0.075,16:52.3,91.4529746,-31.02087863
16:52.5,-0.498,0.352,0.076,16:52.5,91.32564442,-30.98624619
16:52.7,-0.388,0.352,0.122,16:52.7,91.2199885,-30.95711674
16:53.0,-0.259,0.342,0.075,16:53.0,91.07663664,-30.92101452
16:53.2,-0.359,0.271,0.046,16:53.2,90.99421267,-30.90051275
16:53.4,-0.252,0.333,0.036,16:53.4,90.88584728,-30.88306363
16:53.6,-0.309,0.214,0.054,16:53.6,90.81151771,-30.87623939
16:53.9,-0.214,0.291,0.061,16:53.8,90.73665535,-30.87726479
16:54.1,-0.307,0.349,0.021,16:54.1,90.62603286,-30.87900986
16:54.3,-0.266,0.338,0.044,16:54.3,90.54874748,-30.89402308
16:54.5,-0.255,0.392,0.084,16:54.5,90.47291317,-30.91389799
16:54.7,-0.368,0.398,0.071,16:54.8,90.37318819,-30.93493133
16:54.9,-0.205,0.408,0.008,16:55.0,90.28767073,-30.96032543
16:55.2,-0.37,0.363,-0.005,16:55.2,90.17426968,-30.98529098
16:55.4,-0.381,0.388,-0.008,16:55.4,90.08218353,-31.00533624
16:55.6,-0.25,0.328,-0.005,16:55.6,89.97014479,-31.02801026
16:55.8,-0.38,0.363,-0.009,16:55.8,89.87277606,-31.05149964
16:56.0,-0.355,0.518,0.03,16:56.0,89.77188878,-31.065414
16:56.3,-0.277,0.482,0.003,16:56.3,89.64732568,-31.07691627
16:56.5,-0.307,0.33,0.047,16:56.5,89.52137189,-31.07881038
16:56.7,-0.382,0.367,0.064,16:56.7,89.42366484,-31.0787808
16:57.0,-0.415,0.427,0.033,16:57.0,89.29272699,-31.07608114
16:57.2,-0.446,0.264,-0.012,16:57.2,89.18876956,-31.05817228
16:57.4,-0.393,0.325,0.069,16:57.4,89.06122589,-31.03877859
16:57.6,-0.488,0.395,0.089,16:57.6,88.93454404,-31.01325677
16:57.9,-0.465,0.247,0.071,16:57.9,88.80705959,-30.98666359
16:58.1,-0.521,0.325,0.055,16:58.1,88.69896611,-30.95319836
16:58.3,-0.467,0.31,0.087,16:58.3,88.56483937,-30.91572309
16:58.5,-0.59,0.356,0.031,16:58.5,88.45832623,-30.88264246
16:58.8,-0.546,0.393,0.065,16:58.8,88.32948412,-30.8521033
16:59.0,-0.411,0.424,0.093,16:59.0,88.19874434,-30.8199773
16:59.2,-0.545,0.441,0.069,16:59.2,88.07058436,-30.79364802
16:59.4,-0.457,0.293,0.042,16:59.4,87.97051152,-30.77496029
16:59.7,-0.37,0.428,0.057,16:59.7,87.84820662,-30.76704267
16:59.9,-0.357,0.353,0.064,16:59.9,87.73654918,-30.76218958
17:00.1,-0.281,0.421,0.026,17:00.1,87.64940061,-30.76935367
17:00.4,-0.343,0.413,0.046,17:00.4,87.53912157,-30.77804163
17:00.6,-0.452,0.361,-0.014,17:00.6,87.45219846,-30.79822118
17:00.8,-0.279,0.439,0.022,17:00.8,87.35073097,-30.82476468
17:01.1,-0.242,0.401,0.021,17:01.0,87.23939166,-30.85044243
17:01.3,-0.284,0.553,0.025,17:01.2,87.14919032,-30.87924475
17:01.5,-0.434,0.388,0.057,17:01.5,87.04275827,-30.9064233
17:01.7,-0.272,0.393,-0.002,17:01.7,86.94966384,-30.93740373
17:01.9,-0.249,0.355,-0.007,17:01.9,86.85222828,-30.95868862
17:02.1,-0.387,0.377,0.043,17:02.1,86.73381236,-30.9811047
17:02.4,-0.221,0.367,0.054,17:02.4,86.61904732,-30.99359125
17:02.6,-0.322,0.252,0.051,17:02.6,86.5188613,-30.99771934
17:02.8,-0.331,0.272,0.063,17:02.8,86.39916793,-30.99320342
17:03.0,-0.468,0.254,0.064,17:03.0,86.27821556,-30.9780217
17:03.2,-0.388,0.325,0.084,17:03.2,86.1761536,-30.95459591
17:03.5,-0.436,0.311,0.088,17:03.5,86.05095139,-30.92639325
17:03.7,-0.467,0.386,0.01,17:03.7,85.92300482,-30.89172417
17:03.9,-0.479,0.339,0.032,17:03.9,85.82119812,-30.85713295
17:04.2,-0.42,0.419,0.026,17:04.2,85.69223779,-30.82118258
17:04.4,-0.454,0.361,0.044,17:04.4,85.58117921,-30.78604338
17:04.6,-0.522,0.37,0.039,17:04.6,85.43177184,-30.75389508
17:04.8,-0.382,0.416,0.033,17:04.9,85.32717472,-30.73230444
17:05.1,-0.34,0.468,0.085,17:05.0,85.22519597,-30.716123
17:05.3,-0.425,0.36,0.019,17:05.3,85.09637266,-30.71181174
17:05.5,-0.431,0.485,0.015,17:05.5,84.99585945,-30.71431582
17:05.8,-0.303,0.466,0.04,17:05.8,84.84613174,-30.72135703
17:06.0,-0.287,0.463,0.007,17:06.0,84.75482802,-30.74321461
17:06.2,-0.301,0.387,0.072,17:06.2,84.67247369,-30.76507003
17:06.4,-0.221,0.412,0.046,17:06.4,84.56288432,-30.794968
17:06.6,-0.218,0.455,0.058,17:06.6,84.47651919,-30.82250517
17:06.8,-0.365,0.371,0.031,17:06.9,84.37274669,-30.85035652
17:07.1,-0.455,0.347,0.063,17:07.1,84.25768728,-30.88220036
17:07.3,-0.324,0.31,0.038,17:07.3,84.16856124,-30.90407979
17:07.5,-0.271,0.494,0.061,17:07.5,84.07856682,-30.92087247
17:07.7,-0.327,0.271,0.046,17:07.7,83.9636997,-30.9315131
17:08.0,-0.235,0.43,0.056,17:08.0,83.85112926,-30.93439979
17:08.2,-0.416,0.344,0.037,17:08.2,83.74427212,-30.93210181
17:08.4,-0.519,0.41,-0.012,17:08.4,83.65554866,-30.91790425
17:08.6,-0.422,0.337,0.036,17:08.6,83.55837609,-30.90165017
17:08.8,-0.416,0.381,0.048,17:08.9,83.43617384,-30.87516075
17:09.1,-0.506,0.231,0.067,17:09.0,83.33797515,-30.84425136
17:09.3,-0.523,0.292,0.093,17:09.3,83.18662162,-30.81726802
17:09.5,-0.476,0.328,0.048,17:09.5,83.0836521,-30.78890447
17:09.8,-0.428,0.312,0.017,17:09.7,82.97725713,-30.76737777
17:10.0,-0.512,0.398,0.022,17:10.0,82.84479281,-30.74510065
17:10.2,-0.457,0.437,0.071,17:10.2,82.73646204,-30.73049233
17:10.4,-0.571,0.569,0.038,17:10.4,82.57414532,-30.71816869
17:10.7,-0.503,0.522,0.071,17:10.7,82.46641204,-30.70918417
17:10.9,-0.359,0.411,0.044,17:10.9,82.33767171,-30.7034836
17:11.1,-0.437,0.389,0.031,17:11.1,82.22925576,-30.70558431
17:11.3,-0.441,0.355,0.037,17:11.3,82.09912163,-30.70456459
17:11.6,-0.349,0.461,0.071,17:11.6,81.96960105,-30.71082562
17:11.8,-0.49,0.483,0.056,17:11.8,81.86737884,-30.72077333
17:12.0,-0.277,0.342,0.03,17:12.0,81.7490934,-30.7310794
17:12.2,-0.368,0.384,0.048,17:12.2,81.65121891,-30.74519127
17:12.5,-0.336,0.375,0.073,17:12.5,81.52912985,-30.75685734
17:12.7,-0.355,0.396,0.028,17:12.7,81.41400985,-30.76434697
17:12.9,-0.485,0.378,0.057,17:12.9,81.31701552,-30.77312983
17:13.1,-0.367,0.447,0.016,17:13.1,81.19896931,-30.78066448
17:13.3,-0.359,0.41,0.087,17:13.3,81.10322728,-30.78527429
17:13.5,-0.441,0.411,0.096,17:13.5,81.00519375,-30.78644364
17:13.8,-0.351,0.5,0.038,17:13.8,80.88507217,-30.78451688
17:14.0,-0.424,0.389,0.042,17:14.0,80.76485814,-30.7785019
17:14.2,-0.352,0.325,0.033,17:14.2,80.66884191,-30.7673601
17:14.4,-0.343,0.405,0.069,17:14.4,80.56998639,-30.75140619
17:14.6,-0.352,0.271,0.073,17:14.6,80.4510392,-30.73071061
17:14.8,-0.429,0.482,0.098,17:14.8,80.35315467,-30.71020466
17:15.1,-0.427,0.477,0.079,17:15.1,80.22998,-30.68329991
17:15.3,-0.447,0.415,0.056,17:15.3,80.12998927,-30.66259544
17:15.5,-0.311,0.317,0.049,17:15.5,80.00126014,-30.63595565
17:15.7,-0.479,0.411,0.055,17:15.7,79.89842418,-30.62185732
17:16.0,-0.335,0.435,0.067,17:16.0,79.77189251,-30.60513274
17:16.2,-0.312,0.417,0.035,17:16.2,79.64490896,-30.59608091
17:16.4,-0.391,0.504,0.036,17:16.4,79.54486867,-30.59564485
17:16.7,-0.4,0.354,0.083,17:16.6,79.42119089,-30.59790392
17:16.9,-0.344,0.416,0.055,17:16.9,79.31558536,-30.60371525
17:17.1,-0.319,0.431,0.02,17:17.1,79.18919779,-30.61551038
17:17.3,-0.434,0.398,0.033,17:17.3,79.06058399,-30.62465981
17:17.6,-0.439,0.489,0.053,17:17.6,78.93719417,-30.63897609
17:17.8,-0.457,0.425,0.094,17:17.8,78.8268806,-30.65197021
17:18.0,-0.32,0.463,0.102,17:18.0,78.72197324,-30.66398252
17:18.2,-0.396,0.461,0.077,17:18.2,78.59312869,-30.67249149
17:18.5,-0.404,0.398,0.07,17:18.5,78.46100959,-30.68113117
17:18.7,-0.35,0.369,0.072,17:18.7,78.3389135,-30.6775089
17:18.9,-0.476,0.47,0.05,17:18.9,78.23813407,-30.67600285
17:19.1,-0.353,0.431,0.084,17:19.1,78.13707352,-30.67062821
17:19.3,-0.405,0.325,0.06,17:19.3,78.03917485,-30.66815985
17:19.5,-0.494,0.429,0.078,17:19.5,77.91969165,-30.66192047
17:19.8,-0.482,0.442,0.097,17:19.8,77.79775083,-30.64903725
17:20.0,-0.479,0.417,0.108,17:20.0,77.69548313,-30.63546786
17:20.2,-0.319,0.356,0.087,17:20.2,77.59826209,-30.62174781
17:20.4,-0.534,0.428,0.02,17:20.4,77.47949325,-30.60590465
17:20.6,-0.358,0.513,0,17:20.6,77.38578567,-30.59357121
17:20.9,-0.374,0.311,0.085,17:20.8,77.26977898,-30.58147098
17:21.1,-0.285,0.443,0.027,17:21.1,77.1543094,-30.57400246
17:21.3,-0.411,0.25,0.035,17:21.3,77.06328903,-30.57189441
17:21.5,-0.311,0.419,0.074,17:21.5,76.97118774,-30.57000165
17:21.7,-0.294,0.436,0.063,17:21.7,76.87961092,-30.57373818
17:21.9,-0.432,0.454,0.033,17:21.9,76.76572883,-30.57914132
17:22.1,-0.355,0.391,0.032,17:22.2,76.65085255,-30.58451631
17:22.4,-0.433,0.431,0.026,17:22.4,76.55341068,-30.5931439
17:22.6,-0.378,0.349,0.077,17:22.6,76.45435215,-30.60008749
17:22.8,-0.412,0.374,0.028,17:22.8,76.3544254,-30.60818021
17:23.0,-0.375,0.432,0.042,17:23.0,76.22819832,-30.61539602
17:23.2,-0.431,0.337,0.036,17:23.2,76.09840063,-30.61708105
17:23.4,-0.39,0.416,0.074,17:23.4,75.99266964,-30.61871873
17:23.6,-0.4,0.398,0.096,17:23.6,75.88476077,-30.62023907
17:23.8,-0.501,0.341,0.05,17:23.8,75.77778402,-30.61780926
17:24.1,-0.527,0.357,0.106,17:24.1,75.6463271,-30.61164761
17:24.3,-0.396,0.46,0.057,17:24.3,75.51249807,-30.60855519
17:24.5,-0.344,0.463,0.024,17:24.5,75.40533023,-30.60174309
17:24.7,-0.392,0.538,0.047,17:24.7,75.30287624,-30.59704877
17:24.9,-0.428,0.417,0.047,17:24.9,75.17705019,-30.59222173
17:25.1,-0.214,0.294,0.047,17:25.1,75.08226876,-30.58781126
17:25.3,-0.29,0.365,0.014,17:25.3,74.98806773,-30.58597956
17:25.6,-0.409,0.372,0.042,17:25.6,74.8750084,-30.58387197
17:25.8,-0.269,0.378,0.033,17:25.8,74.7681585,-30.58138918
17:26.0,-0.367,0.326,0.068,17:26.0,74.68070448,-30.58033638
17:26.2,-0.292,0.419,0.039,17:26.2,74.59802524,-30.5815962
17:26.4,-0.318,0.319,0.096,17:26.5,74.49391816,-30.58209706
17:26.7,-0.262,0.337,0.073,17:26.7,74.38866922,-30.58000297
17:26.9,-0.368,0.464,0.04,17:26.9,74.30378588,-30.57750473
17:27.1,-0.373,0.373,0.075,17:27.1,74.21534494,-30.5728548
17:27.3,-0.373,0.393,0.015,17:27.3,74.10497316,-30.56539956
17:27.5,-0.31,0.315,0.034,17:27.5,74.01443503,-30.55971333
17:27.7,-0.433,0.424,0.057,17:27.7,73.89781575,-30.54818623
17:28.0,-0.437,0.393,0.07,17:28.0,73.8015221,-30.54404069
17:28.2,-0.453,0.257,0.088,17:28.2,73.70255201,-30.5360503
17:28.4,-0.456,0.497,0.089,17:28.4,73.57628213,-30.5275355
17:28.6,-0.369,0.365,0.068,17:28.6,73.46875665,-30.51954588
17:28.8,-0.367,0.365,0.011,17:28.8,73.35937037,-30.51167704
17:29.0,-0.388,0.436,0.084,17:29.0,73.22550849,-30.50290777
17:29.3,-0.41,0.407,0.07,17:29.3,73.08496885,-30.49976721
17:29.5,-0.33,0.324,0.054,17:29.5,72.97495952,-30.49868737
17:29.7,-0.381,0.419,0.091,17:29.7,72.86713981,-30.50085239
17:29.9,-0.277,0.31,0.081,17:29.9,72.75887072,-30.50614066
17:30.1,-0.417,0.359,0.116,17:30.1,72.62574513,-30.51160229
17:30.4,-0.375,0.496,0.09,17:30.3,72.49489016,-30.51872279
17:30.6,-0.423,0.524,0.035,17:30.6,72.39672343,-30.52687336
17:30.8,-0.293,0.382,0.072,17:30.8,72.27530352,-30.53474922
17:31.0,-0.277,0.358,0.064,17:31.0,72.18391476,-30.54151874
17:31.2,-0.364,0.344,0.104,17:31.2,72.09421175,-30.54628451
17:31.4,-0.355,0.311,0.066,17:31.4,71.98380865,-30.54950543
17:31.6,-0.265,0.425,0.036,17:31.6,71.90217771,-30.54984402
17:31.9,-0.331,0.333,0.086,17:31.9,71.79675986,-30.54615685
17:32.1,-0.387,0.36,0.067,17:32.1,71.7136266,-30.53973191
17:32.3,-0.483,0.457,0.091,17:32.3,71.62643633,-30.53180806
17:32.5,-0.434,0.288,0.081,17:32.5,71.53753937,-30.51900007
17:32.7,-0.367,0.258,-0.024,17:32.7,71.42369303,-30.50462213
17:32.9,-0.412,0.308,0.039,17:32.9,71.3281728,-30.49088754
17:33.1,-0.408,0.362,0.035,17:33.1,71.20774504,-30.47669292
17:33.3,-0.417,0.416,0.027,17:33.3,71.10654735,-30.46097944
17:33.5,-0.43,0.403,0.014,17:33.5,71.00229521,-30.44916693
17:33.8,-0.444,0.517,0.024,17:33.8,70.87335094,-30.43811229
17:34.0,-0.555,0.429,-0.005,17:34.0,70.76412995,-30.42990229
17:34.2,-0.496,0.357,0.028,17:34.2,70.65692221,-30.42514744
17:34.4,-0.423,0.389,0.062,17:34.4,70.52454226,-30.42358972
17:34.6,-0.385,0.466,0.07,17:34.6,70.414509,-30.42705293
17:34.8,-0.441,0.556,0.038,17:34.8,70.30734751,-30.43345291
17:35.0,-0.391,0.374,-0.005,17:35.0,70.17381147,-30.43959474
17:35.3,-0.322,0.391,0.04,17:35.2,70.07273202,-30.44953946
17:35.5,-0.264,0.432,0.005,17:35.5,69.94878389,-30.45762665
17:35.7,-0.392,0.36,0.048,17:35.7,69.8533022,-30.46695547
17:35.9,-0.31,0.409,0.1,17:35.9,69.76289786,-30.47389964
17:36.1,-0.462,0.326,0.057,17:36.1,69.65128403,-30.48024327
17:36.3,-0.255,0.358,0.06,17:36.3,69.56427597,-30.48403409
17:36.5,-0.324,0.393,0.108,17:36.5,69.47998998,-30.4864588
17:36.7,-0.304,0.377,0.091,17:36.7,69.37399023,-30.48447562
17:36.9,-0.309,0.412,0.087,17:37.0,69.27885585,-30.47264289
17:37.2,-0.242,0.394,0.069,17:37.2,69.18738048,-30.47132024
17:37.4,-0.318,0.365,0.078,17:37.4,69.08167903,-30.45812357
17:37.6,-0.33,0.327,0.056,17:37.6,68.99601685,-30.44418541
17:37.8,-0.417,0.405,0.03,17:37.8,68.90833693,-30.42834848
17:38.0,-0.469,0.456,0.02,17:38.0,68.79530186,-30.41152616
17:38.2,-0.432,0.275,0.079,17:38.2,68.70341501,-30.39453811
17:38.5,-0.337,0.324,0.03,17:38.5,68.58200792,-30.37208513
17:38.7,-0.503,0.431,0.021,17:38.7,68.45599106,-30.3466602
17:38.9,-0.436,0.466,0.045,17:38.9,68.37782324,-30.33914617
17:39.1,-0.441,0.453,0.047,17:39.1,68.27575973,-30.3259353
17:39.3,-0.404,0.475,0.025,17:39.3,68.14624936,-30.31198423
17:39.5,-0.322,0.435,0.016,17:39.5,68.0398852,-30.30595052
17:39.8,-0.399,0.429,0.017,17:39.8,67.91096961,-30.29992235
17:40.0,-0.347,0.464,0.051,17:40.0,67.80917897,-30.30209165
17:40.2,-0.295,0.567,0.046,17:40.2,67.68320051,-30.30457517
17:40.4,-0.304,0.436,-0.016,17:40.4,67.58620414,-30.31355211
17:40.6,-0.305,0.422,0.019,17:40.6,67.48655676,-30.32188999
17:40.8,-0.37,0.566,0.051,17:40.8,67.36517192,-30.33131617
17:41.1,-0.388,0.503,0.017,17:41.1,67.24616477,-30.34179383
17:41.3,-0.436,0.473,0.051,17:41.3,67.1510035,-30.35214072
17:41.5,-0.332,0.371,0.047,17:41.5,67.05393741,-30.360498
17:41.7,-0.384,0.492,0.038,17:41.7,66.95393025,-30.36715352
17:41.9,-0.386,0.442,0.058,17:41.9,66.83083857,-30.37136794
17:42.1,-0.343,0.425,0.077,17:42.1,66.70261853,-30.36905892
17:42.3,-0.425,0.474,0.072,17:42.3,66.60044275,-30.37071837
17:42.5,-0.543,0.4,0.049,17:42.5,66.49806206,-30.36517261
17:42.7,-0.353,0.509,0.063,17:42.7,66.39457458,-30.35594493
17:42.9,-0.491,0.368,0.077,17:42.9,66.29375267,-30.34208254
17:43.2,-0.396,0.373,0.037,17:43.2,66.16703038,-30.32504194
17:43.4,-0.479,0.291,0.087,17:43.4,66.06576492,-30.30348952
17:43.6,-0.487,0.386,0.095,17:43.6,65.96539368,-30.28457151
17:43.8,-0.459,0.26,0.094,17:43.8,65.86337871,-30.26657964
17:44.0,-0.371,0.355,0.096,17:44.0,65.73830335,-30.24666724
17:44.2,-0.448,0.388,0.057,17:44.2,65.63624365,-30.23231558
17:44.4,-0.354,0.432,0.044,17:44.4,65.5090622,-30.21946308
17:44.7,-0.307,0.354,0.036,17:44.6,65.40801981,-30.21155196
17:44.9,-0.377,0.431,0.022,17:44.8,65.30927545,-30.20638295
17:45.1,-0.464,0.432,0.029,17:45.1,65.18325281,-30.20546241
17:45.3,-0.382,0.362,0.061,17:45.3,65.0846889,-30.21084826
17:45.5,-0.327,0.454,0.05,17:45.5,64.96214822,-30.21733859
17:45.7,-0.44,0.453,0.071,17:45.7,64.86556229,-30.22836727
17:45.9,-0.313,0.413,0.064,17:46.0,64.74366098,-30.24171362
17:46.1,-0.261,0.392,0.073,17:46.2,64.64554031,-30.25667383
17:46.4,-0.365,0.361,0.09,17:46.3,64.54603131,-30.27178474
17:46.6,-0.263,0.573,0.078,17:46.6,64.44844648,-30.28622368
17:46.8,-0.434,0.427,0.075,17:46.8,64.30485101,-30.29943021
17:47.0,-0.265,0.383,0.027,17:47.0,64.2086188,-30.30814504
17:47.2,-0.299,0.43,0.075,17:47.2,64.11328659,-30.31415191
17:47.4,-0.412,0.504,0.054,17:47.4,64.0162582,-30.31653356
17:47.6,-0.425,0.244,0.106,17:47.6,63.91925076,-30.31723743
17:47.9,-0.334,0.3,0.063,17:47.9,63.80233354,-30.30836966
17:48.1,-0.449,0.308,0.091,17:48.1,63.68094493,-30.29645077
17:48.3,-0.445,0.386,0.077,17:48.3,63.58108736,-30.28050453
17:48.5,-0.432,0.306,0.039,17:48.5,63.47987552,-30.26317538
17:48.7,-0.358,0.373,0.107,17:48.7,63.37953428,-30.24214939
17:48.9,-0.496,0.37,0.045,17:48.9,63.27815574,-30.22293082
17:49.1,-0.457,0.493,0.101,17:49.1,63.1537139,-30.20066554
17:49.3,-0.503,0.47,0.084,17:49.3,63.05177638,-30.1819086
17:49.5,-0.305,0.353,0.058,17:49.5,62.95413089,-30.16628275
17:49.8,-0.362,0.413,0.063,17:49.8,62.83855206,-30.15325824
17:50.0,-0.207,0.394,-0.017,17:50.0,62.7465768,-30.14569783
17:50.2,-0.365,0.406,0.049,17:50.2,62.63690758,-30.14118041
17:50.4,-0.467,0.339,0.037,17:50.4,62.55047705,-30.14304896
17:50.6,-0.228,0.373,0.049,17:50.6,62.46715018,-30.15035416
17:50.8,-0.3,0.474,0.018,17:50.8,62.36130608,-30.1616439
17:51.0,-0.42,0.378,0.025,17:51.0,62.2751457,-30.17739859
17:51.2,-0.317,0.443,-0.021,17:51.2,62.18652676,-30.1945052
17:51.5,-0.228,0.488,0,17:51.5,62.07021995,-30.2131596
17:51.7,-0.295,0.444,0.029,17:51.7,61.97622851,-30.23469733
17:51.9,-0.355,0.412,0.038,17:51.9,61.86394888,-30.26623222
17:52.1,-0.397,0.437,0.058,17:52.1,61.7647295,-30.27987672
17:52.3,-0.392,0.436,0.023,17:52.2,61.68839581,-30.28485226
17:52.5,-0.337,0.282,0.047,17:52.5,61.56527967,-30.2961032
17:52.7,-0.393,0.329,0.032,17:52.7,61.4624428,-30.30252864
17:52.9,-0.37,0.433,0.06,17:52.9,61.35780043,-30.30522589
17:53.1,-0.362,0.387,0.041,17:53.1,61.25411087,-30.29885463
17:53.3,-0.31,0.403,0.081,17:53.3,61.1269989,-30.28986757
17:53.5,-0.429,0.428,0.037,17:53.5,61.02309068,-30.27719903
17:53.7,-0.489,0.293,0.046,17:53.8,60.8927765,-30.26190937
17:53.9,-0.427,0.363,0.067,17:54.0,60.78752946,-30.24186602
17:54.1,-0.444,0.324,0.079,17:54.1,60.68380579,-30.22164525
17:54.3,-0.317,0.322,0.061,17:54.3,60.58135108,-30.19901092
17:54.5,-0.457,0.319,0.062,17:54.5,60.48100855,-30.17798793
17:54.8,-0.42,0.427,0.065,17:54.8,60.35688745,-30.15523185
17:55.0,-0.427,0.253,0.069,17:55.0,60.25615429,-30.13456476
17:55.2,-0.318,0.413,0.028,17:55.2,60.16336862,-30.11946615
17:55.4,-0.455,0.382,0.011,17:55.4,60.05218755,-30.10943842
17:55.6,-0.464,0.356,0.054,17:55.6,59.95278928,-30.09871536
17:55.8,-0.395,0.455,0.036,17:55.8,59.86125304,-30.09554235
17:56.0,-0.349,0.411,0.032,17:56.0,59.75150609,-30.1088072
17:56.2,-0.288,0.426,0.013,17:56.2,59.67965281,-30.10341037
17:56.4,-0.207,0.411,0.041,17:56.4,59.56568932,-30.11087916
17:56.6,-0.247,0.425,0.028,17:56.6,59.47493651,-30.12020155
17:56.8,-0.343,0.482,0.054,17:56.8,59.38387099,-30.13341781
17:57.0,-0.403,0.407,0.026,17:57.0,59.28920048,-30.14417898
17:57.2,-0.367,0.405,0.008,17:57.3,59.16887656,-30.15752799
17:57.4,-0.3,0.458,0.052,17:57.4,59.09186094,-30.1694431
17:57.6,-0.535,0.363,0.049,17:57.7,58.96810688,-30.18012649
17:57.8,-0.32,0.404,0.086,17:57.9,58.86683625,-30.18705661
17:58.0,-0.378,0.435,0.118,17:58.0,58.76303332,-30.1913239
17:58.3,-0.384,0.484,0.062,17:58.3,58.63306524,-30.19177723
17:58.5,-0.341,0.487,0.131,17:58.5,58.52500159,-30.18858135
17:58.7,-0.456,0.375,0.119,17:58.7,58.41769732,-30.18003369
17:58.9,-0.495,0.327,0.077,17:58.9,58.28744799,-30.15715522
17:59.1,-0.368,0.375,0.066,17:59.1,58.17861333,-30.14282147
17:59.3,-0.357,0.351,0.087,17:59.3,58.07166831,-30.13974929
17:59.5,-0.443,0.364,0.072,17:59.5,57.96621732,-30.1205502
17:59.7,-0.483,0.467,0.093,17:59.7,57.86675577,-30.10422768
17:59.9,-0.469,0.457,0.074,17:59.9,57.76070086,-30.08455798
18:00.1,-0.431,0.374,0.065,18:00.1,57.65897134,-30.06752314
18:00.3,-0.468,0.352,0.1,18:00.3,57.52937777,-30.04875425
18:00.6,-0.44,0.299,0.082,18:00.6,57.40154764,-30.03230508
18:00.8,-0.408,0.387,0.047,18:00.8,57.30346216,-30.02105308
18:01.0,-0.354,0.31,0.076,18:01.0,57.21123634,-30.01285637
18:01.2,-0.336,0.424,0.04,18:01.2,57.12029108,-30.0080055
18:01.4,-0.425,0.431,0.074,18:01.4,57.03135632,-30.00593495
18:01.6,-0.389,0.318,0.041,18:01.6,56.92227336,-30.00450528
18:01.8,-0.333,0.299,0.059,18:01.8,56.83765103,-30.00599754
18:02.0,-0.365,0.395,0.037,18:02.0,56.75629176,-30.01059283
18:02.2,-0.308,0.365,0.072,18:02.2,56.67432831,-30.01606524
18:02.4,-0.312,0.347,0.042,18:02.4,56.59253483,-30.0254355
18:02.6,-0.455,0.447,0.031,18:02.6,56.49152125,-30.04248777
18:02.8,-0.334,0.35,0.033,18:02.8,56.38249755,-30.04861258
18:03.0,-0.345,0.406,0.02,18:03.0,56.2917483,-30.05458159
18:03.2,-0.362,0.383,-0.004,18:03.2,56.22325192,-30.05544941
18:03.4,-0.414,0.404,0.028,18:03.4,56.13287461,-30.06018101
18:03.6,-0.456,0.431,0.02,18:03.6,56.03960682,-30.06490161
18:03.9,-0.454,0.376,0.048,18:03.8,55.92322183,-30.06764301
18:04.1,-0.398,0.405,0.01,18:04.1,55.82422333,-30.06843868
18:04.3,-0.386,0.195,0.026,18:04.3,55.72395827,-30.06654269
18:04.5,-0.411,0.353,0.05,18:04.5,55.59883255,-30.06234322
18:04.7,-0.356,0.355,0.025,18:04.7,55.49393393,-30.05657973
18:04.9,-0.483,0.373,0.039,18:04.9,55.39036136,-30.05122011
18:05.1,-0.41,0.33,0.013,18:05.1,55.26073457,-30.04142541
18:05.3,-0.358,0.305,0.074,18:05.3,55.15409582,-30.03497798
18:05.5,-0.409,0.42,0.012,18:05.5,55.04698208,-30.02460708
18:05.7,-0.358,0.357,-0.017,18:05.7,54.93953425,-30.01600331
18:05.9,-0.419,0.462,0.048,18:05.9,54.81377757,-30.00320647
18:06.1,-0.405,0.459,0.036,18:06.1,54.70346521,-29.99792607
18:06.3,-0.411,0.478,0.075,18:06.4,54.58856158,-29.98864457
18:06.5,-0.354,0.392,0.072,18:06.6,54.48454433,-29.98261825
18:06.7,-0.368,0.263,0.027,18:06.8,54.38306608,-29.97682018
18:06.9,-0.328,0.342,0.081,18:06.9,54.31429373,-29.97483136
18:07.1,-0.374,0.342,0.046,18:07.2,54.20226739,-29.9711989
18:07.4,-0.259,0.422,0.063,18:07.4,54.09204593,-29.96726883
18:07.6,-0.273,0.339,0.015,18:07.6,54.03058315,-29.9667901
18:07.8,-0.259,0.341,0.03,18:07.8,53.92507899,-29.96508734
18:08.0,-0.273,0.374,0.092,18:08.0,53.84098304,-29.96607804
18:08.2,-0.328,0.346,0.079,18:08.2,53.75752333,-29.96629945
18:08.4,-0.334,0.366,0.07,18:08.4,53.64753022,-29.96609842
18:08.6,-0.396,0.315,0.082,18:08.6,53.55909846,-29.96625939
18:08.8,-0.414,0.43,-0.001,18:08.8,53.46728713,-29.96502698
18:09.0,-0.452,0.416,0.034,18:09.0,53.37323786,-29.96573922
18:09.2,-0.387,0.43,0.025,18:09.2,53.27647269,-29.96319631
18:09.4,-0.335,0.293,0.036,18:09.4,53.1759654,-29.96108379
18:09.7,-0.253,0.439,0.017,18:09.7,53.05283282,-29.96055974
18:09.9,-0.376,0.44,0.059,18:09.9,52.95004178,-29.9591715
18:10.1,-0.459,0.327,0.069,18:10.0,52.84345086,-29.95594598
18:10.3,-0.453,0.422,0.075,18:10.2,52.73548844,-29.95135334
18:10.5,-0.371,0.502,0.039,18:10.4,52.62396021,-29.94584771
18:10.7,-0.342,0.419,0.02,18:10.7,52.48417284,-29.94218279
18:10.9,-0.446,0.437,0.053,18:10.9,52.34258435,-29.93531051
18:11.1,-0.406,0.488,0.063,18:11.1,52.22974706,-29.93032469
18:11.3,-0.425,0.372,0.051,18:11.3,52.11594009,-29.92505807
18:11.5,-0.464,0.353,0.044,18:11.5,51.98359091,-29.91757929
18:11.7,-0.512,0.441,0.122,18:11.7,51.87218785,-29.91396999
18:12.0,-0.486,0.283,0.111,18:11.9,51.75721248,-29.91104959
18:12.2,-0.368,0.371,0.072,18:12.1,51.65184199,-29.90815577
18:12.4,-0.33,0.384,0.106,18:12.3,51.54864578,-29.90537089
18:12.6,-0.322,0.362,0.088,18:12.5,51.45218772,-29.90364161
18:12.7,-0.452,0.274,0.075,18:12.7,51.35764227,-29.90398305
18:13.0,-0.345,0.277,0.065,18:13.0,51.24094406,-29.90620391
18:13.2,-0.325,0.312,0.036,18:13.2,51.15455385,-29.90845692
18:13.4,-0.255,0.47,0.091,18:13.4,51.06968848,-29.91004821
18:13.6,-0.362,0.365,0.1,18:13.6,50.98364034,-29.91055752
18:13.8,-0.398,0.408,0.093,18:13.8,50.89896046,-29.91153237
18:13.9,-0.359,0.315,0.093,18:14.0,50.81498914,-29.91179825
18:14.2,-0.344,0.483,0.022,18:14.1,50.72853393,-29.91058203
18:14.4,-0.339,0.332,0.103,18:14.4,50.61820191,-29.90563821
18:14.6,-0.463,0.38,0.024,18:14.6,50.52936364,-29.90331157
18:14.8,-0.423,0.402,0.039,18:14.8,50.43445995,-29.89495605
18:15.0,-0.395,0.391,0.027,18:15.0,50.34172267,-29.88911066
18:15.1,-0.453,0.339,0.044,18:15.2,50.24863469,-29.88431517
18:15.4,-0.436,0.422,0.031,18:15.4,50.14937798,-29.87830746
18:15.6,-0.373,0.402,0.036,18:15.6,50.04824137,-29.87000713
18:15.8,-0.329,0.504,0.061,18:15.8,49.95025491,-29.86523463
18:16.0,-0.418,0.414,0.067,18:16.0,49.84911112,-29.86201723
18:16.2,-0.334,0.362,0.089,18:16.1,49.74339445,-29.8580647
18:16.3,-0.354,0.4,0.071,18:16.3,49.63792163,-29.85817433
18:16.6,-0.321,0.395,0.031,18:16.6,49.50510789,-29.85464871
18:16.8,-0.502,0.306,0.042,18:16.8,49.39509561,-29.85367837
18:17.0,-0.375,0.442,0.049,18:17.0,49.28582727,-29.85809591
18:17.2,-0.445,0.48,0.077,18:17.2,49.17840151,-29.86343152
18:17.4,-0.325,0.414,0.079,18:17.4,49.06999677,-29.86854506
18:17.6,-0.319,0.453,0.073,18:17.6,48.96465876,-29.87302841
18:17.8,-0.375,0.531,0.062,18:17.8,48.83745107,-29.87916944
18:18.0,-0.386,0.391,0.048,18:18.0,48.73808358,-29.88273332
18:18.2,-0.233,0.397,0.092,18:18.2,48.63417857,-29.88543396
18:18.4,-0.425,0.313,0.035,18:18.4,48.54071292,-29.88133219
18:18.6,-0.401,0.275,0.111,18:18.6,48.44760195,-29.87427083
18:18.8,-0.346,0.303,0.094,18:18.8,48.35289325,-29.87202376
18:19.0,-0.335,0.352,0.059,18:19.0,48.26800005,-29.8643459
18:19.2,-0.304,0.335,0.09,18:19.2,48.18268108,-29.85345575
18:19.4,-0.459,0.194,0.025,18:19.4,48.10214814,-29.84306886
18:19.6,-0.367,0.378,0.076,18:19.6,48.02098388,-29.83158959
18:19.8,-0.275,0.312,0.075,18:19.8,47.92048921,-29.82059209
18:20.0,-0.388,0.372,0.044,18:20.0,47.83849765,-29.80859912
18:20.3,-0.324,0.378,0.032,18:20.2,47.75413159,-29.80062606
18:20.5,-0.361,0.397,0.105,18:20.4,47.66606853,-29.7932024
18:20.7,-0.368,0.433,0.036,18:20.7,47.55613927,-29.7879831
18:20.9,-0.337,0.455,0.024,18:20.9,47.46277869,-29.7865273
18:21.1,-0.331,0.441,0.027,18:21.1,47.36530783,-29.78604025
18:21.3,-0.35,0.337,0.054,18:21.3,47.24350696,-29.78699756
18:21.5,-0.479,0.385,0.065,18:21.5,47.15861381,-29.79171825
18:21.7,-0.426,0.518,0.099,18:21.7,47.0255371,-29.79541258
18:21.9,-0.401,0.454,0.023,18:21.9,46.91234349,-29.80125271
18:22.1,-0.467,0.474,0.073,18:22.1,46.79626303,-29.8037848
18:22.3,-0.392,0.397,0.08,18:22.3,46.65113085,-29.80584328
18:22.5,-0.429,0.451,0.124,18:22.5,46.53386733,-29.80783032
18:22.7,-0.443,0.403,0.071,18:22.7,46.41325305,-29.8072387
18:22.9,-0.495,0.449,0.051,18:22.9,46.29124341,-29.80525606
18:23.1,-0.522,0.467,0.071,18:23.1,46.16703003,-29.80116493
18:23.3,-0.492,0.442,0.103,18:23.3,46.02052632,-29.79205023
18:23.5,-0.504,0.496,0.037,18:23.6,45.88121387,-29.78342982
18:23.7,-0.507,0.463,0.075,18:23.7,45.77852553,-29.78121986
18:23.9,-0.499,0.52,0.064,18:24.0,45.64845793,-29.76587142
18:24.1,-0.405,0.336,0.081,18:24.1,45.55239249,-29.76286467
18:24.3,-0.432,0.386,0.093,18:24.3,45.44356771,-29.7526198
18:24.5,-0.416,0.41,0.1,18:24.5,45.33514807,-29.73377507
18:24.8,-0.41,0.434,0.11,18:24.7,45.2131932,-29.7277939
18:24.9,-0.333,0.372,0.069,18:24.9,45.12192605,-29.71952445
18:25.1,-0.468,0.337,0.067,18:25.1,45.05849301,-29.71127378
18:25.3,-0.365,0.346,0.13,18:25.3,44.97143557,-29.70486679
18:25.5,-0.345,0.361,0.081,18:25.5,44.88703489,-29.69922367
18:25.7,-0.382,0.347,0.138,18:25.7,44.80362048,-29.6940104
18:26.0,-0.321,0.33,0.049,18:25.9,44.69933529,-29.68898541
18:26.1,-0.332,0.475,0.039,18:26.1,44.61536575,-29.68956468
18:26.3,-0.311,0.422,0.017,18:26.3,44.53439637,-29.69474808
18:26.5,-0.364,0.407,0.037,18:26.5,44.44854781,-29.70152513
18:26.7,-0.426,0.419,0.003,18:26.7,44.35877446,-29.70923663
18:26.9,-0.293,0.507,-0.004,18:26.9,44.26347986,-29.71898633
18:27.2,-0.337,0.461,0.009,18:27.2,44.14396706,-29.73270925
18:27.4,-0.297,0.388,0.016,18:27.4,44.04482166,-29.74945041
18:27.6,-0.379,0.435,-0.016,18:27.6,43.9454829,-29.76372011
18:27.8,-0.391,0.482,0.008,18:27.8,43.84381022,-29.77516449
18:28.0,-0.409,0.344,0.058,18:27.9,43.74175419,-29.78621269
18:28.2,-0.408,0.352,0.026,18:28.1,43.63819207,-29.79617169
18:28.4,-0.305,0.351,0.031,18:28.4,43.50835388,-29.80363868
18:28.6,-0.437,0.45,0.033,18:28.6,43.40494152,-29.8068778
18:28.8,-0.366,0.485,0.046,18:28.8,43.30257022,-29.80363837
18:29.0,-0.417,0.433,0.041,18:29.0,43.18007699,-29.78598558
18:29.2,-0.382,0.373,0.03,18:29.2,43.07729965,-29.77377406
18:29.4,-0.435,0.292,0.077,18:29.4,42.97249902,-29.77251368
18:29.6,-0.425,0.353,0.061,18:29.6,42.87341605,-29.75500223
18:29.8,-0.363,0.373,0.018,18:29.8,42.7755934,-29.73392594
18:30.0,-0.517,0.336,0.062,18:30.0,42.66378292,-29.69393508
18:30.2,-0.404,0.423,0.059,18:30.2,42.5799272,-29.68643525
18:30.4,-0.55,0.241,0.023,18:30.4,42.4853401,-29.66114198
18:30.6,-0.432,0.438,-0.003,18:30.6,42.38977866,-29.63907173
18:30.8,-0.332,0.444,0.026,18:30.8,42.27343533,-29.61522545
18:31.0,-0.34,0.434,0.066,18:31.0,42.18064142,-29.5981023
18:31.2,-0.344,0.434,-0.003,18:31.2,42.09049871,-29.58383161
18:31.4,-0.392,0.46,-0.002,18:31.4,41.99904719,-29.57515334
18:31.6,-0.313,0.322,0.017,18:31.6,41.92987302,-29.57391465
18:31.8,-0.343,0.451,0.01,18:31.8,41.81799863,-29.57166702
18:32.0,-0.331,0.397,0.024,18:32.0,41.72637133,-29.57697486
18:32.2,-0.373,0.475,0.037,18:32.2,41.63500068,-29.5842253
18:32.4,-0.435,0.369,-0.012,18:32.4,41.5448109,-29.59634445
18:32.6,-0.488,0.497,0.066,18:32.6,41.45339407,-29.61180124
18:32.8,-0.434,0.524,0.032,18:32.8,41.35775972,-29.6281268
18:33.0,-0.314,0.438,0.025,18:33.0,41.26485385,-29.64403525
18:33.2,-0.317,0.433,0.039,18:33.2,41.14689144,-29.65761247
18:33.4,-0.344,0.52,0.089,18:33.4,41.05507078,-29.67105565
18:33.6,-0.369,0.376,0.096,18:33.6,40.95905144,-29.68264395
18:33.8,-0.297,0.321,0.069,18:33.8,40.86235571,-29.69112228
18:34.0,-0.418,0.397,0.104,18:34.0,40.76553478,-29.69716973
18:34.2,-0.389,0.432,0.13,18:34.2,40.66901309,-29.69865413
18:34.4,-0.328,0.376,0.103,18:34.4,40.54625855,-29.69622807
18:34.6,-0.398,0.362,0.082,18:34.6,40.46957688,-29.68629692
18:34.8,-0.52,0.385,0.103,18:34.8,40.37039789,-29.671843
18:35.0,-0.309,0.363,0.106,18:35.0,40.24557685,-29.65450494
18:35.2,-0.482,0.302,0.083,18:35.2,40.16697317,-29.63308264
18:35.4,-0.473,0.359,0.009,18:35.4,40.0669343,-29.61024028
18:35.6,-0.439,0.363,0.037,18:35.6,39.94162088,-29.58488565
18:35.8,-0.49,0.388,0.037,18:35.8,39.83679763,-29.55986189
18:36.0,-0.53,0.366,0.081,18:36.0,39.70612789,-29.51963978
18:36.2,-0.559,0.395,0.061,18:36.2,39.60142657,-29.49839253
18:36.4,-0.459,0.447,0.078,18:36.4,39.49615554,-29.48061106
18:36.6,-0.466,0.396,0.037,18:36.6,39.39726082,-29.46764737
18:36.8,-0.41,0.363,0.112,18:36.8,39.28858247,-29.45553393
18:37.0,-0.498,0.371,0.089,18:37.0,39.19432749,-29.44971897
18:37.2,-0.288,0.321,0.106,18:37.2,39.1025257,-29.44825881
18:37.4,-0.334,0.407,0.101,18:37.4,39.01421447,-29.4500358
18:37.6,-0.312,0.361,0.103,18:37.6,38.92872815,-29.45770364
18:37.8,-0.298,0.438,0.093,18:37.8,38.84718592,-29.47153359
18:38.0,-0.272,0.392,0.087,18:38.0,38.76378692,-29.48712008
18:38.2,-0.266,0.556,0.064,18:38.2,38.6689964,-29.52195196
18:38.4,-0.344,0.424,0.025,18:38.4,38.58519814,-29.53979994
18:38.6,-0.342,0.449,0.048,18:38.6,38.49573572,-29.55875657
18:38.8,-0.388,0.448,0.028,18:38.8,38.42854603,-29.56260678
18:39.0,-0.363,0.443,0.03,18:39.0,38.34220293,-29.58558905
18:39.2,-0.332,0.354,0.019,18:39.2,38.23500869,-29.60699542
18:39.4,-0.341,0.389,0.029,18:39.4,38.14703229,-29.62409337
18:39.6,-0.329,0.444,0.049,18:39.6,38.0564094,-29.63606052
18:39.8,-0.435,0.497,0.05,18:39.8,37.96400939,-29.64497918
18:40.0,-0.364,0.281,0.062,18:39.9,37.89027717,-29.64607701
18:40.1,-0.445,0.311,0.036,18:40.1,37.79282915,-29.64706251
18:40.4,-0.492,0.369,0.052,18:40.4,37.67152496,-29.6436127
18:40.6,-0.41,0.409,0.033,18:40.6,37.56894704,-29.63417749
18:40.8,-0.463,0.399,0.023,18:40.8,37.44806073,-29.6078238
18:41.0,-0.496,0.358,0.06,18:41.0,37.34224429,-29.59194047
18:41.2,-0.498,0.35,0.046,18:41.2,37.25736239,-29.5903184
18:41.4,-0.41,0.353,0.063,18:41.4,37.15102127,-29.57265199
18:41.6,-0.371,0.299,0.076,18:41.6,37.02009824,-29.5520544
18:41.8,-0.35,0.413,0.061,18:41.8,36.91414467,-29.53263761
18:42.0,-0.261,0.364,0.04,18:42.0,36.80920617,-29.51414202
18:42.2,-0.48,0.406,0.022,18:42.2,36.70442041,-29.49793388
18:42.4,-0.44,0.426,0.009,18:42.4,36.60057644,-29.48643008
18:42.6,-0.355,0.475,0.031,18:42.6,36.49959241,-29.47808568
18:42.8,-0.425,0.369,0.033,18:42.8,36.37248676,-29.47011138
18:43.0,-0.366,0.353,0.03,18:43.0,36.27417123,-29.4673484
18:43.2,-0.368,0.359,0.03,18:43.2,36.17730628,-29.46761279
18:43.4,-0.317,0.412,0.062,18:43.4,36.08185296,-29.47135388
18:43.6,-0.445,0.363,0.089,18:43.6,35.98657733,-29.4767955
18:43.8,-0.393,0.397,0.062,18:43.8,35.89509975,-29.48271614
18:44.0,-0.293,0.388,0.034,18:44.0,35.77883462,-29.48964736
18:44.2,-0.332,0.358,0.062,18:44.2,35.71012907,-29.4988126
18:44.4,-0.385,0.374,0.014,18:44.4,35.62124383,-29.50712176
18:44.6,-0.398,0.458,0.053,18:44.6,35.53284094,-29.51356328
18:44.8,-0.272,0.418,0.034,18:44.8,35.44652345,-29.52107367
18:45.0,-0.404,0.243,0.053,18:45.0,35.36197991,-29.52845273
18:45.2,-0.325,0.34,0.029,18:45.2,35.25247611,-29.53147482
18:45.4,-0.329,0.447,0.068,18:45.4,35.16112474,-29.53311155
18:45.6,-0.496,0.397,0.07,18:45.6,35.06997129,-29.53112964
18:45.8,-0.38,0.266,0.062,18:45.8,34.97473081,-29.52624153
18:46.0,-0.379,0.411,0.065,18:46.0,34.87872818,-29.52032229
18:46.2,-0.27,0.449,0.037,18:46.2,34.7809119,-29.51190888
18:46.4,-0.439,0.334,0.036,18:46.4,34.65768929,-29.50442814
18:46.6,-0.42,0.274,0.066,18:46.6,34.55586612,-29.49654478
18:46.8,-0.393,0.429,0.068,18:46.8,34.45044055,-29.48718027
18:47.0,-0.458,0.503,0.077,18:47.0,34.36807216,-29.47949878
18:47.2,-0.598,0.406,0.079,18:47.2,34.26027559,-29.47214762
18:47.4,-0.425,0.296,0.104,18:47.4,34.15048954,-29.46533944
18:47.6,-0.609,0.51,0.126,18:47.6,34.01381668,-29.45493183
18:47.8,-0.417,0.363,0.075,18:47.8,33.90412262,-29.44663465
18:48.0,-0.377,0.451,0.084,18:48.0,33.77830857,-29.43995835
18:48.2,-0.433,0.504,0.071,18:48.2,33.67531838,-29.43421452
18:48.4,-0.403,0.461,0.071,18:48.4,33.5857601,-29.42969344
18:48.6,-0.429,0.28,0.06,18:48.6,33.48653645,-29.42555668
18:48.8,-0.321,0.311,0.087,18:48.8,33.36576229,-29.42048177
18:49.0,-0.368,0.327,0.089,18:49.0,33.26982202,-29.41613174
18:49.2,-0.309,0.346,0.025,18:49.2,33.17094956,-29.40849726
18:49.4,-0.333,0.392,0.033,18:49.4,33.08897956,-29.40485196
18:49.6,-0.284,0.372,-0.025,18:49.6,33.000861,-29.40114162
18:49.8,-0.393,0.395,0.047,18:49.8,32.91450418,-29.39527346
18:50.0,-0.344,0.404,0.046,18:50.0,32.80163133,-29.38954837
18:50.2,-0.355,0.357,0,18:50.2,32.73140948,-29.38394858
18:50.4,-0.345,0.343,0.069,18:50.4,32.63927983,-29.37893951
18:50.6,-0.436,0.387,0.012,18:50.6,32.54366816,-29.37674279
18:50.8,-0.393,0.447,0.016,18:50.8,32.4475063,-29.37293272
18:51.0,-0.442,0.44,0.01,18:51.0,32.34960217,-29.37232582
18:51.2,-0.47,0.372,0.009,18:51.2,32.2226328,-29.37058375
18:51.4,-0.362,0.447,0.021,18:51.4,32.11847909,-29.36862824
18:51.6,-0.444,0.469,0.063,18:51.6,32.0140225,-29.37145405
18:51.8,-0.402,0.293,0.029,18:51.7,31.93578394,-29.37706929
18:51.9,-0.323,0.436,0.018,18:51.9,31.83204648,-29.38104082
18:52.1,-0.404,0.324,0.05,18:52.1,31.72934134,-29.38800094
18:52.4,-0.433,0.4,0.037,18:52.4,31.60192255,-29.39563894
18:52.6,-0.495,0.471,0.062,18:52.6,31.49364426,-29.40034059
18:52.8,-0.375,0.447,0.02,18:52.8,31.38601627,-29.40408666
18:52.9,-0.377,0.438,0.039,18:53.0,31.28327584,-29.40750109
18:53.1,-0.414,0.424,0.128,18:53.1,31.18397476,-29.41079735
18:53.3,-0.387,0.324,0.045,18:53.3,31.0844798,-29.4129053
18:53.6,-0.321,0.342,0.044,18:53.6,30.96092343,-29.41566703
18:53.8,-0.355,0.498,0.051,18:53.8,30.8630163,-29.41465319
18:53.9,-0.382,0.421,0.049,18:53.9,30.79039908,-29.41088848
18:54.1,-0.387,0.24,0.065,18:54.1,30.69414013,-29.40358366
18:54.3,-0.411,0.35,0.096,18:54.3,30.59757038,-29.39267858
18:54.5,-0.299,0.339,0.09,18:54.5,30.50218617,-29.37907991
18:54.8,-0.382,0.249,0.106,18:54.8,30.38078231,-29.36259094
18:55.0,-0.354,0.239,0.068,18:55.0,30.28767484,-29.34570808
18:55.1,-0.379,0.333,0.101,18:55.2,30.19375764,-29.32857188
18:55.3,-0.512,0.398,0.021,18:55.4,30.08660537,-29.30306517
18:55.5,-0.402,0.263,0.043,18:55.6,29.98713798,-29.28817054
18:55.7,-0.417,0.31,0.027,18:55.7,29.90878666,-29.28085516
18:56.0,-0.339,0.383,0.069,18:56.0,29.79066232,-29.26631842
18:56.2,-0.367,0.367,0.066,18:56.2,29.69633231,-29.25572577
18:56.4,-0.251,0.285,0.043,18:56.4,29.60284451,-29.24838025
18:56.6,-0.451,0.478,0.044,18:56.6,29.50774154,-29.24390241
18:56.8,-0.387,0.564,0.025,18:56.8,29.41210028,-29.24410191
18:56.9,-0.33,0.296,0.013,18:56.9,29.3161614,-29.2489279
18:57.2,-0.431,0.437,0.014,18:57.2,29.19667643,-29.25493997
18:57.4,-0.344,0.446,0.01,18:57.4,29.0972145,-29.26627754
18:57.6,-0.446,0.371,0.058,18:57.6,29.00061565,-29.28015938
18:57.8,-0.366,0.502,0.047,18:57.8,28.90121153,-29.29457822
18:58.0,-0.413,0.418,0.043,18:58.0,28.80259567,-29.30925548
18:58.1,-0.339,0.54,0.065,18:58.1,28.72549365,-29.32339812
18:58.4,-0.317,0.458,0.024,18:58.4,28.57564085,-29.33771129
18:58.6,-0.351,0.462,0.04,18:58.6,28.49914993,-29.34833232
18:58.8,-0.353,0.434,0.086,18:58.8,28.39705503,-29.35696284
18:59.0,-0.244,0.465,0.1,18:59.0,28.29690107,-29.36276028
18:59.2,-0.456,0.348,0.053,18:59.2,28.19439354,-29.36509797
18:59.3,-0.492,0.42,0.072,18:59.3,28.09226744,-29.36447559
18:59.6,-0.401,0.454,0.101,18:59.6,27.96076035,-29.36184283
18:59.8,-0.352,0.418,0.105,18:59.8,27.8539325,-29.35334171
19:00.0,-0.511,0.375,0.061,19:00.0,27.74853845,-29.33908362
19:00.2,-0.364,0.394,0.057,19:00.2,27.64351482,-29.3221234
19:00.3,-0.386,0.435,0.054,19:00.4,27.53855455,-29.30212723
19:00.5,-0.392,0.335,0.072,19:00.5,27.45715343,-29.28219508
19:00.8,-0.376,0.461,0.063,19:00.8,27.31999692,-29.26213416
19:01.0,-0.494,0.377,0.068,19:01.0,27.21409656,-29.24293685
19:01.2,-0.479,0.397,0.093,19:01.2,27.1053292,-29.22430965
19:01.3,-0.412,0.323,0.07,19:01.3,26.99644201,-29.2066946
19:01.5,-0.415,0.38,0.093,19:01.5,26.88068993,-29.18526389
19:01.7,-0.538,0.259,0.088,19:01.7,26.79336886,-29.17711856
19:02.0,-0.34,0.269,0.103,19:02.0,26.67439704,-29.16416578
19:02.1,-0.414,0.273,0.071,19:02.2,26.58135241,-29.15952218
19:02.3,-0.354,0.165,0.111,19:02.3,26.52628759,-29.16417845
19:02.5,-0.329,0.292,0.102,19:02.5,26.45001042,-29.16523039
19:02.7,-0.262,0.364,0.114,19:02.7,26.37708253,-29.16923053
19:02.9,-0.217,0.293,0.074,19:02.9,26.30660884,-29.17807811
19:03.1,-0.273,0.272,0.035,19:03.1,26.21964704,-29.19032385
19:03.3,-0.288,0.206,0.039,19:03.3,26.1558205,-29.20730947
19:03.5,-0.345,0.341,0.058,19:03.5,26.09232213,-29.22460945
19:03.7,-0.316,0.369,0.103,19:03.7,26.02689391,-29.24400527
19:03.9,-0.226,0.214,0.027,19:03.9,25.96106991,-29.26334261
19:04.1,-0.178,0.364,0.034,19:04.1,25.91220985,-29.28005462
19:04.3,-0.34,0.244,0.001,19:04.3,25.82929364,-29.29659656
19:04.5,-0.311,0.367,0.016,19:04.5,25.76430397,-29.31028669
19:04.7,-0.218,0.337,0.014,19:04.7,25.69898174,-29.3197795
19:04.9,-0.279,0.314,0.02,19:04.9,25.62191836,-29.31930522
19:05.1,-0.338,0.217,0.029,19:05.1,25.56235124,-29.32357227
19:05.3,-0.219,0.266,0.001,19:05.3,25.49213852,-29.31710075
19:05.5,-0.322,0.26,-0.016,19:05.5,25.41980673,-29.30719027
19:05.7,-0.275,0.214,0.033,19:05.7,25.34892114,-29.29166477
19:05.9,-0.252,0.2,0.031,19:05.9,25.28133063,-29.27201785
19:06.1,-0.322,0.11,0.017,19:06.1,25.21205574,-29.25139672
19:06.3,-0.29,0.242,0.024,19:06.3,25.14335327,-29.22923095
19:06.5,-0.324,0.138,0.005,19:06.5,25.06416713,-29.19061689
19:06.7,-0.323,0.167,0.074,19:06.7,24.98716622,-29.18239742
19:06.9,-0.416,0.122,0.031,19:06.9,24.91864511,-29.16022548
19:07.1,-0.336,0.161,0.056,19:07.1,24.85617744,-29.1438242
19:07.3,-0.3,0.123,0.018,19:07.2,24.8125789,-29.13236533
19:07.5,-0.249,0.136,0.017,19:07.4,24.75800899,-29.12277409
19:07.6,-0.184,0.217,0.035,19:07.6,24.70610402,-29.1197304
19:07.9,-0.25,0.108,0.034,19:07.9,24.64402632,-29.12578046
19:08.1,-0.154,0.242,0.05,19:08.1,24.59944169,-29.13822285
19:08.3,-0.185,0.262,0.083,19:08.3,24.55585015,-29.17418086
19:08.4,-0.291,0.314,0.008,19:08.4,24.51390517,-29.18205906
19:08.6,-0.224,0.038,0.042,19:08.6,24.47622358,-29.23421026
19:08.8,-0.195,0.304,0.052,19:08.8,24.43508143,-29.24791125
19:09.1,-0.235,0.202,0.045,19:09.0,24.39560809,-29.28417126
19:09.2,-0.27,0.261,0.062,19:09.2,24.35721914,-29.32008638
19:09.4,-0.155,0.166,0.05,19:09.4,24.31935319,-29.35748668
19:09.6,-0.26,0.258,-0.019,19:09.6,24.28180373,-29.39514613
19:09.8,-0.184,0.252,-0.073,19:09.8,24.24298508,-29.43091807
19:10.0,-0.284,0.143,-0.041,19:10.0,24.20550485,-29.46275416
19:10.2,-0.302,0.078,-0.024,19:10.2,24.15814818,-29.49778129
19:10.4,-0.237,0.046,-0.038,19:10.4,24.12576718,-29.51542923
19:10.6,-0.32,0.122,-0.086,19:10.6,24.08344406,-29.5361208
19:10.8,-0.204,0.086,-0.086,19:10.8,24.04049345,-29.55320733
19:11.0,-0.361,0.058,-0.05,19:11.0,23.99587284,-29.56761571
19:11.2,-0.376,0.041,-0.031,19:11.2,23.93062656,-29.56564268
19:11.4,-0.391,0.096,0.006,19:11.4,23.88474455,-29.59979127
19:11.6,-0.358,0.125,0.023,19:11.6,23.83155208,-29.61275828
19:11.8,-0.362,0.106,-0.013,19:11.8,23.77466952,-29.62846626
19:12.0,-0.288,0.04,0.03,19:12.0,23.73231272,-29.63950937
19:12.2,-0.299,0.119,0.033,19:12.2,23.68293025,-29.66086222
19:12.4,-0.268,0.106,0.028,19:12.4,23.63406034,-29.68611765
19:12.6,-0.264,0.187,0.053,19:12.6,23.57920637,-29.72402852
19:12.8,-0.332,0.144,0.047,19:12.8,23.53913476,-29.7563412
19:13.0,-0.353,0.241,0.071,19:13.0,23.50244822,-29.79683277
19:13.2,-0.226,0.289,0.031,19:13.2,23.47009099,-29.84364121
19:13.4,-0.329,0.26,0.029,19:13.4,23.44008729,-29.8934564
19:13.6,-0.341,0.236,0.044,19:13.5,23.4222353,-29.94008411
19:13.8,-0.233,0.205,0.019,19:13.8,23.39305096,-30.0091472
19:14.0,-0.264,0.161,-0.005,19:14.0,23.37693149,-30.07141042
19:14.2,-0.306,0.22,-0.03,19:14.2,23.36361349,-30.13328051
19:14.4,-0.256,0.169,-0.028,19:14.4,23.36295224,-30.21270623
19:14.5,-0.244,0.208,-0.029,19:14.5,23.34441269,-30.25655529
19:14.7,-0.237,0.081,0.014,19:14.7,23.33706483,-30.31343868
19:15.0,-0.208,0.105,-0.038,19:14.9,23.32882122,-30.36803859
19:15.2,-0.2,0.133,-0.051,19:15.1,23.31849704,-30.41874168
19:15.3,-0.285,0.11,-0.016,19:15.3,23.3094872,-30.4637048
19:15.5,-0.14,0.037,-0.034,19:15.5,23.29699083,-30.50745271
19:15.7,-0.157,0.105,-0.01,19:15.7,23.2854437,-30.54606226
19:15.9,-0.153,0.166,-0.029,19:15.9,23.26679028,-30.57814939
19:16.1,-0.158,0.107,0.014,19:16.1,23.25549297,-30.62746515
19:16.3,-0.155,0.154,-0.02,19:16.3,23.24186032,-30.65864685
19:16.5,-0.272,0.128,-0.004,19:16.5,23.22912348,-30.6801086
19:16.7,-0.255,0.111,0,19:16.7,23.21293855,-30.71176038
19:16.9,-0.175,0.121,0.045,19:16.9,23.19838596,-30.74235905
19:17.1,-0.208,0.133,0.04,19:17.1,23.18007201,-30.77475201
19:17.3,-0.225,0.168,0.049,19:17.3,23.16239206,-30.81772078
19:17.5,-0.215,0.135,0.038,19:17.5,23.15035073,-30.85247329
19:17.7,-0.2,0.123,0.019,19:17.7,23.13985109,-30.89129136
19:17.9,-0.187,0.093,0.035,19:17.9,23.1318766,-30.93290933
19:18.1,-0.246,0.163,0.048,19:18.1,23.12848125,-30.96684312
19:18.3,-0.254,0.148,0.012,19:18.3,23.12559733,-31.01161827
19:18.5,-0.256,0.091,0.005,19:18.5,23.12283925,-31.07221877
19:18.7,-0.157,0.085,0.044,19:18.7,23.12220341,-31.12590308
19:18.9,-0.192,0.117,0.064,19:18.9,23.13053988,-31.19627047
19:19.1,-0.242,0.193,0.057,19:19.1,23.12883785,-31.23589523
19:19.3,-0.094,0.14,0.034,19:19.3,23.1329182,-31.2904825
19:19.5,-0.227,0.192,0.026,19:19.5,23.1402914,-31.34479033
19:19.7,-0.254,0.209,0.013,19:19.7,23.14627061,-31.40902104
19:19.9,-0.186,0.223,0.012,19:19.9,23.15415757,-31.44783146
19:20.1,-0.167,0.088,0.022,19:20.1,23.16092292,-31.49654132
19:20.3,-0.185,0.141,-0.001,19:20.3,23.16969428,-31.54395423
19:20.5,-0.153,0.173,0.01,19:20.5,23.17717702,-31.58886205
19:20.6,-0.211,0.173,0.027,19:20.7,23.18950747,-31.63517692
19:20.9,-0.257,0.145,0.014,19:20.9,23.19519371,-31.68632312
19:21.1,-0.222,0.103,-0.004,19:21.1,23.20068949,-31.72892268
19:21.3,-0.13,0.132,0.018,19:21.3,23.20783899,-31.77400593
19:21.4,-0.199,0.149,0.021,19:21.4,23.21534448,-31.80784797
19:21.6,-0.243,0.148,-0.012,19:21.6,23.22421417,-31.85509163
19:21.8,-0.142,0.047,0.011,19:21.8,23.23373967,-31.90467052
19:22.1,-0.324,0.307,0.017,19:22.1,23.24266767,-31.96847413
19:22.2,-0.102,0.187,0.011,19:22.3,23.2494817,-32.02563878
19:22.4,-0.204,0.321,-0.001,19:22.4,23.26266049,-32.09444221
19:22.6,-0.263,0.233,0.008,19:22.6,23.27034112,-32.14743314
19:22.8,-0.243,0.346,-0.036,19:22.8,23.28220693,-32.21784584
19:23.0,-0.23,0.346,0.023,19:23.0,23.29320989,-32.29192523
19:23.2,-0.259,0.217,0.018,19:23.2,23.30401658,-32.38383478
19:23.4,-0.352,0.308,0.044,19:23.4,23.31676777,-32.46495419
19:23.6,-0.333,0.325,0.058,19:23.6,23.33000112,-32.54630946
19:23.8,-0.369,0.322,0.071,19:23.8,23.3409869,-32.63150458
19:24.0,-0.263,0.384,0.075,19:24.0,23.34853298,-32.71556832
19:24.2,-0.254,0.378,0.091,19:24.2,23.35761347,-32.7978698
19:24.4,-0.281,0.347,0.083,19:24.4,23.37009263,-32.89931566
19:24.6,-0.264,0.312,0.036,19:24.6,23.37596269,-32.96011495
19:24.8,-0.32,0.26,0.114,19:24.8,23.38356067,-33.0396688
19:25.0,-0.229,0.232,0.059,19:25.0,23.38884694,-33.11467233
19:25.2,-0.298,0.28,0.077,19:25.2,23.39219178,-33.19054107
19:25.4,-0.325,0.339,0.084,19:25.4,23.3950581,-33.27558289
19:25.6,-0.333,0.191,0.037,19:25.6,23.4009601,-33.36054859
19:25.8,-0.276,0.298,0.046,19:25.8,23.40344333,-33.44051573
19:26.0,-0.291,0.324,0.058,19:26.0,23.40553453,-33.52793003
19:26.2,-0.356,0.379,0.041,19:26.2,23.40833101,-33.61762788
19:26.4,-0.3,0.322,0.007,19:26.4,23.41520709,-33.70712423
19:26.6,-0.353,0.472,0.09,19:26.6,23.4194667,-33.80626021
19:26.8,-0.343,0.408,0.02,19:26.8,23.42331462,-33.93541931
19:27.0,-0.423,0.435,-0.005,19:27.0,23.43104033,-34.0213911
19:27.2,-0.281,0.535,0.005,19:27.2,23.43779802,-34.1363434
19:27.4,-0.396,0.521,0.035,19:27.4,23.44690227,-34.25639911
19:27.6,-0.424,0.491,0.048,19:27.6,23.45665894,-34.37883679
19:27.8,-0.434,0.433,0.038,19:27.8,23.4768764,-34.5245032
19:28.0,-0.296,0.542,0.054,19:28.0,23.47983739,-34.65145273
19:28.2,-0.446,0.355,0.094,19:28.2,23.48872066,-34.77172921
19:28.4,-0.389,0.423,0.108,19:28.4,23.49830276,-34.85997467
19:28.6,-0.249,0.368,0.083,19:28.6,23.50651654,-34.9729256
19:28.8,-0.295,0.38,0.075,19:28.8,23.51459861,-35.07959466
19:28.9,-0.41,0.438,0.131,19:28.9,23.51795019,-35.18313275
19:29.2,-0.353,0.252,0.075,19:29.2,23.51995635,-35.30825029
19:29.4,-0.236,0.23,0.15,19:29.4,23.51811883,-35.39791121
19:29.6,-0.371,0.318,0.094,19:29.6,23.51083607,-35.47804023
19:29.8,-0.342,0.26,0.069,19:29.7,23.51021157,-35.56364245
19:29.9,-0.354,0.357,0.153,19:30.0,23.49948617,-35.64109439
19:30.1,-0.325,0.187,0.129,19:30.2,23.48936282,-35.7210518
19:30.4,-0.265,0.227,0.113,19:30.4,23.47602026,-35.80416415
19:30.6,-0.327,0.364,0.102,19:30.6,23.4622057,-35.88449314
19:30.7,-0.305,0.269,0.062,19:30.8,23.43961024,-35.98445266
19:30.9,-0.354,0.437,0.047,19:30.9,23.43397543,-36.05463123
19:31.1,-0.382,0.375,0.03,19:31.1,23.42037416,-36.14445415
19:31.3,-0.432,0.4,0.08,19:31.3,23.40751307,-36.23808139
19:31.6,-0.407,0.451,0.022,19:31.5,23.39291041,-36.36027021
19:31.7,-0.429,0.359,0.045,19:31.7,23.38670667,-36.46275148
19:31.9,-0.352,0.448,-0.003,19:31.9,23.38079417,-36.5690208
19:32.1,-0.355,0.407,0.028,19:32.2,23.37767771,-36.67898771
19:32.3,-0.348,0.457,0.009,19:32.3,23.38168933,-36.76867588
19:32.5,-0.491,0.536,0.009,19:32.5,23.38451047,-36.88350416
19:32.7,-0.361,0.488,0.053,19:32.7,23.38653202,-37.02256904
19:32.9,-0.401,0.484,0.03,19:32.9,23.39266619,-37.13673653
19:33.1,-0.41,0.43,0.035,19:33.1,23.40620409,-37.26799757
19:33.3,-0.483,0.412,0.038,19:33.3,23.40213265,-37.36136311
19:33.5,-0.341,0.394,0.077,19:33.5,23.40388378,-37.46785926
19:33.7,-0.373,0.45,0.031,19:33.7,23.40440893,-37.56867292
19:33.9,-0.374,0.361,0.093,19:33.9,23.40198301,-37.66537527
19:34.1,-0.374,0.35,0.052,19:34.1,23.39464198,-37.75907746
19:34.3,-0.335,0.232,0.1,19:34.3,23.38006771,-37.84650009
19:34.5,-0.288,0.318,0.09,19:34.5,23.36480311,-37.92649899
19:34.7,-0.268,0.232,0.089,19:34.7,23.34646386,-38.00530256
19:34.9,-0.426,0.315,0.098,19:34.9,23.32493116,-38.07956861
19:35.1,-0.329,0.206,0.087,19:35.1,23.29754762,-38.17668927
19:35.3,-0.371,0.307,0.015,19:35.3,23.27378028,-38.2551724
19:35.5,-0.327,0.275,0.034,19:35.5,23.23111983,-38.35425347
19:35.7,-0.42,0.467,0.059,19:35.7,23.20781403,-38.44606009
19:35.9,-0.442,0.285,0.006,19:35.9,23.18945041,-38.53853409
19:36.1,-0.421,0.368,0.062,19:36.1,23.17808803,-38.60963431
19:36.4,-0.497,0.504,0.024,19:36.3,23.15767468,-38.73676875
19:36.5,-0.494,0.454,0.018,19:36.6,23.14219483,-38.85011387
19:36.7,-0.398,0.523,0.012,19:36.8,23.1384343,-38.9977389
19:36.9,-0.462,0.605,-0.017,19:37.0,23.13356646,-39.11926566
19:37.1,-0.367,0.452,0.016,19:37.1,23.12381965,-39.20727225
19:37.3,-0.368,0.593,0.063,19:37.3,23.12388271,-39.32963773
19:37.6,-0.438,0.432,0.094,19:37.6,23.12522352,-39.4808585
19:37.8,-0.427,0.385,0.08,19:37.8,23.13080256,-39.59638868
19:38.0,-0.265,0.387,0.075,19:38.0,23.14204033,-39.72178267
19:38.2,-0.338,0.313,0.062,19:38.2,23.14621264,-39.82736553
19:38.4,-0.281,0.361,0.033,19:38.3,23.14303327,-39.91616562
19:38.6,-0.358,0.379,0.059,19:38.6,23.14628324,-40.00852236
19:38.8,-0.243,0.35,0.089,19:38.8,23.14915407,-40.11987979
19:39.0,-0.312,0.339,0.087,19:39.0,23.14740088,-40.20085236
19:39.2,-0.221,0.259,0.056,19:39.2,23.13809694,-40.27843866
19:39.4,-0.294,0.267,0.064,19:39.4,23.13210874,-40.35434179
19:39.6,-0.374,0.247,0.091,19:39.6,23.13151094,-40.42531148
19:39.8,-0.334,0.228,0.106,19:39.8,23.12258598,-40.50180724
19:40.0,-0.315,0.319,0.126,19:40.0,23.10699325,-40.61053675
19:40.2,-0.401,0.302,0.037,19:40.2,23.1053813,-40.68489317
19:40.4,-0.398,0.311,0.016,19:40.4,23.09795715,-40.76526968
19:40.6,-0.411,0.385,0.047,19:40.6,23.09041477,-40.85011096
19:40.8,-0.508,0.333,0.02,19:40.8,23.08038984,-40.94307827
19:41.0,-0.398,0.401,0.026,19:41.0,23.07261687,-41.03449575
19:41.2,-0.487,0.384,0.025,19:41.2,23.06611651,-41.15334546
19:41.4,-0.403,0.431,0.032,19:41.4,23.06073844,-41.23179155
19:41.6,-0.411,0.464,0.047,19:41.6,23.0560137,-41.33298795
19:41.8,-0.439,0.471,0.07,19:41.8,23.05420128,-41.43385803
19:42.0,-0.29,0.34,0.115,19:42.0,23.05320523,-41.53702733
19:42.2,-0.293,0.332,0.096,19:42.2,23.05250273,-41.63414589
19:42.4,-0.341,0.322,0.068,19:42.4,23.0514696,-41.75492843
19:42.6,-0.235,0.272,0.117,19:42.6,23.05286904,-41.8462043
19:42.8,-0.169,0.278,0.124,19:42.8,23.05771869,-41.93298188
19:43.0,-0.337,0.131,0.131,19:43.0,23.0616441,-42.00878239
19:43.2,-0.201,0.269,0.128,19:43.2,23.06217779,-42.07934016
19:43.4,-0.179,0.303,0.104,19:43.4,23.06526391,-42.14796856
19:43.6,-0.223,0.338,0.114,19:43.6,23.06877416,-42.22516667
19:43.8,-0.277,0.039,0.097,19:43.8,23.07069327,-42.29102939
19:44.0,-0.269,0.214,0.135,19:44.0,23.0736149,-42.3466478
19:44.2,-0.21,0.179,0.066,19:44.2,23.07975462,-42.38186665
19:44.4,-0.292,0.171,0.116,19:44.4,23.08108216,-42.43900903
19:44.6,-0.382,0.179,0.106,19:44.6,23.08509751,-42.51006687
19:44.8,-0.271,0.159,0.088,19:44.8,23.09194075,-42.56498224
19:45.0,-0.226,0.149,0.08,19:45.0,23.09984717,-42.62172614
19:45.2,-0.412,0.255,0.079,19:45.2,23.10776867,-42.68139633
19:45.4,-0.309,0.171,0.061,19:45.4,23.11630317,-42.74473485
19:45.6,-0.342,0.227,0.02,19:45.6,23.12804048,-42.81081617
19:45.8,-0.207,0.14,0.055,19:45.8,23.14180642,-42.89211412
19:46.0,-0.278,0.234,0.05,19:46.0,23.16307051,-42.96141922
19:46.2,-0.293,0.083,0,19:46.2,23.17875189,-43.02760099
19:46.4,-0.334,0.122,0.061,19:46.4,23.1989527,-43.0919802
19:46.6,-0.278,0.197,0.017,19:46.6,23.21960633,-43.15262625
19:46.8,-0.25,0.192,0.094,19:46.8,23.24208936,-43.20970375
19:47.0,-0.289,0.13,0.022,19:47.0,23.26352979,-43.26306112
19:47.2,-0.251,0.078,0.074,19:47.2,23.2921525,-43.32399054
19:47.4,-0.272,0.049,0.075,19:47.4,23.31504414,-43.36973285
19:47.6,-0.264,0.032,0.018,19:47.6,23.3385113,-43.40854007
19:47.8,-0.261,0.059,0.043,19:47.8,23.36188038,-43.44452446
19:48.0,-0.145,0.074,0.01,19:48.0,23.38496967,-43.47522736
19:48.2,-0.101,0.083,0.029,19:48.2,23.40965386,-43.50333616
19:48.4,-0.214,0.13,0.002,19:48.4,23.43606066,-43.52957833
19:48.6,-0.218,0.073,0.029,19:48.6,23.46174214,-43.55273328
19:48.8,-0.171,0.088,0.026,19:48.8,23.49140383,-43.57673864
19:49.0,-0.218,0.159,0.045,19:49.0,23.52460366,-43.59741059
19:49.2,-0.194,0.177,0.006,19:49.2,23.55947628,-43.62219976
19:49.4,-0.181,0.091,0.027,19:49.4,23.59956875,-43.64776258
19:49.6,-0.188,0.096,-0.001,19:49.6,23.649516,-43.68145058
19:49.8,-0.339,0.195,0.054,19:49.8,23.69390361,-43.70820592
19:50.0,-0.213,0.238,0.054,19:50.0,23.75716559,-43.75077539
19:50.2,-0.22,0.122,0.014,19:50.2,23.79127728,-43.77268731
19:50.4,-0.254,0.154,0.025,19:50.4,23.84398517,-43.80635839
19:50.6,-0.241,0.206,0.042,19:50.6,23.89769603,-43.8457068
19:50.8,-0.306,0.177,0.062,19:50.8,23.96477761,-43.89266788
19:51.0,-0.351,0.167,0.035,19:51.0,24.0055586,-43.92428084
19:51.2,-0.269,0.181,0.052,19:51.2,24.05913712,-43.96383294
19:51.4,-0.229,0.204,0.039,19:51.4,24.11144607,-44.00421762
19:51.6,-0.227,0.102,0.044,19:51.6,24.16139274,-44.04419451
19:51.8,-0.236,0.192,0.058,19:51.8,24.20777688,-44.07834069
19:52.0,-0.116,-0.026,0.077,19:52.0,24.2645192,-44.12085605
19:52.2,-0.174,0.022,-0.011,19:52.2,24.3048353,-44.14934155
19:52.4,-0.346,0.069,0.003,19:52.4,24.34332745,-44.17332285
19:52.6,-0.194,0.014,0.042,19:52.6,24.38007359,-44.19834698
19:52.8,-0.206,-0.009,0.046,19:52.8,24.41481313,-44.2200483
19:53.0,-0.184,-0.072,0.051,19:53.0,24.44677795,-44.23643392
19:53.2,-0.191,0.065,0.044,19:53.2,24.49088533,-44.25466068
19:53.4,-0.058,0.067,0.061,19:53.4,24.52605046,-44.26717181
19:53.6,-0.214,0.061,0.01,19:53.6,24.56896648,-44.27474435
19:53.8,-0.139,0.157,0.081,19:53.8,24.61250288,-44.28200418
19:54.0,-0.132,0.148,-0.039,19:54.0,24.65228242,-44.29337022
19:54.2,-0.095,0.233,-0.008,19:54.2,24.69778228,-44.29778086
19:54.4,-0.072,0.131,-0.004,19:54.4,24.74574884,-44.29905513
19:54.6,-0.095,0.208,-0.029,19:54.6,24.79469175,-44.30126628
19:54.8,-0.122,0.19,0.025,19:54.8,24.84890196,-44.30308587
19:55.0,-0.165,0.208,0.007,19:55.0,24.90543902,-44.30253974
19:55.3,-0.151,0.191,-0.032,19:55.3,24.97424739,-44.30335638
19:55.5,0,0.205,0.002,19:55.5,25.04535959,-44.30402392
19:55.7,-0.18,0.153,-0.018,19:55.7,25.09186945,-44.30722156
19:55.9,-0.191,0.186,0.004,19:55.9,25.16340043,-44.31055017
19:56.1,-0.131,0.135,0.022,19:56.1,25.22098992,-44.31693028
19:56.3,-0.163,0.143,-0.005,19:56.3,25.27515962,-44.32687128
19:56.5,-0.096,0.193,0.015,19:56.5,25.34075424,-44.33560375
19:56.7,-0.071,0.108,-0.003,19:56.7,25.39054452,-44.34770419
19:56.9,-0.149,0.042,0.031,19:56.9,25.43883844,-44.3595755
19:57.1,-0.166,0.206,0.017,19:57.1,25.48658239,-44.37199334
19:57.3,-0.12,0.1,0.057,19:57.3,25.53397104,-44.38198988
19:57.5,-0.139,0.032,0.056,19:57.5,25.580698,-44.3980983
19:57.7,-0.2,0.115,0.024,19:57.7,25.64032167,-44.4100262
19:58.0,-0.179,0.124,0.013,19:58.0,25.68798534,-44.42292554
19:58.1,-0.279,0.087,0.051,19:58.2,25.7437242,-44.43646676
19:58.3,-0.091,0.114,0.032,19:58.4,25.79864756,-44.44231475
19:58.6,-0.108,0.116,0.025,19:58.6,25.85189185,-44.44631749
19:58.8,-0.159,0.149,0.008,19:58.8,25.90915587,-44.44826274
19:59.0,-0.215,0.108,0.018,19:59.0,25.96976562,-44.45073148
19:59.2,-0.107,0.184,-0.006,19:59.2,26.03518666,-44.45369082
19:59.4,-0.179,0.19,-0.01,19:59.4,26.103617,-44.44940129
19:59.6,-0.241,0.186,-0.002,19:59.6,26.17715708,-44.44357809
19:59.8,-0.34,0.219,-0.008,19:59.8,26.25273161,-44.43856867
20:00.0,-0.219,0.285,0.016,20:00.0,26.36482292,-44.43116694
20:00.2,-0.236,0.303,0.039,20:00.2,26.43279297,-44.42422897
20:00.4,-0.363,0.267,0.02,20:00.4,26.5213569,-44.41691331
20:00.6,-0.313,0.312,0.036,20:00.6,26.61196547,-44.41215384
20:00.8,-0.262,0.226,0.085,20:00.8,26.72062497,-44.40376741
20:01.0,-0.239,0.241,0.05,20:01.0,26.8136607,-44.3963792
20:01.2,-0.147,0.233,0.007,20:01.2,26.90426388,-44.3887875
20:01.4,-0.264,0.192,0.056,20:01.4,26.99297969,-44.38401908
20:01.6,-0.234,0.241,0.078,20:01.7,27.10407876,-44.37649018
20:01.8,-0.297,0.286,0.095,20:01.8,27.19436778,-44.36972807
20:02.0,-0.306,0.224,0.07,20:02.0,27.28300413,-44.36436842
20:02.3,-0.289,0.211,0.062,20:02.3,27.39441443,-44.35783058
20:02.5,-0.283,0.337,0.049,20:02.5,27.48011459,-44.35107824
20:02.7,-0.27,0.296,0.042,20:02.7,27.58326233,-44.33832164
20:02.9,-0.328,0.241,0.116,20:02.9,27.67481113,-44.32893173
20:03.1,-0.23,0.216,0.077,20:03.1,27.74623811,-44.32391045
20:03.3,-0.189,0.221,0.076,20:03.3,27.8583319,-44.31690457
20:03.5,-0.325,0.312,0.004,20:03.5,27.95177144,-44.30673087
20:03.7,-0.286,0.311,0.033,20:03.7,28.04761297,-44.29975886
20:03.9,-0.399,0.326,0.076,20:03.9,28.14464708,-44.29280395
20:04.1,-0.353,0.471,0.045,20:04.1,28.24752886,-44.28788652
20:04.3,-0.349,0.267,0.033,20:04.3,28.35286232,-44.28510536
20:04.5,-0.448,0.355,0.078,20:04.5,28.48204048,-44.27991815
20:04.7,-0.406,0.388,0.074,20:04.7,28.59115586,-44.28018315
20:05.0,-0.376,0.291,0.042,20:05.0,28.72298584,-44.27912276
20:05.1,-0.325,0.385,0.05,20:05.2,28.83351132,-44.28081975
20:05.3,-0.314,0.338,0.086,20:05.4,28.94370745,-44.28628332
20:05.6,-0.266,0.265,0.067,20:05.6,29.05519153,-44.29166605
20:05.8,-0.387,0.353,0.094,20:05.8,29.19178061,-44.2974308
20:06.0,-0.361,0.408,0.065,20:06.0,29.30334353,-44.30166193
20:06.2,-0.411,0.296,0.1,20:06.2,29.41108772,-44.30604655
20:06.4,-0.265,0.293,0.094,20:06.4,29.51523538,-44.3093886
20:06.6,-0.269,0.423,0.104,20:06.6,29.61812153,-44.30727737
20:06.8,-0.208,0.239,0.104,20:06.8,29.74446058,-44.30559744
20:07.0,-0.238,0.297,0.085,20:07.0,29.84053954,-44.30004736
20:07.2,-0.321,0.22,0.099,20:07.2,29.93219614,-44.29236905
20:07.4,-0.19,0.325,0.095,20:07.4,30.02083119,-44.27950937
20:07.6,-0.278,0.244,0.108,20:07.6,30.1114279,-44.26808734
20:07.8,-0.244,0.223,0.091,20:07.8,30.22363799,-44.25300738
20:08.0,-0.181,0.412,0.116,20:08.0,30.31359184,-44.24219468
20:08.2,-0.285,0.295,0.086,20:08.2,30.40253429,-44.22619444
20:08.4,-0.29,0.357,0.105,20:08.4,30.51360978,-44.20639992
20:08.6,-0.309,0.192,0.085,20:08.6,30.60696699,-44.19763648
20:08.8,-0.17,0.342,0.037,20:08.8,30.68056062,-44.19533273
20:09.1,-0.413,0.262,0.091,20:09.1,30.7968783,-44.18888343
20:09.3,-0.295,0.272,0.051,20:09.3,30.89248672,-44.18423656
20:09.5,-0.354,0.324,0.061,20:09.5,30.99193131,-44.18780874
20:09.7,-0.381,0.395,-0.001,20:09.7,31.11591395,-44.19358806
20:09.9,-0.326,0.377,-0.012,20:09.9,31.21633706,-44.20160088
20:10.1,-0.356,0.391,0,20:10.1,31.32252438,-44.21260037
20:10.3,-0.396,0.241,0.067,20:10.3,31.43235164,-44.22692764
20:10.5,-0.435,0.088,0.058,20:10.5,31.54471212,-44.24619292
20:10.7,-0.416,0.25,0.014,20:10.7,31.65944809,-44.2656718
20:10.9,-0.383,0.348,0.061,20:10.9,31.79749502,-44.28567225
20:11.1,-0.512,0.37,0.074,20:11.1,31.9095054,-44.30598077
20:11.3,-0.361,0.33,0.03,20:11.3,32.0241169,-44.3267624
20:11.5,-0.367,0.244,0.072,20:11.6,32.16096909,-44.3481577
20:11.7,-0.398,0.349,0.053,20:11.7,32.27228963,-44.36643603
20:11.9,-0.367,0.233,0.091,20:11.9,32.38016709,-44.37983443
20:12.1,-0.351,0.35,0.096,20:12.1,32.48518845,-44.3913495
20:12.3,-0.358,0.228,0.088,20:12.3,32.5860511,-44.40218562
20:12.6,-0.315,0.276,0.067,20:12.6,32.71472332,-44.41774801
20:12.8,-0.31,0.288,0.099,20:12.8,32.8086539,-44.42150081
20:13.0,-0.392,0.283,0.097,20:13.0,32.89996246,-44.4217549
20:13.2,-0.321,0.245,0.092,20:13.2,32.9884556,-44.41783106
20:13.4,-0.223,0.318,0.144,20:13.4,33.07434784,-44.41203109
20:13.6,-0.263,0.37,0.111,20:13.6,33.18087914,-44.40379
20:13.8,-0.324,0.329,0.111,20:13.8,33.26454746,-44.39229175
20:14.0,-0.171,0.396,0.087,20:14.0,33.3494609,-44.38145681
20:14.2,-0.264,0.17,0.079,20:14.2,33.45468413,-44.36165478
20:14.4,-0.461,0.346,0.038,20:14.4,33.54932967,-44.35328679
20:14.6,-0.371,0.296,0.072,20:14.6,33.62111636,-44.35327077
20:14.8,-0.201,0.393,0.043,20:14.8,33.74110644,-44.34987478
20:15.0,-0.2,0.386,0.003,20:15.0,33.84238572,-44.35103263
20:15.2,-0.354,0.397,0.066,20:15.2,33.97307604,-44.36138043
20:15.4,-0.479,0.456,0.105,20:15.4,34.07460037,-44.36273892
20:15.6,-0.424,0.311,0.013,20:15.6,34.18518644,-44.37565813
20:15.8,-0.421,0.299,-0.003,20:15.8,34.30020546,-44.39260697
20:16.0,-0.33,0.273,0.008,20:16.0,34.41201362,-44.4141018
20:16.2,-0.446,0.262,0.062,20:16.2,34.51967024,-44.43525728
20:16.4,-0.405,0.237,0.037,20:16.4,34.62793671,-44.45964615
20:16.6,-0.387,0.306,0.011,20:16.6,34.73100236,-44.48595279
20:16.9,-0.422,0.291,0.011,20:16.9,34.86210958,-44.51630442
20:17.1,-0.431,0.223,0.067,20:17.1,34.98865335,-44.54458945
20:17.3,-0.338,0.235,0.075,20:17.3,35.0818958,-44.5645587
20:17.5,-0.247,0.229,0.053,20:17.5,35.17734072,-44.58456298
20:17.7,-0.22,0.253,0.081,20:17.7,35.27123412,-44.60019689
20:17.9,-0.329,0.171,0.083,20:17.9,35.36314518,-44.61396818
20:18.1,-0.25,0.277,0.096,20:18.1,35.47729009,-44.62606569
20:18.3,-0.193,0.163,0.056,20:18.3,35.56251174,-44.62716993
20:18.5,-0.19,0.211,0.081,20:18.5,35.6472016,-44.62320199
20:18.7,-0.206,0.368,0.078,20:18.7,35.73435828,-44.61638349
20:18.9,-0.26,0.491,0.039,20:18.9,35.82119607,-44.60754792
20:19.1,-0.239,0.362,0.044,20:19.1,35.93081333,-44.58185643
20:19.4,-0.253,0.458,0.077,20:19.4,36.04179968,-44.56934895
20:19.6,-0.184,0.376,0.058,20:19.6,36.141613,-44.55891837
20:19.8,-0.357,0.316,0.039,20:19.7,36.21333241,-44.55795697
20:20.0,-0.281,0.284,0.005,20:19.9,36.309463,-44.5461858
20:20.2,-0.412,0.289,0.029,20:20.1,36.40548798,-44.53587975
20:20.4,-0.261,0.389,0.035,20:20.4,36.52663547,-44.52650379
20:20.6,-0.355,0.299,0.047,20:20.6,36.62585502,-44.52254921
20:20.8,-0.436,0.216,0.045,20:20.8,36.75037098,-44.52143997
20:21.0,-0.398,0.279,0.037,20:21.0,36.85214732,-44.5250039
20:21.2,-0.356,0.385,0.097,20:21.2,36.9529091,-44.53355249
20:21.4,-0.376,0.204,0.01,20:21.4,37.05495192,-44.54451208
20:21.6,-0.346,0.317,0.009,20:21.6,37.18261289,-44.55778984
20:21.8,-0.372,0.305,0.009,20:21.8,37.28621527,-44.57231597
20:22.0,-0.412,0.283,0.031,20:22.0,37.39195189,-44.58702406
20:22.2,-0.409,0.183,0.031,20:22.2,37.49688155,-44.601715
20:22.4,-0.329,0.377,0.046,20:22.4,37.60205647,-44.61371797
20:22.7,-0.194,0.287,0.059,20:22.6,37.73010842,-44.62357347
20:22.9,-0.373,0.341,0.067,20:22.9,37.84356536,-44.63183302
20:23.1,-0.388,0.291,0.1,20:23.0,37.93143353,-44.63572541
20:23.3,-0.338,0.239,0.093,20:23.3,38.03125023,-44.6365662
20:23.5,-0.383,0.266,0.015,20:23.5,38.12868861,-44.6367241
20:23.7,-0.344,0.297,0.041,20:23.7,38.22702147,-44.63548509
20:23.9,-0.203,0.238,0.091,20:23.9,38.34917217,-44.63331053
20:24.1,-0.251,0.243,0.07,20:24.1,38.44747254,-44.62843997
20:24.3,-0.261,0.26,0.072,20:24.3,38.54556532,-44.62434212
20:24.5,-0.323,0.315,0.083,20:24.5,38.64063066,-44.62071112
20:24.7,-0.23,0.329,0.124,20:24.7,38.76050985,-44.61555569
20:24.9,-0.28,0.288,0.069,20:24.9,38.85579019,-44.60878484
20:25.1,-0.292,0.412,0.09,20:25.1,38.95141867,-44.60405236
20:25.3,-0.252,0.346,0.074,20:25.3,39.04470107,-44.60103207
20:25.5,-0.216,0.338,0.072,20:25.5,39.13897906,-44.59464567
20:25.7,-0.268,0.203,0.102,20:25.7,39.25732526,-44.58982304
20:25.9,-0.258,0.235,0.087,20:25.9,39.35054874,-44.58617522
20:26.2,-0.3,0.326,0.084,20:26.2,39.46480853,-44.58146803
20:26.4,-0.26,0.235,0.017,20:26.4,39.55920996,-44.58135212
20:26.6,-0.27,0.227,0.044,20:26.6,39.65228779,-44.58109255
20:26.8,-0.262,0.323,0.099,20:26.8,39.75640575,-44.58026436
20:27.0,-0.295,0.378,0.091,20:27.0,39.85181649,-44.58074371
20:27.2,-0.368,0.186,-0.001,20:27.2,39.94865457,-44.58075641
20:27.4,-0.167,0.432,0.096,20:27.4,40.06075582,-44.58566218
20:27.6,-0.374,0.325,0.047,20:27.6,40.13641335,-44.58625454
20:27.8,-0.309,0.274,0.102,20:27.8,40.2300298,-44.59114383
20:28.0,-0.212,0.292,0.094,20:28.0,40.3278256,-44.59632168
20:28.2,-0.357,0.409,0.062,20:28.2,40.42725932,-44.60330697
20:28.4,-0.387,0.362,0.053,20:28.4,40.55176601,-44.61209139
20:28.6,-0.332,0.258,0.053,20:28.6,40.65153588,-44.61946706
20:28.8,-0.284,0.274,0.033,20:28.8,40.75394923,-44.62878055
20:29.0,-0.319,0.348,-0.004,20:29.1,40.8794143,-44.63589978
20:29.2,-0.391,0.315,0.052,20:29.3,40.97765847,-44.63833888
20:29.5,-0.337,0.299,0.055,20:29.4,41.0819902,-44.64328717
20:29.7,-0.175,0.369,0.055,20:29.7,41.20383937,-44.64275516
20:29.9,-0.253,0.327,0.068,20:29.9,41.30281898,-44.64122019
20:30.1,-0.238,0.253,0.072,20:30.1,41.40037771,-44.63745217
20:30.3,-0.187,0.295,0.111,20:30.3,41.49954687,-44.63760119
20:30.5,-0.18,0.231,0.089,20:30.5,41.59494059,-44.63503008
20:30.7,-0.246,0.279,0.069,20:30.7,41.71654422,-44.632602
20:30.9,-0.308,0.327,0.089,20:30.9,41.81328938,-44.62687062
20:31.1,-0.359,0.339,0.062,20:31.1,41.9240499,-44.61891552
20:31.3,-0.377,0.351,0.041,20:31.3,42.02294123,-44.61570219
20:31.5,-0.352,0.355,0.063,20:31.5,42.10080379,-44.61615053
20:31.7,-0.423,0.346,0.082,20:31.7,42.22150858,-44.61838742
20:31.9,-0.35,0.35,0.044,20:31.9,42.3207189,-44.62207452
20:32.1,-0.443,0.275,0.046,20:32.1,42.42039091,-44.62630702
20:32.3,-0.344,0.178,0.032,20:32.3,42.52091662,-44.63168036
20:32.5,-0.373,0.358,0.067,20:32.5,42.62264616,-44.63806273
20:32.7,-0.417,0.404,0.072,20:32.8,42.74977198,-44.64982657
20:33.0,-0.299,0.464,0.044,20:33.0,42.87767094,-44.65853267
20:33.2,-0.385,0.388,0.078,20:33.2,42.95462445,-44.66320162
20:33.4,-0.433,0.269,0.131,20:33.4,43.08030428,-44.67609229
20:33.6,-0.324,0.427,0.115,20:33.6,43.18381933,-44.68569921
20:33.8,-0.34,0.251,0.078,20:33.8,43.29035432,-44.69434066
20:34.0,-0.306,0.301,0.077,20:34.0,43.42172591,-44.70255692
20:34.2,-0.261,0.374,0.084,20:34.2,43.52576974,-44.70881749
20:34.4,-0.35,0.463,0.051,20:34.4,43.6293966,-44.71235988
20:34.6,-0.354,0.424,0.09,20:34.6,43.73426776,-44.71356395
20:34.8,-0.244,0.293,0.055,20:34.8,43.84152155,-44.71578701
20:35.0,-0.459,0.396,0.053,20:35.0,43.94458796,-44.71316994
20:35.3,-0.347,0.251,0.033,20:35.3,44.09612779,-44.70628782
20:35.4,-0.415,0.406,0.093,20:35.5,44.205528,-44.70357869
20:35.7,-0.443,0.412,0.101,20:35.7,44.31917749,-44.70290198
20:35.9,-0.498,0.436,0.116,20:35.8,44.40318283,-44.70470746
20:36.1,-0.378,0.253,0.079,20:36.0,44.51194504,-44.70224608
20:36.3,-0.331,0.331,0.033,20:36.3,44.65075167,-44.7046055
20:36.5,-0.337,0.293,0.078,20:36.5,44.75960044,-44.70434241
20:36.7,-0.353,0.255,0.092,20:36.7,44.86850742,-44.70818478
20:36.9,-0.472,0.248,0.096,20:36.9,45.00415562,-44.71480823
20:37.1,-0.344,0.329,0.105,20:37.1,45.11213358,-44.72366004
20:37.3,-0.345,0.299,0.058,20:37.3,45.21581472,-44.72950388
20:37.5,-0.245,0.159,0.047,20:37.5,45.34420549,-44.73735317
20:37.7,-0.288,0.199,0.085,20:37.7,45.44647476,-44.74745608
20:37.9,-0.354,0.264,0.061,20:37.9,45.54626936,-44.76182846
20:38.1,-0.352,0.216,0.066,20:38.1,45.64548382,-44.77521737
20:38.3,-0.311,0.275,0.081,20:38.3,45.75245683,-44.79402335
20:38.6,-0.26,0.299,0.044,20:38.5,45.85799688,-44.80088634
20:38.8,-0.301,0.216,0.068,20:38.8,45.96411837,-44.81181303
20:39.0,-0.413,0.265,0.063,20:39.0,46.04299084,-44.81700469
20:39.2,-0.319,0.36,0.077,20:39.2,46.13290338,-44.82089845
20:39.4,-0.398,0.222,0.066,20:39.4,46.22163975,-44.82073292
20:39.6,-0.338,0.188,0.042,20:39.6,46.33879492,-44.82615484
20:39.8,-0.303,0.35,0.088,20:39.8,46.45237564,-44.82416224
20:40.0,-0.225,0.423,0.082,20:40.0,46.54261227,-44.81701111
20:40.2,-0.155,0.385,0.041,20:40.2,46.6360008,-44.80914546
20:40.4,-0.229,0.327,0.099,20:40.4,46.73171788,-44.80084244
20:40.6,-0.302,0.457,0.086,20:40.6,46.82681358,-44.7894525
20:40.8,-0.277,0.327,0.034,20:40.8,46.94488935,-44.78204531
20:41.0,-0.225,0.41,0.064,20:41.1,47.04548668,-44.77470033
20:41.2,-0.298,0.465,0.042,20:41.2,47.14554,-44.76854258
20:41.4,-0.245,0.389,0.072,20:41.4,47.24270204,-44.76395024
20:41.6,-0.361,0.315,-0.022,20:41.6,47.34500683,-44.7671417
20:41.8,-0.417,0.424,0.049,20:41.8,47.44882283,-44.77138279
20:42.1,-0.4,0.33,0.084,20:42.1,47.57515671,-44.77843671
20:42.3,-0.331,0.242,0.031,20:42.3,47.68112249,-44.78858902
20:42.5,-0.387,0.424,0.043,20:42.5,47.78717579,-44.80038689
20:42.7,-0.483,0.33,0.001,20:42.7,47.89744377,-44.81885879
20:42.9,-0.332,0.343,0.046,20:42.9,48.0044227,-44.83720159
20:43.1,-0.414,0.293,0.061,20:43.1,48.13663977,-44.8573287
20:43.3,-0.404,0.319,0.068,20:43.3,48.24384896,-44.87761127
20:43.5,-0.337,0.371,0.008,20:43.5,48.35100247,-44.89806377
20:43.7,-0.312,0.232,0.046,20:43.7,48.45768437,-44.91562853
20:43.9,-0.324,0.255,0.03,20:43.9,48.58325438,-44.932286
20:44.1,-0.403,0.24,0.06,20:44.1,48.68192267,-44.9436904
20:44.3,-0.406,0.148,0.038,20:44.4,48.80175905,-44.9533346
20:44.6,-0.247,0.206,0.085,20:44.6,48.89567831,-44.95686664
20:44.8,-0.417,0.317,0.115,20:44.8,48.98671742,-44.95518927
20:44.9,-0.231,0.091,0.099,20:45.0,49.07500497,-44.94769072
20:45.2,-0.254,0.219,0.095,20:45.1,49.16042147,-44.93429592
20:45.4,-0.288,0.318,0.096,20:45.4,49.27029362,-44.91948633
20:45.6,-0.173,0.314,0.102,20:45.6,49.35407328,-44.89937958
20:45.8,-0.263,0.322,0.085,20:45.8,49.43758934,-44.87960696
20:46.0,-0.239,0.393,0.121,20:46.0,49.52146907,-44.86124856
20:46.2,-0.217,0.367,0.068,20:46.2,49.60776271,-44.84499489
20:46.4,-0.31,0.329,0.097,20:46.4,49.71697514,-44.82816884
20:46.6,-0.364,0.292,0.075,20:46.6,49.83073181,-44.81532025
20:46.8,-0.272,0.367,0.064,20:46.9,49.91918827,-44.80787661
20:47.1,-0.317,0.307,-0.002,20:47.0,50.01333403,-44.80614283
20:47.2,-0.344,0.317,0.077,20:47.2,50.10969454,-44.80824284
20:47.5,-0.378,0.443,0.04,20:47.4,50.2092544,-44.81579632
20:47.7,-0.384,0.266,0.042,20:47.7,50.33537603,-44.82986514
20:47.9,-0.421,0.256,0.045,20:47.9,50.44401226,-44.84801108
20:48.1,-0.479,0.342,0.018,20:48.1,50.55759578,-44.87016775
20:48.3,-0.399,0.362,0.018,20:48.3,50.69675518,-44.89326977
20:48.5,-0.509,0.238,0.053,20:48.5,50.81248415,-44.91834169
20:48.7,-0.5,0.299,0.037,20:48.7,50.92689591,-44.94492555
20:48.9,-0.411,0.303,0.036,20:48.9,51.06485411,-44.97158549
20:49.1,-0.372,0.323,0.013,20:49.1,51.17383666,-44.99143946
20:49.3,-0.358,0.384,0.005,20:49.3,51.28073841,-45.00671057
20:49.5,-0.363,0.329,0.022,20:49.5,51.38293504,-45.01787442
20:49.7,-0.322,0.336,0.047,20:49.7,51.4947569,-45.01581595
20:50.0,-0.334,0.304,0.056,20:49.9,51.60494019,-45.02453479
20:50.2,-0.222,0.289,0.074,20:50.2,51.72404109,-45.0226465
20:50.4,-0.13,0.206,0.065,20:50.4,51.81411966,-45.01255152
20:50.6,-0.304,0.21,0.121,20:50.6,51.90572855,-44.9983863
20:50.8,-0.146,0.433,0.09,20:50.8,51.99406128,-44.98301099
20:51.0,-0.225,0.361,0.076,20:51.0,52.08448757,-44.9629393
20:51.2,-0.293,0.423,0.082,20:51.2,52.19817266,-44.94445976
20:51.4,-0.238,0.215,0.059,20:51.4,52.29076513,-44.92750741
20:51.6,-0.335,0.344,0.027,20:51.6,52.38297105,-44.91093852
20:51.8,-0.244,0.366,0.065,20:51.8,52.47712063,-44.89717631
20:52.0,-0.378,0.294,0.035,20:52.0,52.57383662,-44.88505691
20:52.3,-0.426,0.242,0.076,20:52.3,52.69420899,-44.87623552
20:52.5,-0.387,0.337,0.019,20:52.5,52.79441453,-44.87444701
20:52.7,-0.366,0.315,0.03,20:52.7,52.92189587,-44.87640424
20:52.9,-0.305,0.367,0.043,20:52.9,53.0264464,-44.88211725
20:53.1,-0.479,0.292,0.025,20:53.1,53.13137762,-44.89163286
20:53.3,-0.487,0.383,0.017,20:53.3,53.23586837,-44.90529965
20:53.5,-0.425,0.4,-0.007,20:53.5,53.36740832,-44.92071823
20:53.7,-0.355,0.285,0.064,20:53.7,53.47702767,-44.94119204
20:53.9,-0.435,0.396,0.076,20:53.9,53.58270212,-44.96278314
20:54.1,-0.401,0.274,0.01,20:54.1,53.6869649,-44.98454435
20:54.3,-0.448,0.366,0.025,20:54.3,53.7894992,-45.00361636
20:54.6,-0.372,0.339,0.018,20:54.6,53.91757149,-45.0267598
20:54.8,-0.31,0.228,0.007,20:54.8,54.01495259,-45.04351764
20:55.0,-0.445,0.28,0.038,20:55.0,54.11423414,-45.05644951
20:55.2,-0.209,0.356,0.046,20:55.2,54.23704486,-45.07042743
20:55.4,-0.334,0.232,0.047,20:55.4,54.33342053,-45.0800542
20:55.6,-0.276,0.26,0.038,20:55.6,54.42984312,-45.08642098
20:55.8,-0.252,0.205,0.05,20:55.8,54.54793989,-45.09285344
20:56.0,-0.259,0.289,0.047,20:56.0,54.63829409,-45.09012444
20:56.2,-0.188,0.277,0.084,20:56.2,54.73109381,-45.08275214
20:56.4,-0.177,0.292,0.072,20:56.4,54.82040118,-45.07381339
20:56.6,-0.261,0.287,0.049,20:56.6,54.91257503,-45.05995019
20:56.9,-0.17,0.336,0.067,20:56.8,55.02728115,-45.04730751
20:57.1,-0.173,0.421,0.09,20:57.1,55.14437056,-45.03473557
20:57.3,-0.249,0.483,0.042,20:57.3,55.23815939,-45.02187662
20:57.5,-0.355,0.328,0.083,20:57.5,55.33426773,-45.00991658
20:57.7,-0.245,0.349,0.054,20:57.7,55.43217044,-45.00043497
20:57.9,-0.299,0.509,0.06,20:57.9,55.55394175,-44.99344416
20:58.2,-0.485,0.336,0.043,20:58.2,55.67987527,-44.98813599
20:58.4,-0.393,0.225,0.092,20:58.4,55.78189758,-44.9893615
20:58.6,-0.371,0.374,0.003,20:58.6,55.89197663,-44.99555575
20:58.8,-0.402,0.342,0.068,20:58.8,55.99686619,-45.0027078
20:59.0,-0.392,0.215,0.052,20:59.0,56.10152605,-45.01093833
20:59.2,-0.38,0.328,0.038,20:59.2,56.23578847,-45.02499541
20:59.4,-0.448,0.47,0.069,20:59.4,56.34621809,-45.03769246
20:59.6,-0.375,0.407,0.087,20:59.6,56.47882325,-45.05157293
20:59.8,-0.288,0.361,0.087,20:59.8,56.58417601,-45.06549123
21:00.0,-0.377,0.298,0.081,21:00.0,56.68829318,-45.07806269
21:00.2,-0.358,0.343,0.071,21:00.2,56.80859038,-45.10070585
21:00.5,-0.301,0.356,0,21:00.5,56.93460422,-45.11273423
21:00.7,-0.283,0.343,0.052,21:00.7,57.03980161,-45.11967922
21:00.9,-0.364,0.344,0.076,21:00.9,57.1361581,-45.12757927
21:01.1,-0.372,0.213,0.096,21:01.1,57.2466921,-45.13603963
21:01.3,-0.345,0.277,0.089,21:01.3,57.32981128,-45.14149347
21:01.5,-0.236,0.359,0.112,21:01.5,57.44854095,-45.14440822
21:01.8,-0.336,0.394,0.064,21:01.8,57.56934799,-45.14787504
21:02.0,-0.253,0.217,0.081,21:02.0,57.66477269,-45.14844001
21:02.2,-0.241,0.39,0.079,21:02.2,57.75876736,-45.1454838
21:02.4,-0.279,0.289,0.066,21:02.4,57.85685323,-45.14151657
21:02.6,-0.349,0.289,0.121,21:02.6,57.9752692,-45.13573825
21:02.8,-0.281,0.238,0.045,21:02.8,58.09571721,-45.13002517
21:03.0,-0.316,0.274,0.063,21:03.0,58.18975593,-45.12383794
21:03.2,-0.265,0.199,0.076,21:03.2,58.28661589,-45.11954272
21:03.4,-0.344,0.242,0.068,21:03.4,58.38316237,-45.11611931
21:03.6,-0.412,0.29,0.044,21:03.6,58.48193927,-45.11353439
21:03.9,-0.38,0.375,0.04,21:03.9,58.60696245,-45.11436944
21:04.1,-0.297,0.413,0.091,21:04.1,58.73427355,-45.11998407
21:04.3,-0.352,0.317,0.046,21:04.3,58.83658925,-45.12653889
21:04.5,-0.372,0.227,0.037,21:04.5,58.93824365,-45.13381099
21:04.7,-0.278,0.318,0.058,21:04.7,59.06472103,-45.14390871
21:04.9,-0.439,0.354,0.073,21:04.9,59.16576221,-45.15232739
21:05.2,-0.451,0.287,0.047,21:05.2,59.28978368,-45.16267491
21:05.4,-0.354,0.299,0.089,21:05.4,59.38839222,-45.17037242
21:05.6,-0.354,0.34,0.093,21:05.6,59.48509428,-45.17903617
21:05.8,-0.362,0.228,0.137,21:05.8,59.58231785,-45.18376658
21:06.0,-0.349,0.293,0.104,21:06.0,59.67676895,-45.18705
21:06.2,-0.349,0.274,0.069,21:06.2,59.7948394,-45.18936761
21:06.4,-0.326,0.209,0.094,21:06.5,59.90645103,-45.18718389
21:06.6,-0.332,0.267,0.059,21:06.6,59.99367218,-45.18168111
21:06.9,-0.308,0.253,0.084,21:06.8,60.08176599,-45.17354147
21:07.1,-0.355,0.351,0.075,21:07.1,60.17212502,-45.16822886
21:07.3,-0.327,0.253,0.068,21:07.3,60.28333944,-45.15977087
21:07.5,-0.298,0.332,0.057,21:07.5,60.39757599,-45.15564721
21:07.7,-0.211,0.385,0.055,21:07.7,60.4965272,-45.15203408
21:07.9,-0.452,0.386,0.024,21:07.9,60.59839081,-45.15524655
21:08.1,-0.369,0.307,0.045,21:08.1,60.70052878,-45.15712501
21:08.3,-0.536,0.199,0.015,21:08.3,60.80656872,-45.16426589
21:08.6,-0.455,0.327,0.018,21:08.6,60.94186651,-45.17818267
21:08.8,-0.523,0.399,0.024,21:08.8,61.08247213,-45.19481735
21:09.0,-0.54,0.336,0.029,21:09.0,61.19736172,-45.20881389
21:09.2,-0.336,0.274,0.089,21:09.2,61.31596786,-45.22446992
21:09.4,-0.424,0.33,0.042,21:09.4,61.42753919,-45.24058182
21:09.6,-0.355,0.245,0.036,21:09.6,61.53813203,-45.25387996
21:09.8,-0.346,0.323,0.071,21:09.8,61.67419253,-45.26782328
21:10.0,-0.18,0.293,0.106,21:10.0,61.77937549,-45.27448281
21:10.2,-0.259,0.342,0.067,21:10.3,61.90309403,-45.2802487
21:10.5,-0.327,0.335,0.093,21:10.5,61.99757489,-45.27923532
21:10.7,-0.242,0.292,0.081,21:10.6,62.08992121,-45.27268256
21:10.9,-0.165,0.316,0.103,21:10.9,62.20711266,-45.26423966
21:11.1,-0.363,0.371,0.083,21:11.1,62.31975099,-45.25165585
21:11.3,-0.293,0.376,0.064,21:11.3,62.40636648,-45.23604479
21:11.5,-0.275,0.387,0.081,21:11.5,62.49681258,-45.22181361
21:11.7,-0.202,0.317,0.03,21:11.7,62.58659417,-45.20850461
21:11.9,-0.206,0.355,0.09,21:11.9,62.6769339,-45.19526007
21:12.1,-0.435,0.365,0.054,21:12.2,62.7917115,-45.18538911
21:12.4,-0.281,0.433,0.04,21:12.4,62.88759891,-45.17733035
21:12.6,-0.342,0.278,0.007,21:12.6,62.98462449,-45.1770908
21:12.8,-0.383,0.355,0.067,21:12.8,63.08200012,-45.17674264
21:13.0,-0.259,0.272,0.037,21:13.0,63.20605551,-45.18476616
21:13.2,-0.43,0.26,0.02,21:13.2,63.30847042,-45.19770582
21:13.4,-0.328,0.355,-0.007,21:13.4,63.43612216,-45.2116855
21:13.6,-0.381,0.3,0.027,21:13.6,63.5438456,-45.23015654
21:13.8,-0.39,0.287,0.046,21:13.8,63.65028701,-45.25011007
21:14.0,-0.411,0.275,-0.04,21:14.0,63.75657496,-45.26683691
21:14.2,-0.486,0.291,-0.007,21:14.2,63.86513028,-45.28297139
21:14.5,-0.413,0.288,-0.009,21:14.5,63.99455669,-45.29968253
21:14.7,-0.371,0.198,0.011,21:14.7,64.12243365,-45.31197413
21:14.9,-0.344,0.313,0.034,21:14.9,64.21896708,-45.32155588
21:15.1,-0.229,0.2,0.032,21:15.1,64.31675015,-45.32532165
21:15.3,-0.246,0.296,0.011,21:15.3,64.41453149,-45.32789246
21:15.5,-0.344,0.283,0.072,21:15.5,64.53493137,-45.32739479
21:15.7,-0.279,0.282,0.025,21:15.8,64.65332485,-45.3253263
21:15.9,-0.151,0.363,0.032,21:16.0,64.7463996,-45.31955846
21:16.2,-0.274,0.239,0.098,21:16.2,64.83905597,-45.31149276
21:16.4,-0.263,0.275,0.082,21:16.4,64.93326084,-45.29982245
21:16.6,-0.217,0.382,0.026,21:16.6,65.02484304,-45.29090199
21:16.8,-0.283,0.26,0.081,21:16.8,65.16766767,-45.28297156
21:17.0,-0.183,0.293,0.057,21:17.0,65.26321846,-45.2735662
21:17.2,-0.227,0.393,0.069,21:17.2,65.35975512,-45.26823232
21:17.5,-0.245,0.327,0.081,21:17.5,65.48125127,-45.26332354
21:17.7,-0.303,0.351,0.022,21:17.7,65.57976871,-45.26260006
21:17.9,-0.391,0.223,0.042,21:17.9,65.70638102,-45.26643723
21:18.1,-0.379,0.329,0.077,21:18.1,65.80686069,-45.27100541
21:18.3,-0.363,0.362,0.034,21:18.3,65.90590264,-45.27759428
21:18.5,-0.383,0.242,0.036,21:18.6,66.0251968,-45.28560434
21:18.7,-0.425,0.197,0.027,21:18.7,66.12271815,-45.29587381
21:19.0,-0.402,0.257,0.058,21:18.9,66.21818403,-45.30636284
21:19.2,-0.392,0.294,0.021,21:19.2,66.33538681,-45.31613907
21:19.4,-0.331,0.276,0.046,21:19.4,66.429112,-45.32812321
21:19.6,-0.34,0.331,0.076,21:19.6,66.54512349,-45.34093167
21:19.8,-0.278,0.236,0.103,21:19.8,66.64085565,-45.35052044
21:20.0,-0.265,0.324,0.052,21:20.0,66.73196932,-45.35771664
21:20.3,-0.318,0.282,0.039,21:20.3,66.84684981,-45.36698607
21:20.5,-0.295,0.194,0.079,21:20.5,66.93881834,-45.37725448
21:20.7,-0.306,0.158,0.005,21:20.7,67.05374857,-45.38459824
21:20.9,-0.303,0.264,0.061,21:20.9,67.14655913,-45.39080465
21:21.1,-0.338,0.268,0.068,21:21.1,67.23849576,-45.39363777
21:21.3,-0.273,0.244,0.034,21:21.3,67.3529221,-45.39488277
21:21.6,-0.226,0.482,0.075,21:21.6,67.47029401,-45.39351331
21:21.8,-0.259,0.317,0.097,21:21.8,67.56717878,-45.38886039
21:22.0,-0.272,0.424,0.07,21:22.0,67.69077936,-45.37304792
21:22.2,-0.278,0.35,0.075,21:22.2,67.78722828,-45.37476283
21:22.4,-0.22,0.326,0.08,21:22.4,67.88260666,-45.36659648
21:22.6,-0.405,0.264,0.051,21:22.6,68.00161758,-45.35978406
21:22.8,-0.163,0.268,0.037,21:22.8,68.0984648,-45.35106509
21:23.1,-0.306,0.305,0.058,21:23.0,68.19658374,-45.34718977
21:23.3,-0.38,0.379,0.034,21:23.3,68.319882,-45.34489503
21:23.5,-0.336,0.448,0.083,21:23.5,68.42155507,-45.34525359
21:23.7,-0.327,0.195,-0.039,21:23.7,68.52445703,-45.35066461
21:23.9,-0.316,0.383,0.045,21:23.9,68.64804962,-45.35510413
21:24.1,-0.366,0.402,0.004,21:24.2,68.77509537,-45.36626305
21:24.3,-0.449,0.292,0.037,21:24.4,68.87888452,-45.38077941
21:24.6,-0.398,0.293,0.016,21:24.5,68.98479793,-45.39583371
21:24.8,-0.416,0.271,0.053,21:24.8,69.09259131,-45.41371312
21:25.0,-0.332,0.39,0.084,21:25.0,69.22212531,-45.43145512
21:25.2,-0.401,0.325,0.071,21:25.2,69.35354589,-45.44910974
21:25.4,-0.389,0.247,0.12,21:25.4,69.45483708,-45.4618485
21:25.6,-0.333,0.366,0.107,21:25.6,69.55843419,-45.47417328
21:25.8,-0.267,0.327,0.084,21:25.9,69.68282472,-45.48645034
21:26.1,-0.329,0.203,0.115,21:26.1,69.77989383,-45.49008141
21:26.3,-0.385,0.191,0.049,21:26.3,69.90019987,-45.49092622
21:26.5,-0.305,0.288,0.079,21:26.5,69.99409753,-45.4881648
21:26.7,-0.242,0.267,0.101,21:26.7,70.11001191,-45.48376699
21:26.9,-0.304,0.259,0.06,21:26.9,70.20654225,-45.47580899
21:27.1,-0.423,0.366,0.084,21:27.1,70.30412781,-45.46879402
21:27.4,-0.393,0.34,0.133,21:27.4,70.42725267,-45.46169808
21:27.6,-0.34,0.297,0.086,21:27.6,70.53072689,-45.45710469
21:27.8,-0.349,0.315,0.034,21:27.8,70.66100974,-45.45373788
21:28.0,-0.326,0.406,0.003,21:28.0,70.76549309,-45.44626193
21:28.2,-0.387,0.323,0.015,21:28.2,70.86883598,-45.44145737
21:28.4,-0.339,0.307,0.036,21:28.4,70.99966168,-45.44122768
21:28.7,-0.386,0.297,0.019,21:28.7,71.1343934,-45.44336406
21:28.9,-0.313,0.255,0.01,21:28.9,71.24484956,-45.44912785
21:29.1,-0.39,0.252,0.02,21:29.1,71.37376855,-45.45214559
21:29.3,-0.376,0.263,0.025,21:29.3,71.47573054,-45.45937028
21:29.5,-0.284,0.176,0.042,21:29.5,71.5871937,-45.47128444
21:29.8,-0.387,0.353,0.04,21:29.8,71.69805588,-45.47342918
21:30.0,-0.36,0.245,0.072,21:30.0,71.7943297,-45.48224187
21:30.2,-0.336,0.18,0.054,21:30.2,71.88590915,-45.4893756
21:30.4,-0.387,0.265,0.038,21:30.4,72.00420763,-45.49980648
21:30.6,-0.388,0.325,0.075,21:30.6,72.09743566,-45.50888143
21:30.8,-0.264,0.261,0.074,21:30.8,72.18956791,-45.52030844
21:31.1,-0.344,0.262,0.071,21:31.1,72.32797267,-45.53157063
21:31.3,-0.331,0.315,0.07,21:31.3,72.41911027,-45.54120902
21:31.5,-0.262,0.234,0.045,21:31.5,72.51198173,-45.55027199
21:31.7,-0.238,0.296,0.067,21:31.7,72.60865756,-45.5603452
21:31.9,-0.321,0.25,0.061,21:31.9,72.72624802,-45.57031715
21:32.1,-0.342,0.212,0.018,21:32.1,72.84515461,-45.57801707
21:32.3,-0.26,0.297,0.057,21:32.3,72.94271253,-45.58445223
21:32.6,-0.325,0.373,0.021,21:32.6,73.03752039,-45.58889789
21:32.8,-0.329,0.3,0.089,21:32.8,73.1568607,-45.59079876
21:33.0,-0.315,0.321,0.047,21:33.0,73.25184226,-45.58715403
21:33.2,-0.238,0.097,0.102,21:33.2,73.35366237,-45.58275226
21:33.4,-0.221,0.203,0.034,21:33.4,73.47321801,-45.57684647
21:33.6,-0.297,0.369,0.08,21:33.7,73.58861874,-45.56660172
21:33.9,-0.233,0.257,0.08,21:33.9,73.67999912,-45.55455295
21:34.1,-0.318,0.189,0.077,21:34.1,73.77530083,-45.54234186
21:34.3,-0.114,0.343,0.123,21:34.3,73.86503046,-45.5269352
21:34.5,-0.316,0.398,0.072,21:34.5,74.00102039,-45.51394306
21:34.7,-0.394,0.349,0.115,21:34.7,74.09252915,-45.50494978
21:34.9,-0.327,0.213,0.05,21:34.9,74.18351237,-45.49705766
21:35.1,-0.268,0.448,0.056,21:35.1,74.27803146,-45.49640573
21:35.4,-0.411,0.262,0.026,21:35.4,74.39793142,-45.49961012
21:35.6,-0.335,0.356,0.007,21:35.6,74.49515801,-45.50880766
21:35.8,-0.459,0.349,0.04,21:35.8,74.61624047,-45.52310901
21:36.0,-0.303,0.398,0.028,21:36.0,74.71996319,-45.53932536
21:36.2,-0.533,0.35,0.027,21:36.2,74.84909336,-45.56081497
21:36.4,-0.533,0.274,0.008,21:36.4,74.95669761,-45.58468995
21:36.7,-0.407,0.334,0.016,21:36.6,75.06506169,-45.60493724
21:36.9,-0.36,0.108,-0.047,21:36.9,75.20132058,-45.63180567
21:37.1,-0.335,0.357,-0.009,21:37.1,75.33702211,-45.65523036
21:37.3,-0.455,0.173,0.064,21:37.3,75.44433475,-45.66986645
21:37.5,-0.427,0.341,0.054,21:37.5,75.54996792,-45.68140024
21:37.7,-0.396,0.226,0.041,21:37.8,75.6774763,-45.68852689
21:38.0,-0.199,0.382,0.037,21:38.0,75.77756969,-45.68870465
21:38.2,-0.252,0.256,0.066,21:38.2,75.90093083,-45.68371044
21:38.4,-0.291,0.208,0.076,21:38.4,75.99386878,-45.67361116
21:38.6,-0.197,0.301,0.072,21:38.6,76.10721913,-45.65979267
21:38.8,-0.214,0.265,0.12,21:38.8,76.19412458,-45.6404582
21:39.1,-0.249,0.392,0.093,21:39.0,76.28007594,-45.62364314
21:39.3,-0.223,0.402,0.088,21:39.3,76.3906693,-45.59717251
21:39.5,-0.131,0.321,0.134,21:39.5,76.4979109,-45.57568109
21:39.7,-0.239,0.328,0.073,21:39.7,76.5867088,-45.5609788
21:39.9,-0.196,0.377,0.042,21:40.0,76.6907081,-45.54558504
21:40.2,-0.288,0.323,0.046,21:40.1,76.78023715,-45.53987907
21:40.4,-0.335,0.323,0.068,21:40.4,76.88782486,-45.54035179
21:40.6,-0.395,0.204,0.06,21:40.6,77.00779133,-45.54545689
21:40.8,-0.363,0.348,0.052,21:40.9,77.13759836,-45.57054686
21:41.1,-0.475,0.285,0.066,21:41.1,77.23530219,-45.57011751
21:41.3,-0.391,0.241,0.03,21:41.3,77.34395755,-45.59428978
21:41.5,-0.385,0.318,0.018,21:41.5,77.47912382,-45.61701295
21:41.7,-0.391,0.322,0.016,21:41.7,77.61489405,-45.64682115
21:42.0,-0.431,0.344,0.026,21:42.0,77.72507139,-45.67003292
21:42.2,-0.347,0.19,0.027,21:42.2,77.85365839,-45.69395335
21:42.4,-0.341,0.206,0.04,21:42.4,77.96372645,-45.7165698
21:42.6,-0.377,0.281,0.073,21:42.6,78.06764288,-45.73105351
21:42.8,-0.245,0.211,0.044,21:42.8,78.1908982,-45.74060103
21:43.1,-0.33,0.412,0.058,21:43.1,78.30919044,-45.74597982
21:43.3,-0.252,0.341,0.085,21:43.3,78.40658893,-45.74001948
21:43.5,-0.23,0.311,0.058,21:43.5,78.51556735,-45.73145213
21:43.7,-0.053,0.257,0.128,21:43.8,78.62603297,-45.71466116
21:44.0,-0.067,0.28,0.078,21:44.0,78.70972288,-45.69773887
21:44.2,-0.283,0.394,0.108,21:44.2,78.82406262,-45.674687
21:44.4,-0.175,0.338,0.055,21:44.4,78.93609365,-45.64762863
21:44.6,-0.176,0.279,0.075,21:44.6,79.03143656,-45.62814601
21:44.9,-0.284,0.321,0.005,21:44.9,79.14843387,-45.61472444
21:45.1,-0.313,0.301,0.028,21:45.1,79.24136356,-45.60854344
21:45.3,-0.397,0.364,-0.001,21:45.4,79.3819132,-45.60700714
21:45.6,-0.427,0.265,0.034,21:45.6,79.48669787,-45.61534264
21:45.8,-0.359,0.329,0.003,21:45.8,79.61466858,-45.62603827
21:46.0,-0.425,0.292,0.049,21:46.0,79.72503616,-45.64220623
21:46.2,-0.476,0.27,0.014,21:46.2,79.83433582,-45.66138755
21:46.4,-0.494,0.312,-0.003,21:46.4,79.96919825,-45.68845804
21:46.7,-0.309,0.365,0.03,21:46.6,80.08557384,-45.71069378
21:46.9,-0.375,0.252,-0.022,21:46.9,80.22252455,-45.73822741
21:47.1,-0.456,0.301,0.019,21:47.1,80.35864064,-45.76564717
21:47.3,-0.345,0.226,0.049,21:47.3,80.46274868,-45.78315235
21:47.5,-0.301,0.276,0.052,21:47.6,80.58396363,-45.80351535
21:47.8,-0.316,0.289,0.063,21:47.8,80.70616354,-45.81712108
21:48.0,-0.338,0.386,0.046,21:48.0,80.79940333,-45.8226647
21:48.2,-0.292,0.286,0.045,21:48.2,80.91881266,-45.82238452
21:48.5,-0.194,0.183,0.032,21:48.4,81.0129367,-45.81947695
21:48.7,-0.375,0.276,0.044,21:48.7,81.12425055,-45.80191383
21:48.9,-0.19,0.373,0.055,21:48.9,81.23249207,-45.78445108
21:49.1,-0.248,0.226,0.054,21:49.1,81.31252181,-45.7654002
21:49.3,-0.214,0.368,0.129,21:49.3,81.39810322,-45.74189881
21:49.6,-0.181,0.315,0.094,21:49.6,81.49912339,-45.72635577
21:49.8,-0.241,0.287,0.091,21:49.8,81.58562623,-45.70938343
21:50.0,-0.267,0.354,0,21:50.0,81.69869805,-45.693728
21:50.2,-0.236,0.351,0.064,21:50.2,81.81480475,-45.67905969
21:50.5,-0.344,0.327,0.026,21:50.5,81.93407449,-45.66845403
21:50.7,-0.299,0.34,-0.007,21:50.7,82.0358354,-45.67219645
21:50.9,-0.483,0.401,0.048,21:50.9,82.16570571,-45.67298284
21:51.1,-0.392,0.388,0.017,21:51.1,82.27443148,-45.68697027
21:51.4,-0.539,0.298,0.014,21:51.4,82.40604735,-45.70955951
21:51.6,-0.356,0.301,-0.013,21:51.6,82.54443464,-45.73426267
21:51.8,-0.35,0.354,-0.016,21:51.8,82.65897899,-45.75915524
21:52.0,-0.439,0.284,0.016,21:52.0,82.79707018,-45.79005366
21:52.3,-0.455,0.333,0.014,21:52.2,82.90255329,-45.82125463
21:52.5,-0.346,0.258,0.045,21:52.5,83.05701834,-45.83986555
21:52.7,-0.278,0.327,0.009,21:52.7,83.16258128,-45.86592931
21:52.9,-0.396,0.382,0.049,21:52.9,83.29025292,-45.88609147
21:53.2,-0.413,0.33,0.126,21:53.2,83.39622946,-45.89040534
21:53.4,-0.321,0.31,0.068,21:53.4,83.51077688,-45.90087077
21:53.6,-0.202,0.285,0.051,21:53.6,83.6287467,-45.90514461
21:53.9,-0.302,0.316,0.028,21:53.9,83.72029621,-45.88016234
21:54.1,-0.288,0.29,0.107,21:54.1,83.82269456,-45.88549198
21:54.3,-0.14,0.359,0.078,21:54.3,83.91910794,-45.84620722
21:54.5,-0.192,0.35,0.037,21:54.5,84.01637633,-45.84723814
21:54.8,-0.104,0.405,0.107,21:54.8,84.12491284,-45.82170223
21:55.0,-0.265,0.331,0.041,21:55.0,84.20734946,-45.79731004
21:55.2,-0.24,0.368,0.052,21:55.2,84.29329672,-45.77777086
21:55.4,-0.422,0.251,0.017,21:55.4,84.40462048,-45.76545989
21:55.6,-0.238,0.217,-0.023,21:55.6,84.4996611,-45.7562367
21:55.9,-0.345,0.275,0.007,21:55.9,84.64029075,-45.74917147
21:56.1,-0.384,0.245,-0.003,21:56.1,84.74052917,-45.75401516
21:56.3,-0.48,0.291,0.013,21:56.3,84.83994128,-45.76349195
21:56.5,-0.441,0.321,0.015,21:56.5,84.96430078,-45.77654004
21:56.8,-0.461,0.363,0.041,21:56.7,85.0710103,-45.80141937
21:57.0,-0.518,0.24,0.07,21:57.0,85.22935073,-45.82667433
21:57.2,-0.357,0.433,0.054,21:57.2,85.34566067,-45.86368197
21:57.4,-0.3,0.413,0.064,21:57.5,85.48195001,-45.8936364
21:57.7,-0.241,0.269,-0.008,21:57.7,85.58757015,-45.91954147
21:57.9,-0.379,0.195,0.045,21:57.9,85.7154068,-45.94724868
21:58.1,-0.281,0.318,0.03,21:58.1,85.84821941,-45.9693402
21:58.4,-0.237,0.317,0.064,21:58.4,85.96875301,-45.9874808
21:58.6,-0.263,0.257,0.021,21:58.6,86.06347678,-45.99023547
21:58.8,-0.245,0.336,0.06,21:58.8,86.17459964,-45.9928797
21:59.0,-0.243,0.377,0.076,21:59.0,86.26611944,-45.98896397
21:59.3,-0.278,0.229,0.028,21:59.3,86.39934637,-45.97958568
21:59.5,-0.203,0.389,0.075,21:59.5,86.48501907,-45.96094003
21:59.7,-0.271,0.266,0.061,21:59.7,86.59873267,-45.94537935
21:59.9,-0.262,0.394,0.051,21:59.9,86.68562412,-45.92394899
22:00.2,-0.345,0.428,0.04,22:00.1,86.77231859,-45.90371882
22:00.4,-0.348,0.333,0.012,22:00.4,86.90892782,-45.88496201
22:00.6,-0.336,0.255,0.009,22:00.6,86.99951817,-45.86431909
22:00.9,-0.42,0.33,0.023,22:00.9,87.12545673,-45.85334788
22:01.1,-0.331,0.414,0.013,22:01.1,87.22993677,-45.85355605
22:01.3,-0.337,0.336,0.04,22:01.3,87.37026462,-45.85613827
22:01.6,-0.398,0.414,0.055,22:01.5,87.50780656,-45.86608193
22:01.8,-0.36,0.282,0.018,22:01.8,87.6463768,-45.88066997
22:02.0,-0.382,0.193,0.048,22:02.0,87.76397405,-45.90224706
22:02.2,-0.238,0.225,0.121,22:02.2,87.9009453,-45.92886406
22:02.4,-0.368,0.225,0.047,22:02.4,88.00708199,-45.95155274
22:02.7,-0.356,0.255,0.042,22:02.7,88.16975441,-45.97724067
22:02.9,-0.429,0.277,0.012,22:02.9,88.2735,-46.00060598
22:03.1,-0.277,0.245,0.048,22:03.2,88.39530255,-46.02580055
22:03.4,-0.289,0.27,0.007,22:03.4,88.48696286,-46.03901
22:03.6,-0.335,0.206,-0.002,22:03.6,88.60132557,-46.04893625
22:03.8,-0.346,0.248,0.084,22:03.8,88.71355249,-46.05752763
22:04.1,-0.104,0.352,0.058,22:04.0,88.79644123,-46.06349738
22:04.3,-0.239,0.307,0.039,22:04.3,88.89617278,-46.06919055
22:04.5,-0.276,0.299,0.064,22:04.5,88.97535625,-46.06712708
22:04.7,-0.293,0.313,0.093,22:04.7,89.07515037,-46.0626306
22:05.0,-0.268,0.329,0.071,22:05.0,89.18019319,-46.0485541
22:05.2,-0.238,0.295,0.062,22:05.2,89.28819818,-46.03656404
22:05.4,-0.272,0.309,0.073,22:05.4,89.38197676,-46.0243945
22:05.6,-0.273,0.27,0.093,22:05.6,89.4947243,-46.01110956
22:05.9,-0.401,0.331,0.024,22:05.8,89.587686,-45.99985161
22:06.1,-0.424,0.473,0.062,22:06.1,89.72554061,-45.98784198
22:06.3,-0.358,0.279,0.004,22:06.3,89.82281623,-45.97922995
22:06.5,-0.362,0.402,0.039,22:06.6,89.95154409,-45.97548463
22:06.8,-0.455,0.368,-0.002,22:06.8,90.05789251,-45.97264248
22:07.0,-0.424,0.345,0.014,22:07.0,90.17479022,-45.96938328
22:07.2,-0.354,0.374,0.024,22:07.3,90.3384759,-45.97046306
22:07.5,-0.422,0.298,0.019,22:07.5,90.45596572,-45.97011182
22:07.7,-0.339,0.423,0.036,22:07.7,90.59788216,-45.98053886
22:07.9,-0.406,0.298,0.049,22:07.9,90.72022227,-45.99014642
22:08.1,-0.456,0.329,0.016,22:08.1,90.83381889,-46.00624299
22:08.4,-0.341,0.387,0.073,22:08.4,91.00496966,-46.0204984
22:08.6,-0.53,0.258,0.079,22:08.6,91.11187796,-46.03627538
22:08.8,-0.249,0.194,0.082,22:08.8,91.24400525,-46.05349159
22:09.0,-0.453,0.246,0.098,22:09.0,91.34376865,-46.06819357
22:09.3,-0.333,0.256,0.072,22:09.3,91.47296017,-46.08318934
22:09.5,-0.379,0.228,0.083,22:09.5,91.59572172,-46.10101171
22:09.7,-0.214,0.153,-0.011,22:09.7,91.71084854,-46.11260455
22:09.9,-0.298,0.258,0.03,22:09.9,91.7976404,-46.11371401
22:10.2,-0.287,0.169,0.065,22:10.2,91.91142722,-46.11268854
22:10.4,-0.173,0.263,0.033,22:10.4,91.99488292,-46.10674557
22:10.6,-0.246,0.36,0.013,22:10.7,92.12847989,-46.10261608
22:10.9,-0.293,0.431,0.071,22:10.9,92.21089177,-46.08727262
22:11.1,-0.296,0.354,0.053,22:11.1,92.32031922,-46.0746745
22:11.3,-0.158,0.396,0.021,22:11.3,92.40543816,-46.05574964
22:11.5,-0.392,0.327,0.018,22:11.5,92.49399684,-46.04148096
22:11.8,-0.267,0.235,-0.005,22:11.8,92.63271539,-46.02746266
22:12.0,-0.312,0.316,-0.011,22:12.0,92.73188761,-46.01418876
22:12.2,-0.243,0.295,0.01,22:12.2,92.85261347,-46.01331076
22:12.4,-0.473,0.31,0.052,22:12.4,92.95057316,-46.01169074
22:12.7,-0.383,0.36,0.036,22:12.7,93.07620832,-46.01712048
22:12.9,-0.452,0.288,0.056,22:12.9,93.23594556,-46.03426425
22:13.1,-0.449,0.288,0.05,22:13.2,93.33760323,-46.03538406
22:13.4,-0.297,0.227,0.044,22:13.4,93.44667682,-46.05951727
22:13.6,-0.374,0.345,0.023,22:13.6,93.58164008,-46.07707233
22:13.8,-0.479,0.314,0.067,22:13.8,93.68530032,-46.09726373
22:14.1,-0.313,0.264,0.023,22:14.1,93.83864527,-46.11718322
22:14.3,-0.453,0.281,0.057,22:14.3,93.94437697,-46.12953526
22:14.5,-0.428,0.32,0.044,22:14.5,94.07380134,-46.13632634
22:14.7,-0.25,0.373,0.05,22:14.7,94.1737236,-46.13914671
22:14.9,-0.331,0.345,0.015,22:15.0,94.29467357,-46.14461165
22:15.2,-0.267,0.263,0.02,22:15.2,94.41842178,-46.14409591
22:15.4,-0.304,0.364,0.045,22:15.4,94.50413023,-46.14473493
22:15.6,-0.36,0.254,0.049,22:15.6,94.62119082,-46.13906774
22:15.9,-0.21,0.298,0.065,22:15.9,94.71520529,-46.13505058
22:16.1,-0.216,0.223,0.103,22:16.1,94.82921781,-46.1288633
22:16.3,-0.271,0.319,0.07,22:16.3,94.94136712,-46.12178328
22:16.6,-0.341,0.339,0.001,22:16.6,95.05624806,-46.11554825
22:16.8,-0.305,0.294,0.061,22:16.8,95.16917192,-46.11310504
22:17.0,-0.369,0.28,0.044,22:17.0,95.26375535,-46.10909087
22:17.2,-0.384,0.393,0.038,22:17.2,95.38136566,-46.11421657
22:17.5,-0.389,0.374,0.08,22:17.5,95.49528851,-46.1165258
22:17.7,-0.375,0.262,0.056,22:17.7,95.58692218,-46.12160325
22:17.9,-0.367,0.329,0.033,22:17.9,95.71080916,-46.13217925
22:18.1,-0.512,0.317,0.023,22:18.1,95.81353562,-46.1303472
22:18.4,-0.376,0.249,0.019,22:18.4,95.93928373,-46.13797459
22:18.6,-0.245,0.356,0.057,22:18.6,96.06799981,-46.1439384
22:18.8,-0.402,0.383,0.037,22:18.8,96.17788036,-46.14952207
22:19.1,-0.486,0.407,0.066,22:19.1,96.31228144,-46.15447657
22:19.3,-0.298,0.486,0.043,22:19.3,96.4520952,-46.15959756
22:19.5,-0.31,0.408,0.07,22:19.5,96.56887383,-46.15854111
22:19.8,-0.335,0.403,0.01,22:19.8,96.7373678,-46.16411312
22:20.0,-0.434,0.483,0.049,22:20.0,96.85316266,-46.16848401
22:20.2,-0.326,0.345,0.043,22:20.2,96.96223497,-46.16912346
22:20.4,-0.271,0.279,0.091,22:20.4,97.10370279,-46.17622764
22:20.6,-0.353,0.368,0.04,22:20.7,97.24218506,-46.18278588
22:20.9,-0.321,0.268,0.067,22:20.9,97.37264043,-46.19242602
22:21.1,-0.43,0.287,0.084,22:21.1,97.47354526,-46.19803217
22:21.3,-0.249,0.202,0.045,22:21.3,97.59811831,-46.20646114
22:21.6,-0.377,0.291,0.095,22:21.6,97.71908761,-46.21371343
22:21.8,-0.433,0.209,0.016,22:21.8,97.8082155,-46.2227354
22:22.0,-0.271,0.214,0.068,22:22.0,97.92618439,-46.23123727
22:22.3,-0.306,0.236,0.081,22:22.3,98.03110519,-46.23820993
22:22.5,-0.189,0.112,0.091,22:22.5,98.11735983,-46.23709741
22:22.7,-0.278,0.261,0.137,22:22.7,98.21697302,-46.24723612
22:22.9,-0.366,0.215,0.027,22:22.9,98.30047293,-46.24409013
22:23.2,-0.232,0.411,0.078,22:23.2,98.42870885,-46.24999053
22:23.4,-0.14,0.349,0.086,22:23.4,98.51299975,-46.25422751
22:23.6,-0.234,0.378,0.038,22:23.6,98.61436645,-46.25181952
22:23.8,-0.334,0.383,0.056,22:23.8,98.69896497,-46.24906316
22:24.1,-0.296,0.395,0.109,22:24.1,98.80636263,-46.24826009
22:24.3,-0.384,0.381,0.068,22:24.3,98.92017521,-46.24676435
22:24.5,-0.26,0.511,0.076,22:24.5,99.01590863,-46.24127484
22:24.8,-0.369,0.511,0.012,22:24.8,99.13878358,-46.23751564
22:25.0,-0.418,0.396,0.015,22:25.0,99.241353,-46.23986542
22:25.2,-0.286,0.309,0.031,22:25.2,99.37233106,-46.24364738
22:25.5,-0.392,0.379,0.076,22:25.4,99.50551055,-46.24934006
22:25.7,-0.303,0.359,0.036,22:25.7,99.63926594,-46.25723269
22:25.9,-0.374,0.268,0.067,22:25.9,99.7488237,-46.2707654
22:26.1,-0.265,0.226,0.046,22:26.1,99.88812759,-46.28020425
22:26.3,-0.317,0.318,0.038,22:26.3,100.0064395,-46.28644764
22:26.6,-0.424,0.308,0.018,22:26.6,100.1702996,-46.30510724
22:26.8,-0.309,0.282,0.024,22:26.8,100.2774183,-46.31659361
22:27.0,-0.375,0.379,-0.023,22:27.1,100.4126687,-46.33403779
22:27.3,-0.306,0.208,0.084,22:27.3,100.5075118,-46.34347884
22:27.5,-0.371,0.263,0.062,22:27.5,100.6323802,-46.35327896
22:27.7,-0.37,0.278,0.092,22:27.7,100.7528435,-46.35863433
22:28.0,-0.242,0.207,0.008,22:27.9,100.842985,-46.36625257
22:28.2,-0.337,0.166,0.054,22:28.2,100.9522535,-46.36724056
22:28.4,-0.31,0.254,0.093,22:28.4,101.037516,-46.3635761
22:28.6,-0.272,0.284,0.065,22:28.6,101.1418294,-46.35866
22:28.9,-0.295,0.372,0.03,22:28.9,101.2503563,-46.35693588
22:29.1,-0.418,0.283,0,22:29.1,101.3605328,-46.3490161
22:29.3,-0.391,0.324,0.069,22:29.3,101.4531363,-46.34211721
22:29.5,-0.262,0.357,0.061,22:29.5,101.567537,-46.33161199
22:29.7,-0.392,0.258,0.064,22:29.7,101.6664639,-46.32259761
22:30.0,-0.28,0.393,0.036,22:30.0,101.8089972,-46.32052273
22:30.2,-0.321,0.417,0.054,22:30.2,101.9135779,-46.31377558
22:30.4,-0.387,0.515,0.042,22:30.4,102.0212648,-46.31394467
22:30.7,-0.371,0.342,0.064,22:30.7,102.1578986,-46.3172939
22:30.9,-0.411,0.318,0.045,22:30.9,102.270465,-46.32119339
22:31.1,-0.447,0.369,0.071,22:31.1,102.4331333,-46.32565755
22:31.4,-0.428,0.276,0.023,22:31.4,102.5450347,-46.335122
22:31.6,-0.475,0.37,0.019,22:31.6,102.6857877,-46.34670606
22:31.8,-0.325,0.277,0.066,22:31.8,102.8237844,-46.35950087
22:32.0,-0.412,0.368,0.05,22:32.0,102.9365359,-46.37048879
22:32.3,-0.399,0.302,0.102,22:32.3,103.0773633,-46.38323265
22:32.5,-0.425,0.295,0.028,22:32.5,103.2098704,-46.39368335
22:32.7,-0.297,0.22,0.129,22:32.7,103.3182079,-46.40743364
22:32.9,-0.299,0.214,0.088,22:33.0,103.4501741,-46.41206685
22:33.2,-0.217,0.228,0.089,22:33.2,103.5492125,-46.40800777
22:33.4,-0.231,0.327,0.024,22:33.4,103.6955085,-46.41146021
22:33.6,-0.341,0.244,0.08,22:33.6,103.7881133,-46.40459315
22:33.9,-0.273,0.344,0.083,22:33.9,103.9070755,-46.39847828
22:34.1,-0.427,0.313,0.063,22:34.1,103.9993052,-46.39055023
22:34.3,-0.281,0.229,0.027,22:34.3,104.0950722,-46.37870608
22:34.6,-0.409,0.387,0.034,22:34.6,104.2355966,-46.36741766
22:34.8,-0.371,0.332,0.091,22:34.8,104.3372324,-46.35723063
22:35.0,-0.367,0.313,0.032,22:35.0,104.4604714,-46.35559175
22:35.2,-0.343,0.329,0.101,22:35.2,104.565333,-46.36097293
22:35.4,-0.402,0.256,0.083,22:35.4,104.6880205,-46.35881033
22:35.7,-0.26,0.366,0.094,22:35.7,104.8029807,-46.36678409
22:35.9,-0.397,0.219,0.088,22:35.9,104.9222033,-46.37238286
22:36.1,-0.319,0.195,0.044,22:36.1,105.0253539,-46.38136935
22:36.4,-0.351,0.298,0.104,22:36.4,105.1462307,-46.3899166
22:36.6,-0.377,0.187,0.039,22:36.6,105.2426791,-46.39624417
22:36.8,-0.269,0.268,0.057,22:36.8,105.3843483,-46.40244504
22:37.1,-0.403,0.28,0.052,22:37.0,105.4785001,-46.40906925
22:37.3,-0.256,0.247,0.065,22:37.3,105.5932348,-46.413676
22:37.5,-0.299,0.367,0.083,22:37.5,105.6867987,-46.41596758
22:37.7,-0.379,0.285,0.055,22:37.7,105.8022794,-46.41528265
22:38.0,-0.209,0.493,0.064,22:38.0,105.9197447,-46.41218921
22:38.2,-0.254,0.308,0.063,22:38.2,106.0118467,-46.41121205
22:38.4,-0.347,0.358,0.058,22:38.4,106.1357001,-46.41720713
22:38.6,-0.354,0.362,0.036,22:38.6,106.2360502,-46.4156622
22:38.9,-0.276,0.346,0.074,22:38.9,106.3693844,-46.41355552
22:39.1,-0.277,0.347,0.052,22:39.1,106.5015019,-46.41707536
22:39.3,-0.361,0.417,0.022,22:39.3,106.6333181,-46.42455962
22:39.6,-0.416,0.363,0.062,22:39.5,106.7424919,-46.42360336
22:39.8,-0.366,0.302,0.031,22:39.8,106.8730283,-46.4306256
22:40.0,-0.288,0.282,0.048,22:40.0,106.9993048,-46.440138
22:40.3,-0.33,0.235,0.038,22:40.3,107.1296734,-46.44829
22:40.5,-0.293,0.246,0.082,22:40.5,107.2273963,-46.45817296
22:40.7,-0.213,0.248,0.1,22:40.7,107.3412764,-46.4604381
22:40.9,-0.352,0.271,0.123,22:40.9,107.4265755,-46.46752956
22:41.1,-0.261,0.218,0.102,22:41.1,107.5332735,-46.47505807
22:41.4,-0.194,0.356,0.1,22:41.4,107.6393996,-46.48083781
22:41.6,-0.228,0.305,0.091,22:41.6,107.7402066,-46.48421545
22:41.8,-0.308,0.322,0.061,22:41.8,107.8211384,-46.48633822
22:42.1,-0.371,0.269,0.076,22:42.1,107.9297437,-46.49469022
22:42.3,-0.314,0.272,0.085,22:42.3,108.0356467,-46.49887932
22:42.5,-0.35,0.239,0.004,22:42.5,108.1421324,-46.50686067
22:42.8,-0.493,0.334,-0.004,22:42.8,108.240433,-46.50834139
22:43.0,-0.329,0.411,-0.009,22:43.0,108.3601318,-46.51305607
22:43.2,-0.459,0.375,0.007,22:43.2,108.4690974,-46.51864993
22:43.4,-0.269,0.485,0.056,22:43.4,108.6001919,-46.52616253
22:43.7,-0.269,0.368,0.027,22:43.7,108.7444729,-46.53081574
22:43.9,-0.36,0.473,0.08,22:43.9,108.8643648,-46.53840668
22:44.1,-0.334,0.413,0.02,22:44.1,109.0060027,-46.54449908
22:44.3,-0.414,0.283,0.12,22:44.4,109.1387261,-46.55097044
22:44.6,-0.387,0.509,0.055,22:44.6,109.2605286,-46.55455789
22:44.8,-0.328,0.325,0.113,22:44.8,109.4002511,-46.55430851
22:45.0,-0.281,0.301,0.083,22:45.0,109.5361235,-46.55464124
22:45.3,-0.334,0.257,0.089,22:45.3,109.642335,-46.5493905
22:45.5,-0.244,0.414,0.098,22:45.5,109.7665708,-46.54112422
22:45.7,-0.327,0.41,0.074,22:45.7,109.8894187,-46.54003244
22:46.0,-0.298,0.245,0.097,22:46.0,110.0065375,-46.53552476
22:46.2,-0.259,0.146,0.058,22:46.2,110.1014032,-46.53553333
22:46.4,-0.328,0.307,0.065,22:46.4,110.212562,-46.53931785
22:46.6,-0.337,0.243,0.061,22:46.6,110.3247918,-46.54401462
22:46.8,-0.366,0.198,0.141,22:46.9,110.4101973,-46.55400017
22:47.1,-0.312,0.228,0.06,22:47.1,110.5247241,-46.55978371
22:47.3,-0.329,0.188,0.008,22:47.3,110.6394679,-46.56622894
22:47.5,-0.451,0.297,0.042,22:47.5,110.7392039,-46.58256985
22:47.8,-0.385,0.35,-0.008,22:47.8,110.859325,-46.60035627
22:48.0,-0.363,0.283,-0.001,22:48.0,110.9598663,-46.61738452
22:48.2,-0.386,0.408,0.039,22:48.3,111.1117053,-46.63480628
22:48.5,-0.419,0.189,0.076,22:48.5,111.2194376,-46.65042686
22:48.7,-0.348,0.276,0.048,22:48.7,111.3450577,-46.65954895
22:48.9,-0.369,0.403,0.1,22:48.9,111.4398483,-46.65852699
22:49.1,-0.335,0.258,0.059,22:49.1,111.5549228,-46.65779254
22:49.4,-0.344,0.363,0.01,22:49.4,111.6790939,-46.6486752
22:49.6,-0.26,0.26,0.084,22:49.6,111.7811276,-46.64075352
22:49.8,-0.258,0.263,0.031,22:49.8,111.8940568,-46.62591491
22:50.0,-0.406,0.352,0.039,22:50.0,111.9893088,-46.61095496
22:50.3,-0.222,0.425,0.032,22:50.3,112.1093225,-46.59567534
22:50.5,-0.207,0.39,0.082,22:50.5,112.2323958,-46.5828727
22:50.7,-0.258,0.412,0.106,22:50.7,112.3552979,-46.57459959
22:51.0,-0.293,0.236,0.065,22:51.0,112.4540602,-46.56811115
22:51.2,-0.314,0.112,0.075,22:51.2,112.5814079,-46.56410402
22:51.4,-0.316,0.433,0.025,22:51.4,112.6838814,-46.56535087
22:51.7,-0.407,0.338,0.046,22:51.7,112.8404502,-46.56783634
22:51.9,-0.327,0.374,0.072,22:51.9,112.9512009,-46.57852544
22:52.1,-0.351,0.267,0.093,22:52.1,113.0810598,-46.59258394
22:52.3,-0.444,0.285,0.007,22:52.3,113.1887269,-46.60760655
22:52.5,-0.518,0.326,0.047,22:52.6,113.3168613,-46.62140936
22:52.8,-0.389,0.366,0.02,22:52.8,113.4514909,-46.64529835
22:53.0,-0.389,0.372,0.081,22:53.0,113.5541927,-46.66581538
22:53.2,-0.297,0.313,0.067,22:53.2,113.6796056,-46.68408811
22:53.5,-0.433,0.276,0.111,22:53.4,113.7778894,-46.69602812
22:53.7,-0.341,0.29,0.081,22:53.7,113.8967589,-46.70561388
22:53.9,-0.371,0.249,0.102,22:53.9,114.018215,-46.70997605
22:54.2,-0.264,0.247,0.082,22:54.2,114.1335592,-46.71714004
22:54.4,-0.304,0.299,0.095,22:54.4,114.2215151,-46.71823577
22:54.6,-0.263,0.295,0.05,22:54.6,114.3313432,-46.71638574
22:54.8,-0.268,0.355,0.118,22:54.8,114.4102107,-46.70862608
22:55.1,-0.213,0.361,0.087,22:55.1,114.5373939,-46.7014774
22:55.3,-0.217,0.337,0.045,22:55.3,114.6252441,-46.68928157
22:55.5,-0.26,0.469,0.027,22:55.5,114.7433912,-46.67920166
22:55.7,-0.243,0.434,0.057,22:55.7,114.835374,-46.66885157
22:56.0,-0.326,0.371,0.081,22:56.0,114.958357,-46.65966772
22:56.2,-0.314,0.333,0.027,22:56.2,115.0895583,-46.64744758
22:56.4,-0.427,0.256,0.027,22:56.4,115.1894004,-46.64197875
22:56.7,-0.3,0.329,0.09,22:56.6,115.3148871,-46.63527572
22:56.9,-0.294,0.382,0.078,22:56.9,115.4420131,-46.62706991
22:57.1,-0.386,0.332,0.078,22:57.1,115.5494142,-46.62432138
22:57.3,-0.34,0.302,0.045,22:57.3,115.6771631,-46.62056333
22:57.6,-0.372,0.402,0.085,22:57.6,115.807254,-46.62359572
22:57.8,-0.378,0.429,0.124,22:57.8,115.9383927,-46.6359944
22:58.0,-0.289,0.358,0.057,22:58.0,116.0424873,-46.64763149
22:58.2,-0.287,0.44,0.075,22:58.2,116.1453595,-46.6581321
22:58.5,-0.372,0.245,-0.004,22:58.5,116.2983856,-46.67609362
22:58.7,-0.33,0.262,0.041,22:58.7,116.399494,-46.69236209
22:58.9,-0.442,0.218,0.059,22:58.9,116.5199099,-46.71417358
22:59.2,-0.35,0.326,0.093,22:59.1,116.6117843,-46.72653981
22:59.4,-0.23,0.163,0.027,22:59.4,116.7251205,-46.74278783
22:59.6,-0.278,0.245,0.083,22:59.6,116.8394289,-46.76056549
22:59.9,-0.308,0.306,0.072,22:59.9,116.9527015,-46.77645804
23:00.1,-0.3,0.268,0.083,23:00.1,117.0362967,-46.78680691
23:00.3,-0.179,0.264,0.046,23:00.3,117.1439625,-46.79417595
23:00.5,-0.269,0.269,0.051,23:00.5,117.2609961,-46.79654648
23:00.8,-0.186,0.223,0.066,23:00.8,117.3763702,-46.79586182
23:01.0,-0.169,0.222,0.048,23:01.0,117.4690257,-46.7936658
23:01.2,-0.286,0.301,0.084,23:01.2,117.5797894,-46.78360984
23:01.4,-0.235,0.409,0.075,23:01.4,117.6759681,-46.77334947
23:01.7,-0.201,0.388,0.103,23:01.7,117.7961462,-46.75969048
23:01.9,-0.25,0.286,0.085,23:01.9,117.9203638,-46.74639136
23:02.1,-0.266,0.333,0.073,23:02.1,118.0203299,-46.73630836
23:02.4,-0.354,0.376,0.138,23:02.4,118.1435079,-46.7317123
23:02.6,-0.204,0.421,0.086,23:02.6,118.2528183,-46.72693082
23:02.8,-0.328,0.456,0.068,23:02.8,118.3816079,-46.72196658
23:03.1,-0.36,0.415,0.025,23:03.0,118.5161079,-46.72220593
23:03.3,-0.351,0.238,0.034,23:03.3,118.6492855,-46.72795476
23:03.5,-0.447,0.234,0.026,23:03.5,118.7586722,-46.73369369
23:03.7,-0.442,0.363,0.024,23:03.7,118.8926755,-46.74544011
23:03.9,-0.401,0.257,0.018,23:04.0,119.0226698,-46.75958703
23:04.2,-0.289,0.381,0.063,23:04.2,119.1505701,-46.77825387
23:04.4,-0.46,0.215,0.036,23:04.4,119.2561874,-46.80007886
23:04.6,-0.483,0.261,0.018,23:04.6,119.377511,-46.819997
23:04.9,-0.385,0.339,0.031,23:04.8,119.4817891,-46.83739239
23:05.1,-0.415,0.376,0.005,23:05.1,119.611744,-46.85517111
23:05.3,-0.303,0.295,0.053,23:05.3,119.7335469,-46.8699134
23:05.6,-0.427,0.262,0.089,23:05.5,119.836539,-46.87761819
23:05.8,-0.36,0.277,0.091,23:05.8,119.9570932,-46.88186788
23:06.0,-0.244,0.248,0.059,23:06.0,120.0725582,-46.87647719
23:06.2,-0.205,0.314,0.062,23:06.2,120.1664597,-46.87555275
23:06.5,-0.294,0.23,0.094,23:06.5,120.2771418,-46.87177412
23:06.7,-0.303,0.256,0.041,23:06.7,120.3913572,-46.86623445
23:06.9,-0.331,0.346,0.023,23:06.9,120.4821422,-46.85090597
23:07.1,-0.255,0.262,0.094,23:07.1,120.596954,-46.83375869
23:07.4,-0.328,0.438,0.023,23:07.3,120.6958885,-46.81726865
23:07.6,-0.221,0.328,0.041,23:07.6,120.8340834,-46.81231382
23:07.8,-0.343,0.203,0.052,23:07.8,120.9325623,-46.80642774
23:08.1,-0.356,0.266,0.113,23:08.1,121.0530667,-46.79734108
23:08.3,-0.406,0.305,0.033,23:08.3,121.1740133,-46.79484307
23:08.5,-0.336,0.165,0.071,23:08.5,121.2727649,-46.80122808
23:08.8,-0.299,0.306,-0.004,23:08.7,121.3981702,-46.80547216
23:09.0,-0.296,0.267,0.051,23:09.0,121.5166045,-46.81262459
23:09.2,-0.329,0.201,0.011,23:09.2,121.6134288,-46.82319226
23:09.4,-0.403,0.136,0,23:09.4,121.7263066,-46.83114591
23:09.6,-0.246,0.233,0.085,23:09.6,121.8086855,-46.84287268
23:09.9,-0.146,0.162,0.065,23:09.9,121.9308967,-46.85934802
23:10.1,-0.122,0.076,0.065,23:10.1,122.0018633,-46.86806855
23:10.3,-0.104,0.12,0.113,23:10.4,122.0841837,-46.87396252
23:10.6,-0.177,0.079,0.057,23:10.5,122.1420633,-46.87997467
23:10.8,-0.246,0.171,0.059,23:10.8,122.2127314,-46.88672815
23:11.0,-0.096,0.205,0.048,23:11.0,122.2805606,-46.88039827
23:11.3,-0.222,0.095,0.106,23:11.2,122.3262809,-46.86717076
23:11.5,-0.092,0.095,0.083,23:11.5,122.3887166,-46.853916
23:11.7,-0.104,0.264,0.022,23:11.7,122.4496763,-46.84292086
23:11.9,-0.256,0.164,0.038,23:12.0,122.5132027,-46.83177075
23:12.2,-0.241,0.218,0.002,23:12.2,122.5836445,-46.8219972
23:12.4,-0.153,0.279,0.03,23:12.4,122.6409078,-46.81639356
23:12.6,-0.102,0.312,0.022,23:12.6,122.7177938,-46.81244148
23:12.9,-0.172,0.326,0.076,23:12.9,122.7964891,-46.81048341
23:13.1,-0.055,0.28,0.027,23:13.1,122.8641176,-46.80975755
23:13.3,-0.172,0.235,0.045,23:13.3,122.9355786,-46.82008629
23:13.6,-0.146,0.248,0.04,23:13.6,123.0049023,-46.8286395
23:13.8,-0.083,0.268,0.044,23:13.8,123.0793708,-46.84439261
23:14.0,-0.077,0.18,0.059,23:14.0,123.1329656,-46.85892281
23:14.2,-0.129,0.177,0.061,23:14.2,123.196833,-46.87656631
23:14.5,-0.102,0.145,0.062,23:14.5,123.264536,-46.89563926
23:14.7,-0.111,0.195,0.02,23:14.7,123.3097362,-46.90952684
23:14.9,-0.176,0.229,0.069,23:14.9,123.3589554,-46.92734611
23:15.1,-0.164,0.156,0.021,23:15.1,123.390957,-46.93110792
23:15.4,-0.099,0.114,0.026,23:15.4,123.4411706,-46.9427074
23:15.6,-0.002,0.224,0.014,23:15.6,123.4896508,-46.95226546
23:15.8,0.063,0.225,0.03,23:15.8,123.5234996,-46.95476531
23:16.1,0.061,0.241,-0.019,23:16.1,123.5667091,-46.96493835
23:16.3,0.08,0.105,0.018,23:16.3,123.611635,-46.97301026
23:16.5,-0.061,0.099,0.003,23:16.5,123.6431835,-46.97548902
23:16.8,-0.074,0.265,0.044,23:16.7,123.6917028,-46.98764959
23:17.0,-0.157,0.272,-0.004,23:17.0,123.7435044,-46.99877706
23:17.2,-0.137,0.038,0.004,23:17.2,123.7841193,-47.01014083
23:17.4,-0.024,0.222,-0.005,23:17.4,123.8397225,-47.03315123
23:17.6,-0.111,0.24,0.016,23:17.6,123.8897327,-47.05458536
23:17.9,-0.27,0.314,0.031,23:17.9,123.957686,-47.08866666
23:18.1,-0.036,0.223,0.03,23:18.1,124.0019685,-47.1192296
23:18.3,-0.147,0.161,0.016,23:18.4,124.0544159,-47.15516593
23:18.6,-0.125,0.088,0.027,23:18.5,124.095353,-47.18084451
23:18.8,-0.174,0.166,0.025,23:18.8,124.1500253,-47.21450365
23:19.0,-0.005,0.102,0.067,23:19.0,124.1994066,-47.26024134
23:19.3,-0.046,0.303,0.023,23:19.3,124.2462761,-47.3064574
23:19.5,-0.134,0.243,0.046,23:19.5,124.2801775,-47.34072883
23:19.7,-0.061,0.221,0.039,23:19.7,124.3120218,-47.37709084
23:19.9,-0.149,0.262,0.009,23:19.9,124.3473434,-47.42465993
23:20.2,-0.083,0.19,0.046,23:20.2,124.3824425,-47.4734765
23:20.4,-0.068,0.308,0.048,23:20.4,124.4134181,-47.51656382
23:20.6,-0.106,0.268,0.057,23:20.6,124.4460524,-47.56374779
23:20.8,-0.058,0.231,0.071,23:20.8,124.4702834,-47.59858264
23:21.1,-0.145,0.14,0.021,23:21.0,124.4921058,-47.63412816
23:21.3,-0.145,0.133,0.019,23:21.3,124.5227805,-47.67979271
23:21.5,-0.109,0.207,0.009,23:21.5,124.5407042,-47.70418154
23:21.8,-0.044,0.133,0.056,23:21.8,124.5723939,-47.74069474
23:22.0,-0.061,0.244,0.017,23:22.0,124.5964723,-47.76361843
23:22.2,-0.011,0.205,0.043,23:22.2,124.6300654,-47.79550989
23:22.5,-0.083,0.12,-0.013,23:22.4,124.6633397,-47.82498396
23:22.7,-0.06,0.156,0.017,23:22.7,124.6972431,-47.85906701
23:22.9,-0.079,0.11,0.081,23:22.9,124.7249285,-47.89380009
23:23.1,-0.074,0.247,0.051,23:23.1,124.7500458,-47.93178701
23:23.3,-0.108,0.204,0.022,23:23.3,124.7724044,-47.97337197
23:23.6,-0.176,0.14,0.038,23:23.6,124.8066748,-48.03725765
23:23.8,-0.12,0.214,0.012,23:23.8,124.8225109,-48.07835337
23:24.0,-0.094,0.254,0.031,23:24.1,124.841378,-48.140345
23:24.3,-0.149,0.202,-0.025,23:24.3,124.8517237,-48.19461878
23:24.5,-0.209,0.273,0.005,23:24.5,124.865944,-48.24219924
23:24.7,-0.151,0.191,0.01,23:24.7,124.877113,-48.31447036
23:25.0,-0.275,0.159,0.004,23:24.9,124.8816218,-48.36587337
23:25.2,-0.218,0.263,0.028,23:25.2,124.8903032,-48.42791762
23:25.4,-0.155,0.196,0.023,23:25.4,124.8931689,-48.48236995
23:25.6,-0.179,0.134,0.004,23:25.6,124.8914591,-48.54342396
23:25.9,-0.156,0.25,-0.019,23:25.8,124.8901803,-48.6088304
23:26.1,-0.197,0.295,0.011,23:26.1,124.8936883,-48.66538058
23:26.3,-0.045,0.171,0.087,23:26.3,124.8979185,-48.7106301
23:26.5,-0.074,0.282,0.027,23:26.5,124.9069199,-48.76272238
23:26.8,-0.113,0.156,0.041,23:26.7,124.9153734,-48.79943535
23:27.0,-0.095,0.145,0.04,23:27.0,124.9261459,-48.86153462
23:27.2,-0.092,0.202,0.03,23:27.2,124.9349615,-48.89726394
23:27.5,-0.08,0.107,0.092,23:27.5,124.9458218,-48.9399123
23:27.7,-0.111,0.125,0.028,23:27.7,124.9524684,-48.96948602
23:27.9,-0.101,0.178,0.076,23:27.9,124.9609433,-49.00694819
23:28.1,-0.039,0.23,0.078,23:28.1,124.9735394,-49.04906415
23:28.4,-0.134,0.236,0.032,23:28.4,124.9789411,-49.07700063
23:28.6,-0.092,0.144,0.047,23:28.6,124.9796845,-49.12279039
23:28.8,-0.054,0.086,-0.004,23:28.8,124.9803508,-49.15722224
23:29.0,-0.213,0.198,0.042,23:29.0,124.9791761,-49.21316738
23:29.3,-0.235,0.178,0.021,23:29.3,124.9739726,-49.26327272
23:29.5,-0.308,0.215,0.039,23:29.5,124.9658563,-49.31782318
23:29.7,-0.19,0.133,0.041,23:29.7,124.9530903,-49.36742346
23:29.9,-0.105,0.209,0.042,23:30.0,124.9369213,-49.42981596
23:30.2,-0.355,0.247,0.038,23:30.2,124.919428,-49.48414829
23:30.4,-0.26,0.232,0.051,23:30.4,124.8960569,-49.56202832
23:30.6,-0.19,0.329,0.012,23:30.6,124.8745562,-49.62394822
23:30.9,-0.166,0.268,0.064,23:30.9,124.8507106,-49.696264
23:31.1,-0.273,0.278,0.026,23:31.1,124.8255033,-49.75589973
23:31.3,-0.251,0.212,0.045,23:31.3,124.803653,-49.82929941
23:31.6,-0.153,0.235,0.049,23:31.6,124.7812635,-49.90448647
23:31.8,-0.251,0.177,0.092,23:31.8,124.7612525,-49.96603475
23:32.0,-0.251,0.295,0.058,23:32.0,124.7394094,-50.04068487
23:32.2,-0.249,0.202,0.073,23:32.2,124.7215016,-50.10514438
23:32.4,-0.238,0.328,0.056,23:32.4,124.7089306,-50.17636547
23:32.7,-0.176,0.292,0.03,23:32.7,124.6991676,-50.25172469
23:32.9,-0.172,0.152,0.059,23:32.9,124.6857773,-50.3303621
23:33.2,-0.079,0.351,0.049,23:33.2,124.6687734,-50.41200067
23:33.4,-0.251,0.23,0.072,23:33.4,124.6657384,-50.47808558
23:33.6,-0.202,0.307,0.02,23:33.6,124.6558659,-50.56569687
23:33.9,-0.296,0.226,0.065,23:33.8,124.6432381,-50.65453832
23:34.1,-0.353,0.386,0.041,23:34.1,124.630799,-50.75234568
23:34.3,-0.418,0.231,0.09,23:34.3,124.6193512,-50.83399711
23:34.5,-0.29,0.336,0.081,23:34.5,124.6017435,-50.93598132
23:34.8,-0.378,0.264,0.097,23:34.8,124.5826133,-51.04104512
23:35.0,-0.34,0.349,0.105,23:35.0,124.5518322,-51.14908566
23:35.2,-0.245,0.264,0.056,23:35.2,124.5231589,-51.23828473
23:35.5,-0.366,0.244,0.08,23:35.5,124.492965,-51.34840045
23:35.7,-0.385,0.356,0.11,23:35.7,124.4556741,-51.45798829
23:35.9,-0.434,0.33,0.095,23:35.9,124.4102526,-51.56534658
23:36.2,-0.386,0.247,0.066,23:36.2,124.3688599,-51.6732901
23:36.4,-0.401,0.238,0.06,23:36.4,124.3316597,-51.75829644
23:36.6,-0.459,0.183,0.114,23:36.6,124.2878547,-51.86057821
23:36.9,-0.498,0.262,0.054,23:36.9,124.244145,-51.97185878
23:37.1,-0.428,0.327,0.093,23:37.1,124.2126867,-52.06399451
23:37.3,-0.337,0.275,0.056,23:37.3,124.1840199,-52.17831301
23:37.6,-0.435,0.419,0.063,23:37.6,124.1569143,-52.29408529
23:37.8,-0.465,0.453,0.07,23:37.8,124.1448301,-52.39101849
23:38.0,-0.43,0.412,0.084,23:38.0,124.1319105,-52.51372892
23:38.2,-0.411,0.224,0.03,23:38.2,124.1315221,-52.6204653
23:38.5,-0.351,0.438,0.031,23:38.5,124.1247089,-52.7719108
23:38.7,-0.371,0.453,0.025,23:38.7,124.1283122,-52.88496774
23:38.9,-0.317,0.319,0.006,23:38.9,124.1282472,-52.99157954
23:39.1,-0.336,0.381,0.023,23:39.1,124.1377017,-53.12971375
23:39.4,-0.328,0.418,0.034,23:39.4,124.1460698,-53.26512125
23:39.6,-0.328,0.223,-0.02,23:39.6,124.1556971,-53.39575613
23:39.8,-0.363,0.318,0.048,23:39.8,124.1592998,-53.49643606
23:40.1,-0.31,0.281,0.063,23:40.1,124.1628613,-53.61872215
23:40.3,-0.262,0.313,0.069,23:40.3,124.1647581,-53.74097771
23:40.5,-0.333,0.259,0.078,23:40.5,124.160973,-53.8321269
23:40.8,-0.425,0.317,0.084,23:40.8,124.1580456,-53.9651845
23:41.0,-0.254,0.293,0.132,23:41.0,124.1471444,-54.04419706
23:41.2,-0.371,0.26,0.093,23:41.2,124.1386724,-54.13944517
23:41.4,-0.354,0.236,0.104,23:41.4,124.1283928,-54.22281029
23:41.6,-0.427,0.295,0.085,23:41.6,124.1171178,-54.30292066
23:41.9,-0.303,0.296,0.057,23:41.9,124.1038133,-54.42890767
23:42.1,-0.252,0.44,0.033,23:42.1,124.0910519,-54.51596453
23:42.3,-0.5,0.361,0.068,23:42.3,124.0775343,-54.62617378
23:42.6,-0.472,0.277,0.038,23:42.5,124.068986,-54.7218187
23:42.8,-0.402,0.371,0.02,23:42.8,124.0633636,-54.84016724
23:43.0,-0.372,0.403,0.05,23:43.0,124.0652616,-54.96291272
23:43.3,-0.383,0.369,0.022,23:43.3,124.0671433,-55.09638875
23:43.5,-0.41,0.357,0.055,23:43.5,124.0771671,-55.20836251
23:43.7,-0.43,0.337,-0.015,23:43.7,124.0902967,-55.34887092
23:43.9,-0.353,0.386,0.068,23:43.9,124.1050651,-55.45653546
23:44.2,-0.365,0.362,0.053,23:44.2,124.1281901,-55.62209064
23:44.4,-0.215,0.421,0.141,23:44.4,124.1490808,-55.72541055
23:44.6,-0.236,0.333,0.102,23:44.6,124.17242,-55.85269821
23:44.8,-0.4,0.327,0.023,23:44.8,124.1912472,-55.94712083
23:45.1,-0.383,0.315,0.061,23:45.1,124.2136898,-56.05714842
23:45.3,-0.365,0.368,0.061,23:45.3,124.2325752,-56.1719812
23:45.5,-0.372,0.365,0.051,23:45.5,124.2414937,-56.26116301
23:45.8,-0.423,0.222,0.069,23:45.7,124.2537457,-56.3725135
23:46.0,-0.483,0.377,0.079,23:46.0,124.2614848,-56.45644692
23:46.2,-0.31,0.317,0.071,23:46.2,124.262913,-56.56357121
23:46.5,-0.385,0.192,0.056,23:46.4,124.2619866,-56.67805126
23:46.7,-0.423,0.44,0.079,23:46.7,124.259691,-56.79013624
23:46.9,-0.456,0.322,0.075,23:46.9,124.2571308,-56.90211092
23:47.1,-0.332,0.379,0.053,23:47.1,124.2547786,-56.99221297
23:47.3,-0.421,0.432,0.059,23:47.3,124.257081,-57.10800727
23:47.6,-0.253,0.388,0.032,23:47.6,124.2555865,-57.22957394
23:47.8,-0.484,0.293,0.005,23:47.8,124.2549287,-57.33203834
23:48.0,-0.442,0.371,0.021,23:48.0,124.2507105,-57.45877167
23:48.3,-0.366,0.428,0.061,23:48.2,124.2514675,-57.56967138
23:48.5,-0.406,0.384,0.067,23:48.5,124.2542363,-57.70150597
23:48.7,-0.401,0.438,0.049,23:48.7,124.2610341,-57.83265451
23:49.0,-0.218,0.409,0.091,23:48.9,124.2696571,-57.93329719
23:49.2,-0.262,0.374,0.052,23:49.2,124.2768861,-58.06360625
23:49.4,-0.33,0.46,0.049,23:49.4,124.2866348,-58.19452234
23:49.6,-0.312,0.369,0.13,23:49.6,124.2982162,-58.29576418
23:49.9,-0.328,0.356,0.088,23:49.9,124.3075868,-58.44651326
23:50.1,-0.401,0.361,0.032,23:50.1,124.3223663,-58.54826076
23:50.3,-0.371,0.391,0.044,23:50.3,124.3314004,-58.64657821
23:50.5,-0.401,0.286,0.02,23:50.5,124.3390221,-58.76875578
23:50.8,-0.393,0.482,0.093,23:50.7,124.346542,-58.86563825
23:51.0,-0.27,0.402,0.03,23:51.0,124.3488301,-59.00470591
23:51.2,-0.378,0.467,0.049,23:51.2,124.3517597,-59.10381538
23:51.4,-0.365,0.329,0.1,23:51.5,124.3528687,-59.21570473
23:51.7,-0.323,0.25,0.072,23:51.6,124.3539003,-59.3085952
23:51.9,-0.386,0.144,0.092,23:51.9,124.3494447,-59.42136708
23:52.1,-0.312,0.382,0.093,23:52.1,124.343272,-59.53491118
23:52.3,-0.139,0.267,0.104,23:52.3,124.3426039,-59.61869103
23:52.6,-0.304,0.257,0.077,23:52.6,124.3374139,-59.72070066
23:52.8,-0.212,0.251,0.076,23:52.8,124.3296162,-59.79659946
23:53.0,-0.162,0.245,0.079,23:53.0,124.3212125,-59.88223344
23:53.3,-0.167,0.272,0.068,23:53.3,124.3186709,-59.96417012
23:53.5,-0.255,0.137,0.054,23:53.5,124.3145537,-60.03968517
23:53.7,-0.205,0.265,0.076,23:53.7,124.313454,-60.10178928
23:53.9,-0.178,0.212,0.075,23:53.9,124.3130225,-60.17666368
23:54.2,-0.175,0.151,0.101,23:54.1,124.3143996,-60.22815682
23:54.4,-0.089,0.34,0.079,23:54.4,124.3173183,-60.31810949
23:54.6,-0.086,0.233,0.102,23:54.6,124.317896,-60.37484415
23:54.9,-0.291,0.215,0.083,23:54.9,124.3138837,-60.44270672
23:55.1,-0.092,0.322,0.033,23:55.1,124.3191568,-60.49313273
23:55.3,-0.034,0.151,0.059,23:55.3,124.3186651,-60.55326295
23:55.6,-0.07,0.114,0.061,23:55.5,124.3147388,-60.6143658
23:55.8,0.002,0.226,0.05,23:55.8,124.3088751,-60.66895057
23:56.0,-0.211,0.263,0.071,23:56.0,124.3059213,-60.71518169
23:56.2,-0.081,0.267,0.092,23:56.2,124.3002107,-60.76569989
23:56.4,-0.087,0.24,0.006,23:56.4,124.2933344,-60.81049416
23:56.7,-0.061,0.241,0.007,23:56.7,124.2800582,-60.87435635
23:56.9,-0.173,0.256,-0.006,23:56.9,124.2725471,-60.9117299
23:57.1,-0.198,0.229,0.08,23:57.2,124.2591222,-60.96318816
23:57.4,-0.201,0.213,0.003,23:57.4,124.2435019,-61.00512044
23:57.6,-0.173,0.34,0.004,23:57.6,124.2245518,-61.05512751
23:57.8,0.041,0.149,0.028,23:57.8,124.2050469,-61.10744955
23:58.1,-0.204,0.274,0.052,23:58.1,124.180927,-61.16106764
23:58.3,-0.171,0.161,0.028,23:58.3,124.1613194,-61.1980977
23:58.5,-0.034,0.209,0.048,23:58.5,124.1371738,-61.23694177
23:58.7,-0.171,0.245,0.071,23:58.7,124.1084682,-61.2767101
23:59.0,-0.108,0.109,-0.002,23:59.0,124.0810304,-61.32477001
23:59.2,-0.184,0.216,0.035,23:59.2,124.0531774,-61.36896234
23:59.4,-0.135,0.132,0.02,23:59.4,124.0286876,-61.40062798
23:59.6,-0.162,0.235,0.108,23:59.6,123.9975426,-61.43667832
23:59.9,-0.143,0.186,0.065,23:59.8,123.9689611,-61.46752113
24:00.1,-0.04,0.347,0.042,24:00.1,123.9283583,-61.51456546
24:00.3,-0.121,0.148,0.043,24:00.3,123.8935172,-61.53915035
24:00.6,-0.214,0.174,0.028,24:00.6,123.8514467,-61.5753425
24:00.8,-0.265,0.225,0.06,24:00.8,123.8119427,-61.60538745
24:01.0,-0.083,0.263,0.049,24:01.0,123.7674595,-61.64802963
24:01.3,-0.05,0.218,0.007,24:01.3,123.7267021,-61.68758573
24:01.5,-0.083,0.294,0.043,24:01.5,123.6982105,-61.72093525
24:01.7,-0.103,0.173,0.017,24:01.7,123.6567193,-61.76672064
24:01.9,-0.082,0.267,0.038,24:01.9,123.6120463,-61.80508812
24:02.1,-0.24,0.274,0.062,24:02.1,123.5762938,-61.83816207
24:02.4,-0.129,0.225,0.077,24:02.4,123.5252107,-61.87703586
24:02.6,-0.045,0.262,0.022,24:02.6,123.4929712,-61.90059301
24:02.8,-0.096,0.325,0.059,24:02.9,123.448144,-61.93780551
24:03.1,-0.056,0.153,0.056,24:03.1,123.4155456,-61.96436506
24:03.3,-0.13,0.27,0.038,24:03.3,123.3768688,-61.98402097
24:03.5,-0.029,0.121,0.024,24:03.5,123.3188299,-62.0183161
24:03.8,-0.168,0.242,0.047,24:03.7,123.2789914,-62.03531791
24:04.0,-0.124,0.23,-0.011,24:04.0,123.2246922,-62.05416603
24:04.2,-0.114,0.262,0.007,24:04.2,123.1737107,-62.0655161
24:04.4,-0.078,0.209,0.047,24:04.4,123.1179147,-62.07514716
24:04.7,-0.149,0.33,0.017,24:04.7,123.0579405,-62.08294418
24:04.9,-0.092,0.345,0.042,24:04.9,122.9978005,-62.09008911
24:05.1,-0.22,0.161,0.057,24:05.1,122.9483062,-62.09181004
24:05.3,-0.116,0.263,0.049,24:05.4,122.8901124,-62.09856865
24:05.6,-0.07,0.201,0.052,24:05.5,122.8399913,-62.10149292
24:05.8,-0.045,0.249,0.064,24:05.8,122.7714028,-62.10781796
24:06.0,-0.198,0.246,0.116,24:06.0,122.7286107,-62.11051024
24:06.3,-0.073,0.273,0.04,24:06.3,122.6781011,-62.11808557
24:06.5,-0.011,0.249,0.031,24:06.5,122.6352259,-62.12722625
24:06.7,-0.112,0.274,0.054,24:06.7,122.5969571,-62.13790395
24:07.0,-0.048,0.16,0.048,24:07.0,122.5572814,-62.15575531
24:07.2,0.035,0.187,-0.021,24:07.2,122.5350218,-62.16652405
24:07.4,0.109,0.167,0.076,24:07.4,122.5017199,-62.17466844
24:07.6,-0.041,0.213,0.007,24:07.6,122.478908,-62.18573773
24:07.8,-0.008,0.223,0.037,24:07.8,122.4551814,-62.20047666
24:08.1,0.031,0.23,-0.012,24:08.1,122.4250543,-62.20597895
24:08.3,-0.128,0.118,0.023,24:08.3,122.3952698,-62.20734787
24:08.5,0.029,0.117,0.025,24:08.6,122.3609852,-62.21073747
24:08.8,-0.205,0.099,-0.005,24:08.8,122.3317942,-62.20908951
24:09.0,-0.212,0.158,0.032,24:09.0,122.290407,-62.20146156
24:09.2,-0.028,0.21,0.01,24:09.2,122.2488877,-62.18810035
24:09.5,-0.339,0.118,-0.024,24:09.5,122.2131209,-62.16458172
24:09.7,-0.247,0.317,-0.019,24:09.7,122.1551228,-62.13825099
24:09.9,-0.12,0.181,-0.029,24:09.9,122.1060346,-62.11212208
24:10.1,-0.396,0.134,0.039,24:10.1,122.0508254,-62.08611661
24:10.4,-0.272,0.22,0.004,24:10.4,121.9956944,-62.063686
24:10.6,-0.213,0.315,0,24:10.6,121.9483164,-62.04481399
24:10.8,-0.241,0.171,0.033,24:10.8,121.9006172,-62.03306883
24:11.0,-0.214,0.169,0.025,24:11.1,121.8451692,-62.01912025
24:11.3,-0.257,0.079,0.058,24:11.3,121.8046985,-62.01331588
24:11.5,-0.265,0.174,0.058,24:11.5,121.7511943,-62.00591048
24:11.7,-0.149,0.311,0.041,24:11.7,121.7055676,-62.00570299
24:12.0,-0.043,0.235,0.028,24:11.9,121.6711226,-62.00710953
24:12.2,-0.252,0.173,0.053,24:12.2,121.6270913,-62.01227395
24:12.4,-0.053,0.227,0,24:12.4,121.5887106,-62.01903534
24:12.6,-0.074,0.129,0.018,24:12.7,121.5307538,-62.0222589
24:12.9,-0.153,0.276,-0.023,24:12.9,121.489094,-62.0235812
24:13.1,-0.215,0.137,-0.008,24:13.1,121.4474521,-62.02004262
24:13.3,-0.26,0.266,-0.024,24:13.3,121.399923,-62.01692148
24:13.5,-0.162,0.242,-0.015,24:13.5,121.3578154,-62.01251428
24:13.8,-0.303,0.267,-0.018,24:13.8,121.2915887,-62.00038504
24:14.0,-0.258,0.165,0.035,24:14.0,121.2289407,-61.98482439
24:14.2,-0.244,0.176,-0.039,24:14.2,121.1553282,-61.96677218
24:14.4,-0.3,0.261,0.023,24:14.4,121.0899275,-61.94798638
24:14.6,-0.333,0.326,-0.036,24:14.7,121.0047158,-61.9224372
24:14.9,-0.251,0.339,0.027,24:14.9,120.915946,-61.8935268
24:15.1,-0.318,0.25,0.001,24:15.1,120.8413096,-61.86963042
24:15.4,-0.283,0.437,0.043,24:15.4,120.7462343,-61.83601689
24:15.6,-0.357,0.225,0.054,24:15.6,120.6663645,-61.81133944
24:15.8,-0.361,0.402,0.081,24:15.8,120.5710138,-61.77749511
24:16.0,-0.401,0.221,0.093,24:16.0,120.462048,-61.74675724
24:16.3,-0.516,0.343,0.093,24:16.3,120.3636376,-61.72398407
24:16.5,-0.271,0.31,0.031,24:16.5,120.2561232,-61.70116169
24:16.7,-0.392,0.173,0.079,24:16.7,120.175519,-61.68744889
24:16.9,-0.35,0.184,0.059,24:16.9,120.0856493,-61.67186627
24:17.2,-0.387,0.309,0.068,24:17.2,119.9943535,-61.65785846
24:17.4,-0.326,0.334,0.001,24:17.4,119.9132151,-61.6531682
24:17.6,-0.412,0.288,-0.01,24:17.6,119.8228025,-61.64699139
24:17.9,-0.346,0.414,0.04,24:17.8,119.7508117,-61.65189561
24:18.1,-0.18,0.336,0.007,24:18.1,119.658118,-61.65848663
24:18.3,-0.388,0.438,-0.002,24:18.3,119.5614683,-61.66829285
24:18.5,-0.297,0.416,0.036,24:18.6,119.4624067,-61.67930227
24:18.8,-0.299,0.399,0,24:18.8,119.3806564,-61.69829809
24:19.0,-0.285,0.341,0.016,24:19.0,119.2778178,-61.71169544
24:19.2,-0.333,0.372,0.102,24:19.2,119.1811317,-61.72824239
24:19.5,-0.359,0.384,0.049,24:19.5,119.0484902,-61.74239195
24:19.7,-0.454,0.397,0.014,24:19.7,118.9412425,-61.75657518
24:19.9,-0.299,0.463,0.071,24:19.9,118.8128475,-61.76711658
24:20.1,-0.473,0.507,0.048,24:20.1,118.7062173,-61.76997149
24:20.4,-0.43,0.32,0.045,24:20.4,118.5739236,-61.77087605
24:20.6,-0.413,0.347,0.047,24:20.6,118.4430864,-61.76822456
24:20.8,-0.561,0.423,0.076,24:20.8,118.341487,-61.75246346
24:21.1,-0.49,0.394,0.03,24:21.1,118.217664,-61.74071484
24:21.3,-0.533,0.312,0.073,24:21.3,118.1097838,-61.72252807
24:21.5,-0.505,0.324,0.075,24:21.5,117.9809819,-61.70068204
24:21.7,-0.388,0.305,0.111,24:21.8,117.8295141,-61.66217708
24:22.0,-0.354,0.355,0.11,24:22.0,117.7231469,-61.65664579
24:22.2,-0.355,0.305,0.109,24:22.2,117.6224862,-61.63631917
24:22.4,-0.337,0.273,0.04,24:22.4,117.5052901,-61.62051514
24:22.6,-0.274,0.378,0.101,24:22.6,117.4140265,-61.60523283
24:22.9,-0.287,0.369,0.048,24:22.9,117.2753334,-61.59096047
24:23.1,-0.312,0.223,-0.008,24:23.1,117.1918496,-61.58768483
24:23.3,-0.335,0.403,0.026,24:23.3,117.0884782,-61.58935692
24:23.6,-0.323,0.408,0.015,24:23.5,117.0115714,-61.6053034
24:23.8,-0.282,0.442,0.058,24:23.8,116.9112765,-61.62373793
24:24.0,-0.337,0.487,0.004,24:24.0,116.8098937,-61.64360977
24:24.2,-0.335,0.35,0.054,24:24.2,116.7226143,-61.66615553
24:24.5,-0.321,0.443,0.021,24:24.5,116.611296,-61.69038912
24:24.7,-0.286,0.339,0.01,24:24.7,116.4987411,-61.71999865
24:24.9,-0.342,0.357,-0.022,24:24.9,116.4062104,-61.74852612
24:25.2,-0.373,0.588,0.019,24:25.2,116.2908793,-61.7705495
24:25.4,-0.337,0.347,-0.015,24:25.4,116.176302,-61.79366304
24:25.6,-0.325,0.48,-0.024,24:25.6,116.0797137,-61.8082793
24:25.8,-0.346,0.308,0.016,24:25.8,115.9633545,-61.8208091
24:26.0,-0.342,0.392,-0.023,24:26.0,115.8624694,-61.82430266
24:26.3,-0.355,0.257,0.094,24:26.3,115.7176486,-61.82461238
24:26.5,-0.536,0.233,0.029,24:26.5,115.6163342,-61.81216916
24:26.7,-0.237,0.303,0.074,24:26.7,115.4928567,-61.79581618
24:27.0,-0.406,0.17,0.041,24:27.0,115.3894401,-61.77258388
24:27.2,-0.373,0.243,0.108,24:27.1,115.289258,-61.7478178
24:27.4,-0.451,0.312,0.039,24:27.4,115.1352044,-61.71502756
24:27.6,-0.479,0.345,0.064,24:27.6,115.0376003,-61.68761434
24:27.9,-0.228,0.42,0.082,24:27.9,114.9141639,-61.65626038
24:28.1,-0.345,0.367,0.049,24:28.1,114.816432,-61.63360272
24:28.3,-0.411,0.454,0.04,24:28.3,114.6899342,-61.61936808
24:28.6,-0.354,0.436,0.021,24:28.6,114.5646854,-61.60137655
24:28.8,-0.293,0.408,0.009,24:28.8,114.4361352,-61.60017085
24:29.0,-0.404,0.413,0.042,24:29.0,114.3427427,-61.60669385
24:29.2,-0.305,0.501,0.024,24:29.3,114.2212401,-61.61487861
24:29.5,-0.359,0.449,0.058,24:29.4,114.1199952,-61.62924182
24:29.7,-0.276,0.509,0.009,24:29.7,113.9741495,-61.65133346
24:29.9,-0.4,0.355,0,24:29.9,113.8739808,-61.67944014
24:30.2,-0.362,0.491,0.005,24:30.2,113.7506968,-61.70269586
24:30.4,-0.37,0.536,0.064,24:30.4,113.6495748,-61.72446513
24:30.6,-0.28,0.512,0.033,24:30.6,113.5534652,-61.74155357
24:30.8,-0.35,0.361,0.063,24:30.8,113.403174,-61.76738213
24:31.1,-0.425,0.3,0.048,24:31.1,113.3096029,-61.77324248
24:31.3,-0.429,0.375,0.053,24:31.3,113.1936168,-61.77957619
24:31.5,-0.501,0.494,0.036,24:31.5,113.0785438,-61.77064039
24:31.7,-0.39,0.367,0.04,24:31.7,112.9854721,-61.76016311
24:32.0,-0.368,0.399,0.063,24:32.0,112.8679099,-61.74790163
24:32.2,-0.535,0.365,0.036,24:32.2,112.7553813,-61.72535742
24:32.4,-0.361,0.501,0.096,24:32.4,112.6613242,-61.70346766
24:32.6,-0.392,0.411,0.109,24:32.7,112.5468805,-61.68012842
24:32.9,-0.381,0.354,0.066,24:32.9,112.4473833,-61.65711098
24:33.1,-0.356,0.244,0.091,24:33.1,112.3305609,-61.63771714
24:33.3,-0.413,0.399,0.032,24:33.3,112.2081865,-61.62237522
24:33.6,-0.368,0.344,0.067,24:33.6,112.0825106,-61.61181436
24:33.8,-0.379,0.529,-0.005,24:33.8,111.9758534,-61.60091379
24:34.0,-0.352,0.451,0.028,24:34.0,111.8475142,-61.59551189
24:34.3,-0.398,0.372,0.03,24:34.3,111.721817,-61.59288494
24:34.5,-0.343,0.484,0.026,24:34.5,111.6163495,-61.5940304
24:34.7,-0.379,0.427,0.119,24:34.7,111.4869541,-61.59347673
24:34.9,-0.43,0.491,0.008,24:34.9,111.3852373,-61.59131848
24:35.1,-0.384,0.383,0.071,24:35.1,111.2601901,-61.60051395
24:35.4,-0.396,0.402,0.103,24:35.4,111.130231,-61.60278108
24:35.6,-0.373,0.444,0.054,24:35.6,110.994222,-61.60370487
24:35.8,-0.345,0.394,0.076,24:35.8,110.884319,-61.60478542
24:36.1,-0.304,0.33,0.03,24:36.1,110.7620771,-61.60378713
24:36.3,-0.444,0.442,0.057,24:36.3,110.6656914,-61.60023828
24:36.5,-0.444,0.459,0.067,24:36.6,110.520882,-61.59718612
24:36.8,-0.391,0.259,0.075,24:36.8,110.4202733,-61.59275527
24:37.0,-0.357,0.337,0.084,24:37.0,110.3265892,-61.59013626
24:37.2,-0.351,0.315,0.097,24:37.2,110.2044035,-61.58406297
24:37.4,-0.401,0.33,0.056,24:37.4,110.1004259,-61.57550148
24:37.7,-0.362,0.242,0.07,24:37.7,109.9552512,-61.56633662
24:37.9,-0.346,0.372,0.037,24:37.9,109.8611469,-61.56185171
24:38.1,-0.406,0.404,0.046,24:38.1,109.740143,-61.55301552
24:38.3,-0.314,0.354,0.059,24:38.3,109.6402573,-61.54663184
24:38.6,-0.412,0.496,0.085,24:38.6,109.5232398,-61.5384986
24:38.8,-0.363,0.456,0.079,24:38.8,109.4045778,-61.52733478
24:39.0,-0.288,0.399,0.154,24:39.0,109.2856488,-61.51765689
24:39.3,-0.225,0.404,0.069,24:39.2,109.1928467,-61.50946023
24:39.5,-0.462,0.45,0.105,24:39.5,109.0782289,-61.50273264
24:39.7,-0.411,0.302,0.044,24:39.7,108.9805558,-61.49774225
24:39.9,-0.457,0.429,0.045,24:40.0,108.8370443,-61.4878011
24:40.2,-0.398,0.367,0.082,24:40.2,108.7300119,-61.48120989
24:40.4,-0.298,0.391,0.005,24:40.4,108.6118944,-61.47594246
24:40.6,-0.323,0.347,0.078,24:40.6,108.513549,-61.4702663
24:40.8,-0.357,0.354,0.041,24:40.8,108.3900162,-61.4653101
24:41.1,-0.41,0.348,0,24:41.1,108.2659204,-61.46102861
24:41.3,-0.475,0.34,0.097,24:41.3,108.1668769,-61.45899295
24:41.5,-0.418,0.308,0.01,24:41.5,108.0526997,-61.45969737
24:41.8,-0.444,0.269,0.073,24:41.7,107.9582754,-61.46744083
24:42.0,-0.413,0.416,0.102,24:42.0,107.8415411,-61.46768416
24:42.2,-0.515,0.435,0.038,24:42.2,107.7209427,-61.46932692
24:42.4,-0.376,0.408,0.091,24:42.5,107.5969118,-61.46145517
24:42.7,-0.308,0.355,0.074,24:42.7,107.4965741,-61.45862543
24:42.9,-0.436,0.394,0.052,24:42.9,107.3722087,-61.45479134
24:43.1,-0.458,0.308,0.03,24:43.1,107.2708139,-61.45338838
24:43.4,-0.376,0.319,0.09,24:43.4,107.1195393,-61.44967936
24:43.6,-0.325,0.366,0.052,24:43.6,107.0164833,-61.44594018
24:43.8,-0.447,0.342,0.038,24:43.8,106.8917767,-61.44481989
24:44.0,-0.419,0.264,0.055,24:44.0,106.7821642,-61.43908809
24:44.2,-0.38,0.401,0.039,24:44.3,106.6485256,-61.42891971
24:44.5,-0.498,0.406,0.07,24:44.5,106.5128766,-61.41698316
24:44.7,-0.419,0.339,0.033,24:44.7,106.4075461,-61.40991604
24:45.0,-0.424,0.336,0.074,24:44.9,106.2786527,-61.40221872
24:45.2,-0.414,0.401,0.077,24:45.2,106.1523488,-61.39907032
24:45.4,-0.377,0.444,0.043,24:45.4,106.0457492,-61.394986
24:45.6,-0.358,0.327,0.052,24:45.6,105.9272578,-61.39145298
24:45.9,-0.419,0.312,0.053,24:45.9,105.8079551,-61.39169106
24:46.1,-0.369,0.378,-0.001,24:46.1,105.6921305,-61.39382388
24:46.3,-0.348,0.394,0.064,24:46.3,105.6058012,-61.39153989
24:46.5,-0.375,0.456,0.032,24:46.5,105.5151975,-61.39135858
24:46.8,-0.366,0.313,0.046,24:46.8,105.3763771,-61.40311675
24:47.0,-0.437,0.369,0.07,24:47.0,105.2856149,-61.41104159
24:47.2,-0.519,0.343,-0.016,24:47.2,105.1760246,-61.42102182
24:47.4,-0.32,0.383,0.037,24:47.4,105.0760839,-61.4274339
24:47.7,-0.43,0.419,0.049,24:47.7,104.9609041,-61.4366048
24:47.9,-0.37,0.519,0.108,24:47.9,104.8412224,-61.44299432
24:48.1,-0.437,0.492,0.055,24:48.1,104.7382254,-61.4493786
24:48.4,-0.39,0.419,0.095,24:48.4,104.6086498,-61.45079057
24:48.6,-0.317,0.539,0.047,24:48.6,104.5110163,-61.45507412
24:48.8,-0.324,0.355,0.031,24:48.8,104.3782567,-61.45476132
24:49.1,-0.371,0.409,0.071,24:49.0,104.2480379,-61.44913799
24:49.3,-0.333,0.436,0.016,24:49.3,104.1154618,-61.43425138
24:49.5,-0.526,0.349,0.073,24:49.5,104.0070069,-61.42214458
24:49.7,-0.363,0.35,0.088,24:49.7,103.8819179,-61.40387316
24:49.9,-0.437,0.347,0.063,24:49.9,103.7761689,-61.38160537
24:50.2,-0.388,0.431,0.073,24:50.2,103.617961,-61.35975785
24:50.4,-0.473,0.331,0.058,24:50.4,103.5193057,-61.34691232
24:50.6,-0.337,0.435,0.024,24:50.6,103.3978337,-61.33274383
24:50.9,-0.318,0.444,0.015,24:50.8,103.2991144,-61.32559066
24:51.1,-0.413,0.405,0.048,24:51.1,103.1826702,-61.31714639
24:51.3,-0.387,0.312,0.02,24:51.3,103.0640498,-61.31126188
24:51.6,-0.384,0.381,0.034,24:51.5,102.9767517,-61.31204193
24:51.8,-0.326,0.381,0.079,24:51.8,102.8709965,-61.31274754
24:52.0,-0.424,0.37,0.046,24:52.0,102.7653694,-61.31662539
24:52.2,-0.206,0.382,0.073,24:52.2,102.6785696,-61.33160942
24:52.5,-0.248,0.45,0.012,24:52.5,102.544634,-61.34695541
24:52.7,-0.173,0.365,0.125,24:52.7,102.4532818,-61.36145159
24:52.9,-0.323,0.468,0.065,24:52.9,102.3363232,-61.37751902
24:53.1,-0.294,0.328,0.049,24:53.1,102.2392725,-61.3875533
24:53.4,-0.419,0.378,0.091,24:53.3,102.1448455,-61.39778003
24:53.6,-0.425,0.439,0.066,24:53.6,102.0024896,-61.40586115
24:53.8,-0.371,0.46,0.087,24:53.8,101.9003627,-61.40414183
24:54.1,-0.396,0.46,0.082,24:54.1,101.7718769,-61.40090611
24:54.3,-0.387,0.476,0.065,24:54.3,101.6735593,-61.39279504
24:54.5,-0.432,0.408,0.1,24:54.5,101.543619,-61.38047867
24:54.8,-0.296,0.294,0.055,24:54.7,101.4091015,-61.36151191
24:55.0,-0.493,0.394,0.046,24:55.0,101.2748068,-61.34268223
24:55.2,-0.52,0.399,0.073,24:55.2,101.1675792,-61.32591838
24:55.4,-0.383,0.417,-0.005,24:55.4,101.0304181,-61.30892763
24:55.6,-0.452,0.483,0.022,24:55.6,100.9179177,-61.28811945
24:55.9,-0.402,0.444,0.079,24:55.9,100.7613296,-61.26722006
24:56.1,-0.485,0.329,0.049,24:56.1,100.6508762,-61.25063448
24:56.3,-0.483,0.376,0.068,24:56.4,100.5220974,-61.23689332
24:56.6,-0.382,0.258,0.072,24:56.6,100.4214165,-61.23473755
24:56.8,-0.378,0.348,0.05,24:56.8,100.2978442,-61.23112019
24:57.0,-0.485,0.289,0.025,24:57.0,100.1806209,-61.23284487
24:57.3,-0.366,0.353,0.048,24:57.2,100.095993,-61.23881516
24:57.5,-0.334,0.389,0.082,24:57.5,99.98549369,-61.2442143
24:57.7,-0.38,0.296,0.034,24:57.7,99.90672951,-61.24892444
24:57.9,-0.308,0.272,0.092,24:57.9,99.7993791,-61.24807161
24:58.2,-0.294,0.318,0.054,24:58.2,99.69139837,-61.25129362
24:58.4,-0.481,0.467,0.047,24:58.4,99.58657076,-61.25573061
24:58.6,-0.252,0.355,0.038,24:58.6,99.49906827,-61.26139612
24:58.8,-0.321,0.364,0.063,24:58.8,99.39362859,-61.26952332
24:59.0,-0.421,0.342,0.073,24:59.0,99.30431666,-61.27569275
24:59.3,-0.302,0.462,0.002,24:59.3,99.16487067,-61.28077908
24:59.5,-0.362,0.343,0.026,24:59.5,99.06587615,-61.28763273
24:59.8,-0.32,0.327,0.042,24:59.8,98.94471682,-61.28621044
25:00.0,-0.398,0.377,0.005,25:00.0,98.84843326,-61.28942088
25:00.2,-0.304,0.475,0.026,25:00.2,98.72066036,-61.28459398
25:00.4,-0.364,0.37,0.062,25:00.4,98.59796828,-61.28183771
25:00.7,-0.599,0.408,0.045,25:00.7,98.491897,-61.28005161
25:00.9,-0.405,0.45,0.052,25:00.9,98.36090913,-61.27488271
25:01.1,-0.394,0.35,0.058,25:01.1,98.2535909,-61.26770432
25:01.3,-0.301,0.468,0.07,25:01.3,98.12254754,-61.25953697
25:01.6,-0.273,0.288,0.098,25:01.6,97.99520246,-61.24865198
25:01.8,-0.401,0.372,0.062,25:01.8,97.86288796,-61.22966537
25:02.0,-0.347,0.109,0.094,25:02.0,97.7383863,-61.21105462
25:02.3,-0.497,0.436,0.038,25:02.3,97.63421244,-61.19344117
25:02.5,-0.318,0.328,0.08,25:02.5,97.53517731,-61.17881198
25:02.7,-0.425,0.383,0.032,25:02.7,97.39289627,-61.15598882
25:02.9,-0.414,0.3,0.051,25:02.9,97.29827283,-61.14023854
25:03.2,-0.334,0.347,0.048,25:03.2,97.18375293,-61.12623359
25:03.4,-0.372,0.271,0.098,25:03.4,97.08899811,-61.119499
25:03.6,-0.251,0.269,0.02,25:03.6,96.98516553,-61.1094374
25:03.9,-0.388,0.366,0.027,25:03.9,96.87427337,-61.10424902
25:04.1,-0.307,0.302,0.009,25:04.1,96.77272299,-61.10297909
25:04.3,-0.177,0.249,0.046,25:04.3,96.69721055,-61.11256353
25:04.5,-0.253,0.318,0.004,25:04.5,96.59345552,-61.1254316
25:04.7,-0.317,0.441,0.077,25:04.7,96.50661092,-61.13922864
25:05.0,-0.426,0.49,0.021,25:05.0,96.39949705,-61.15632469
25:05.2,-0.326,0.366,0.025,25:05.2,96.28678675,-61.1728773
25:05.5,-0.434,0.353,0.078,25:05.5,96.17157495,-61.19061027
25:05.7,-0.326,0.387,0.055,25:05.7,96.06640937,-61.20307837
25:05.9,-0.304,0.404,0.021,25:05.9,95.95906696,-61.22094383
25:06.1,-0.341,0.43,0.053,25:06.1,95.80652875,-61.23077747
25:06.4,-0.374,0.362,0.09,25:06.3,95.70209987,-61.23750622
25:06.6,-0.521,0.302,0.033,25:06.6,95.56834771,-61.23985178
25:06.8,-0.384,0.345,0.078,25:06.8,95.46383248,-61.23030101
25:07.0,-0.47,0.269,0.068,25:07.0,95.3330932,-61.22015145
25:07.3,-0.407,0.439,0.016,25:07.3,95.20158783,-61.20591586
25:07.5,-0.511,0.327,0.062,25:07.5,95.07117728,-61.19033206
25:07.7,-0.385,0.251,0.065,25:07.7,94.97482219,-61.16546122
25:07.9,-0.478,0.236,0.107,25:08.0,94.85087506,-61.14155517
25:08.2,-0.483,0.269,0.054,25:08.2,94.7463111,-61.11362073
25:08.4,-0.483,0.384,0.085,25:08.4,94.59421917,-61.08717569
25:08.6,-0.446,0.332,0.046,25:08.6,94.49453705,-61.06531524
25:08.9,-0.307,0.393,0.036,25:08.9,94.37576067,-61.04659978
25:09.1,-0.396,0.423,0.012,25:09.1,94.27594424,-61.0318166
25:09.3,-0.349,0.355,0.019,25:09.3,94.18539856,-61.02254189
25:09.6,-0.495,0.369,0.028,25:09.6,94.04811077,-61.01441725
25:09.8,-0.293,0.463,-0.053,25:09.8,93.95972078,-61.01595864
25:10.0,-0.366,0.434,-0.008,25:10.0,93.85134074,-61.02115071
25:10.2,-0.345,0.475,0.024,25:10.2,93.76253672,-61.03843044
25:10.4,-0.481,0.441,0.017,25:10.4,93.65564638,-61.05549336
25:10.7,-0.293,0.411,0.044,25:10.7,93.52458141,-61.09033028
25:10.9,-0.282,0.371,0.085,25:10.9,93.43299282,-61.09219145
25:11.2,-0.32,0.42,0.042,25:11.2,93.32139614,-61.11023048
25:11.4,-0.355,0.338,0,25:11.4,93.22477459,-61.12930033
25:11.6,-0.325,0.494,0.069,25:11.6,93.10560254,-61.14357951
25:11.8,-0.405,0.424,0.013,25:11.9,92.98582328,-61.15635704
25:12.1,-0.335,0.479,0.067,25:12.1,92.89189377,-61.16140837
25:12.3,-0.498,0.363,-0.002,25:12.3,92.79991086,-61.15953866
25:12.5,-0.362,0.296,0.029,25:12.5,92.67865709,-61.16082733
25:12.7,-0.469,0.24,0.061,25:12.7,92.55172971,-61.15471729
25:13.0,-0.378,0.413,0.079,25:13.0,92.41973006,-61.14933798
25:13.2,-0.312,0.239,0.056,25:13.2,92.29843615,-61.12740266
25:13.4,-0.508,0.256,0.033,25:13.4,92.18204637,-61.10947495
25:13.6,-0.365,0.323,0.069,25:13.6,92.07138496,-61.10605005
25:13.9,-0.442,0.399,0.041,25:13.8,91.96515007,-61.08597092
25:14.1,-0.395,0.411,0.076,25:14.1,91.81567484,-61.05094713
25:14.3,-0.43,0.38,0.006,25:14.3,91.71022047,-61.0428778
25:14.6,-0.423,0.465,0.019,25:14.5,91.60418666,-61.02657031
25:14.8,-0.31,0.459,0.032,25:14.8,91.48076203,-61.01200662
25:15.0,-0.463,0.409,-0.023,25:15.0,91.37808034,-61.00320211
25:15.3,-0.375,0.419,0.041,25:15.3,91.22953757,-60.99334824
25:15.5,-0.338,0.419,0.026,25:15.5,91.12597137,-60.99175236
25:15.7,-0.346,0.362,0.042,25:15.7,91.00633672,-60.98474006
25:15.9,-0.484,0.435,0.031,25:15.9,90.90866334,-60.98798615
25:16.1,-0.362,0.477,0.062,25:16.2,90.7900338,-60.99265667
25:16.4,-0.32,0.317,0.128,25:16.4,90.67288845,-60.99986799
25:16.6,-0.393,0.363,0.05,25:16.6,90.5866589,-61.00069358
25:16.8,-0.329,0.299,0.06,25:16.8,90.47400748,-61.00964905
25:17.1,-0.398,0.438,0.007,25:17.1,90.35577569,-61.01714098
25:17.3,-0.407,0.439,0.08,25:17.3,90.26666948,-61.01881832
25:17.5,-0.395,0.393,0.031,25:17.5,90.14860225,-61.02265505
25:17.8,-0.428,0.347,0.043,25:17.8,90.03129853,-61.02044898
25:18.0,-0.314,0.388,0.088,25:18.0,89.90942797,-61.01852196
25:18.2,-0.392,0.409,0.078,25:18.2,89.81400784,-61.01154512
25:18.4,-0.36,0.347,0.065,25:18.4,89.72281895,-61.0090218
25:18.7,-0.421,0.296,0.051,25:18.7,89.57846678,-60.99808886
25:18.9,-0.426,0.432,0.039,25:18.9,89.4765846,-60.99125327
25:19.1,-0.427,0.242,0.044,25:19.1,89.35249816,-60.97856122
25:19.3,-0.452,0.336,0.095,25:19.3,89.2529086,-60.97442444
25:19.6,-0.423,0.419,0.032,25:19.6,89.13194544,-60.96385564
25:19.8,-0.264,0.351,0.078,25:19.8,89.00300149,-60.95164693
25:20.0,-0.498,0.238,0.065,25:20.0,88.87150085,-60.94157502
25:20.3,-0.557,0.417,0.149,25:20.2,88.7671247,-60.93571101
25:20.5,-0.353,0.407,0.076,25:20.5,88.64328783,-60.92960713
25:20.7,-0.516,0.349,0.09,25:20.7,88.53946423,-60.9239493
25:21.0,-0.476,0.428,0.077,25:21.0,88.37479166,-60.92475493
25:21.2,-0.314,0.41,0.035,25:21.2,88.26775326,-60.92878055
25:21.4,-0.553,0.447,0.064,25:21.4,88.13259498,-60.92822672
25:21.6,-0.46,0.455,0.069,25:21.6,88.02353504,-60.92776929
25:21.8,-0.413,0.392,0.031,25:21.8,87.91870551,-60.9291815
25:22.1,-0.509,0.303,0.078,25:22.1,87.75884791,-60.92613094
25:22.3,-0.404,0.4,0.014,25:22.3,87.62199097,-60.91941086
25:22.5,-0.376,0.39,0.049,25:22.5,87.52134601,-60.91854708
25:22.8,-0.304,0.391,0.052,25:22.7,87.41924383,-60.91094335
25:23.0,-0.478,0.377,0.059,25:23.0,87.29265982,-60.9099911
25:23.2,-0.481,0.342,0.081,25:23.2,87.16128423,-60.90412771
25:23.5,-0.501,0.397,0.079,25:23.5,87.03657026,-60.89789071
25:23.7,-0.403,0.371,0.028,25:23.7,86.93863652,-60.8939994
25:23.9,-0.436,0.42,0.053,25:23.9,86.80408485,-60.88644709
25:24.1,-0.381,0.384,0.012,25:24.1,86.70043151,-60.88212381
25:24.4,-0.389,0.313,0.039,25:24.4,86.54865385,-60.87369352
25:24.6,-0.426,0.425,0.047,25:24.6,86.45017239,-60.87044197
25:24.8,-0.332,0.349,0.067,25:24.8,86.32920419,-60.86595408
25:25.0,-0.335,0.462,0.047,25:25.0,86.23745826,-60.86708814
25:25.3,-0.426,0.306,0.056,25:25.3,86.12155382,-60.86791181
25:25.5,-0.387,0.491,0.055,25:25.5,85.99575677,-60.86892818
25:25.7,-0.395,0.451,0.045,25:25.7,85.90335019,-60.87007823
25:26.0,-0.315,0.49,0.12,25:26.0,85.7841799,-60.87311984
25:26.2,-0.353,0.353,0.098,25:26.2,85.66208436,-60.88015628
25:26.4,-0.487,0.521,0.055,25:26.4,85.56125601,-60.88602501
25:26.7,-0.436,0.319,0.052,25:26.7,85.41001924,-60.88782305
25:26.9,-0.41,0.405,0.062,25:26.9,85.31310392,-60.89343047
25:27.1,-0.354,0.436,0.016,25:27.1,85.18332074,-60.8916672
25:27.3,-0.501,0.327,0.052,25:27.3,85.07899387,-60.88001541
25:27.5,-0.482,0.397,0.054,25:27.5,84.97938693,-60.87330914
25:27.8,-0.367,0.408,0.057,25:27.8,84.82113459,-60.85936478
25:28.0,-0.333,0.315,0.079,25:28.0,84.71545081,-60.8452364
25:28.2,-0.367,0.415,0.03,25:28.2,84.59346815,-60.82922467
25:28.5,-0.476,0.327,0.061,25:28.4,84.49329877,-60.81867724
25:28.7,-0.39,0.366,0.06,25:28.7,84.37039293,-60.80108321
25:28.9,-0.34,0.463,0.023,25:29.0,84.23378872,-60.79211904
25:29.2,-0.343,0.417,0.071,25:29.2,84.1327415,-60.78527808
25:29.4,-0.454,0.384,0.04,25:29.4,84.03609746,-60.77799948
25:29.6,-0.343,0.388,0.012,25:29.6,83.92068148,-60.77878665
25:29.8,-0.261,0.408,0.016,25:29.8,83.83780196,-60.77883092
25:30.1,-0.387,0.382,0.048,25:30.1,83.7078633,-60.77974401
25:30.3,-0.349,0.528,0.034,25:30.3,83.61510832,-60.78586512
25:30.5,-0.356,0.341,0.004,25:30.5,83.4969277,-60.78917977
25:30.7,-0.34,0.368,0.04,25:30.7,83.39942176,-60.79517161
25:31.0,-0.432,0.313,0.045,25:31.0,83.28296614,-60.80099416
25:31.2,-0.412,0.455,0.067,25:31.2,83.15424827,-60.80337629
25:31.4,-0.333,0.439,0.041,25:31.4,83.05215361,-60.81077072
25:31.7,-0.421,0.453,0.055,25:31.7,82.93264136,-60.81241723
25:31.9,-0.492,0.37,0.084,25:31.9,82.83252544,-60.81689763
25:32.1,-0.322,0.381,0.037,25:32.1,82.7010981,-60.81207239
25:32.4,-0.407,0.437,0.041,25:32.3,82.57482429,-60.80299562
25:32.6,-0.375,0.291,0.024,25:32.6,82.44408806,-60.79274981
25:32.8,-0.317,0.417,0.041,25:32.8,82.34017653,-60.78381815
25:33.0,-0.461,0.422,0.053,25:33.0,82.20856146,-60.77690483
25:33.2,-0.413,0.24,0.076,25:33.2,82.10258831,-60.7690235
25:33.5,-0.375,0.305,0.072,25:33.5,81.95518004,-60.7643892
25:33.7,-0.512,0.414,0.095,25:33.7,81.85294413,-60.7549106
25:33.9,-0.481,0.328,0.073,25:33.9,81.74446156,-60.74742308
25:34.1,-0.376,0.413,0.02,25:34.1,81.61847472,-60.74192784
25:34.4,-0.38,0.472,0.039,25:34.4,81.52208405,-60.73735101
25:34.6,-0.314,0.383,0.018,25:34.6,81.36899605,-60.73075301
25:34.8,-0.393,0.44,0.066,25:34.8,81.26639648,-60.73529581
25:35.1,-0.433,0.431,0.027,25:35.1,81.1482292,-60.73947743
25:35.3,-0.457,0.358,0.106,25:35.3,81.05096023,-60.74653738
25:35.5,-0.391,0.368,0.076,25:35.5,80.93011917,-60.75376775
25:35.8,-0.363,0.345,0.055,25:35.8,80.78569245,-60.76111495
25:36.0,-0.349,0.356,0.058,25:36.0,80.68564055,-60.76025611
25:36.2,-0.377,0.344,0.059,25:36.2,80.56517311,-60.7541
25:36.4,-0.379,0.399,0.056,25:36.4,80.47022183,-60.74913583
25:36.6,-0.404,0.387,0.042,25:36.6,80.37147386,-60.74544447
25:36.9,-0.471,0.308,0.095,25:36.9,80.22581305,-60.74375359
25:37.1,-0.434,0.261,0.025,25:37.1,80.13157242,-60.73873668
25:37.3,-0.419,0.344,0.056,25:37.4,80.01715039,-60.72847836
25:37.6,-0.558,0.319,0.036,25:37.6,79.92385477,-60.7148359
25:37.8,-0.416,0.443,0.095,25:37.8,79.80465391,-60.707108
25:38.0,-0.369,0.363,0.05,25:38.0,79.68648247,-60.70298088
25:38.3,-0.276,0.324,0.021,25:38.2,79.59076872,-60.6978861
25:38.5,-0.333,0.524,0.062,25:38.5,79.47404153,-60.69624812
25:38.7,-0.256,0.351,0.064,25:38.7,79.36603702,-60.69893126
25:38.9,-0.321,0.333,0.073,25:38.9,79.27650422,-60.69823584
25:39.2,-0.456,0.439,0.028,25:39.2,79.13854614,-60.70062403
25:39.4,-0.396,0.426,0.06,25:39.4,79.04196577,-60.70954627
25:39.6,-0.377,0.435,0.018,25:39.6,78.9120327,-60.71713942
25:39.8,-0.414,0.4,0.033,25:39.8,78.80410512,-60.72177615
25:40.1,-0.437,0.537,0.022,25:40.0,78.70060651,-60.72813348
25:40.3,-0.287,0.411,0.032,25:40.3,78.54345186,-60.72937246
25:40.5,-0.456,0.506,0.055,25:40.5,78.43309707,-60.72913948
25:40.8,-0.475,0.263,0.057,25:40.7,78.31851069,-60.71896901
25:41.0,-0.482,0.408,0.097,25:41.0,78.18735042,-60.70925287
25:41.2,-0.457,0.296,0.093,25:41.2,78.05785445,-60.69550672
25:41.4,-0.487,0.428,0.053,25:41.4,77.93196143,-60.68253951
25:41.7,-0.401,0.396,0.009,25:41.7,77.83054671,-60.66657125
25:41.9,-0.464,0.263,0.007,25:41.9,77.70902939,-60.6525752
25:42.1,-0.391,0.383,0.055,25:42.1,77.61430103,-60.63525595
25:42.3,-0.493,0.497,0.027,25:42.3,77.49514844,-60.6208373
25:42.6,-0.391,0.421,0.043,25:42.6,77.38228034,-60.61243652
25:42.8,-0.509,0.35,0.06,25:42.8,77.26377825,-60.60006965
25:43.0,-0.413,0.346,0.026,25:43.0,77.16857058,-60.59743535
25:43.2,-0.29,0.451,0.014,25:43.3,77.05887995,-60.59383673
25:43.5,-0.403,0.438,0.031,25:43.5,76.96707092,-60.59977249
25:43.7,-0.316,0.431,0.03,25:43.7,76.82747135,-60.60440478
25:44.0,-0.351,0.343,0.103,25:43.9,76.73953817,-60.61448123
25:44.2,-0.316,0.447,0.087,25:44.1,76.64667058,-60.62601942
25:44.4,-0.405,0.48,0.047,25:44.4,76.52971869,-60.62943536
25:44.6,-0.443,0.387,0.027,25:44.6,76.43225504,-60.6366477
25:44.9,-0.368,0.272,0.08,25:44.9,76.2925413,-60.64020171
25:45.1,-0.243,0.398,0.065,25:45.1,76.19808453,-60.64225135
25:45.3,-0.351,0.44,0.061,25:45.3,76.0815875,-60.64195978
25:45.5,-0.347,0.417,0.052,25:45.5,75.95981089,-60.63575899
25:45.7,-0.299,0.218,0.063,25:45.8,75.86499169,-60.62806897
25:46.0,-0.376,0.39,0.043,25:46.0,75.71988755,-60.60730407
25:46.2,-0.411,0.334,0.06,25:46.2,75.62017791,-60.60452189
25:46.4,-0.34,0.369,0.076,25:46.4,75.52154028,-60.59202937
25:46.7,-0.394,0.42,0.088,25:46.7,75.4014126,-60.57878524
25:46.9,-0.344,0.435,0.073,25:46.9,75.30421925,-60.56304611
25:47.1,-0.323,0.332,0.052,25:47.2,75.15188008,-60.54828208
25:47.4,-0.405,0.454,0.109,25:47.4,75.04361075,-60.5328248
25:47.6,-0.488,0.387,0.044,25:47.6,74.9176457,-60.52387387
25:47.8,-0.5,0.418,0.075,25:47.8,74.81742599,-60.5206167
25:48.0,-0.417,0.391,0.092,25:48.0,74.69214811,-60.51990416
25:48.3,-0.472,0.309,0.082,25:48.3,74.57054035,-60.52023264
25:48.5,-0.313,0.404,0.018,25:48.5,74.47419372,-60.52018145
25:48.7,-0.346,0.422,0.031,25:48.7,74.35562073,-60.52637597
25:48.9,-0.35,0.548,0.026,25:48.9,74.25947932,-60.53350446
25:49.1,-0.312,0.396,0.095,25:49.2,74.14965879,-60.54130076
25:49.4,-0.237,0.349,0.071,25:49.4,74.03063409,-60.54737036
25:49.6,-0.356,0.332,0.062,25:49.6,73.93566491,-60.55413622
25:49.8,-0.371,0.296,0.076,25:49.8,73.84997184,-60.56133203
25:50.0,-0.318,0.481,0.022,25:50.0,73.74227501,-60.57143632
25:50.3,-0.228,0.423,0.043,25:50.3,73.62710069,-60.57766903
25:50.5,-0.34,0.349,0.037,25:50.5,73.53496074,-60.58317359
25:50.7,-0.338,0.483,0.08,25:50.7,73.41200512,-60.58724299
25:50.9,-0.407,0.321,0.037,25:50.9,73.32368666,-60.58749998
25:51.2,-0.373,0.314,0.089,25:51.2,73.21142005,-60.58977544
25:51.4,-0.496,0.397,0.072,25:51.4,73.09229443,-60.58723797
25:51.6,-0.425,0.318,0.02,25:51.6,72.99082259,-60.58679101
25:51.8,-0.529,0.349,0.084,25:51.8,72.86849514,-60.58553931
25:52.0,-0.48,0.412,0,25:52.0,72.76829479,-60.57676241
25:52.3,-0.431,0.424,0.051,25:52.2,72.66957251,-60.56453346
25:52.5,-0.392,0.407,0.061,25:52.5,72.54636893,-60.55562881
25:52.7,-0.448,0.453,0.079,25:52.7,72.42523429,-60.54588976
25:52.9,-0.438,0.432,0.067,25:52.9,72.32471002,-60.54143936
25:53.2,-0.381,0.409,0.077,25:53.2,72.1994611,-60.53115279
25:53.4,-0.357,0.474,0.036,25:53.4,72.09340636,-60.51849235
25:53.6,-0.313,0.397,0.014,25:53.6,71.96920097,-60.51048935
25:53.8,-0.437,0.358,0.111,25:53.8,71.84273043,-60.50344132
25:54.0,-0.346,0.498,0.04,25:54.0,71.74083327,-60.50393186
25:54.3,-0.337,0.462,0.031,25:54.3,71.5952672,-60.5025847
25:54.5,-0.255,0.45,0.071,25:54.5,71.49381777,-60.50302302
25:54.7,-0.38,0.304,0.051,25:54.8,71.37057803,-60.50480736
25:55.0,-0.35,0.579,0,25:55.0,71.28114718,-60.50988339
25:55.2,-0.329,0.42,0.069,25:55.2,71.18748341,-60.51461336
25:55.4,-0.339,0.436,0.067,25:55.4,71.05131974,-60.520648
25:55.7,-0.398,0.266,0.094,25:55.7,70.9582706,-60.52646465
25:55.9,-0.398,0.326,0.117,25:55.9,70.84493951,-60.52624005
25:56.1,-0.402,0.357,0.107,25:56.1,70.73611974,-60.5230709
25:56.3,-0.24,0.376,0.043,25:56.3,70.64118795,-60.51447722
25:56.6,-0.406,0.336,0.086,25:56.6,70.52850933,-60.50569938
25:56.8,-0.383,0.393,0.021,25:56.8,70.41724937,-60.48807884
25:57.0,-0.31,0.301,0.057,25:57.0,70.325939,-60.47778524
25:57.2,-0.455,0.404,0.033,25:57.3,70.20623444,-60.46288261
25:57.5,-0.391,0.308,0.048,25:57.5,70.10922698,-60.4498087
25:57.7,-0.376,0.396,0.055,25:57.7,69.96649382,-60.4344811
25:57.9,-0.341,0.38,0.096,25:57.9,69.86632477,-60.42649788
25:58.2,-0.539,0.342,0.057,25:58.1,69.76987946,-60.42695932
25:58.4,-0.404,0.497,0.073,25:58.4,69.63963924,-60.41719164
25:58.6,-0.32,0.368,0.03,25:58.6,69.53735565,-60.41637948
25:58.8,-0.408,0.402,0.086,25:58.9,69.3870893,-60.42155933
25:59.1,-0.402,0.385,0.073,25:59.1,69.28245282,-60.42811151
25:59.3,-0.449,0.382,0.038,25:59.3,69.14446673,-60.42946445
25:59.5,-0.355,0.425,0.011,25:59.5,69.02625312,-60.43727873
25:59.7,-0.5,0.375,0.022,25:59.7,68.88642451,-60.43979902
26:00.0,-0.508,0.366,0.05,26:00.0,68.74619673,-60.4406368
26:00.2,-0.501,0.38,0.068,26:00.2,68.6322461,-60.44404614
26:00.4,-0.551,0.413,0.026,26:00.4,68.51345121,-60.43723866
26:00.6,-0.422,0.385,0.047,26:00.6,68.40109937,-60.42690951
26:00.8,-0.394,0.42,0.038,26:00.8,68.26628351,-60.41346001
26:01.1,-0.464,0.375,0.078,26:01.1,68.12883639,-60.39410347
26:01.3,-0.533,0.396,0.063,26:01.3,67.9978524,-60.3770374
26:01.5,-0.428,0.37,0.087,26:01.5,67.8967321,-60.35735444
26:01.7,-0.384,0.371,0.042,26:01.7,67.78585001,-60.34436662
26:01.9,-0.415,0.326,0.026,26:01.9,67.69065042,-60.3282118
26:02.2,-0.393,0.332,0.058,26:02.2,67.57470967,-60.30869517
26:02.4,-0.343,0.424,0.013,26:02.4,67.46709255,-60.29844032
26:02.6,-0.265,0.37,0.076,26:02.6,67.38479629,-60.29210358
26:02.9,-0.337,0.395,0.072,26:02.9,67.27639099,-60.2860243
26:03.1,-0.37,0.392,0.036,26:03.1,67.19312602,-60.28188743
26:03.3,-0.299,0.412,0.055,26:03.3,67.08927978,-60.28337479
26:03.6,-0.272,0.363,0.074,26:03.5,66.98053008,-60.28893856
26:03.8,-0.349,0.342,0.052,26:03.7,66.89486498,-60.29607985
26:04.0,-0.262,0.385,0.009,26:04.0,66.79186333,-60.30578945
26:04.2,-0.264,0.321,0.017,26:04.2,66.68382752,-60.31156704
26:04.4,-0.334,0.283,0.054,26:04.4,66.59148159,-60.32071048
26:04.7,-0.223,0.393,0.109,26:04.7,66.47215675,-60.33211519
26:04.9,-0.271,0.279,0.058,26:04.9,66.35457899,-60.3362036
26:05.1,-0.269,0.352,0.102,26:05.1,66.23076696,-60.34067611
26:05.3,-0.361,0.379,0.046,26:05.3,66.13130561,-60.34538388
26:05.6,-0.429,0.556,0.031,26:05.5,66.02591714,-60.34220002
26:05.8,-0.481,0.307,0.062,26:05.8,65.86958982,-60.34083875
26:06.0,-0.472,0.375,0.067,26:06.0,65.76268302,-60.33556348
26:06.3,-0.45,0.428,0.062,26:06.3,65.63321864,-60.32974892
26:06.5,-0.47,0.337,0.094,26:06.5,65.52142793,-60.3205092
26:06.7,-0.5,0.298,0.097,26:06.7,65.39174059,-60.30969106
26:07.0,-0.486,0.377,0.069,26:06.9,65.25650277,-60.29608627
26:07.2,-0.437,0.409,0.033,26:07.2,65.15386244,-60.28521324
26:07.4,-0.428,0.293,0.099,26:07.4,65.02887831,-60.27238498
26:07.6,-0.366,0.294,0.104,26:07.6,64.92509116,-60.2603805
26:07.8,-0.476,0.288,0.107,26:07.8,64.80432197,-60.25098561
26:08.1,-0.379,0.372,0.08,26:08.1,64.68417299,-60.24362147
26:08.3,-0.395,0.418,0.078,26:08.3,64.57211443,-60.23234471
26:08.5,-0.378,0.264,0.061,26:08.5,64.48409906,-60.22892727
26:08.7,-0.473,0.389,0.074,26:08.8,64.38185368,-60.22617108
26:09.0,-0.246,0.31,0.039,26:09.0,64.30168913,-60.2306308
26:09.2,-0.271,0.262,0.063,26:09.2,64.18043105,-60.23894467
26:09.4,-0.301,0.417,0.036,26:09.4,64.1081557,-60.24312279
26:09.6,-0.248,0.292,0.076,26:09.6,64.02652173,-60.25306916
26:09.8,-0.212,0.519,0.04,26:09.8,63.94126177,-60.26307293
26:10.1,-0.345,0.494,0.018,26:10.1,63.82905509,-60.26765752
26:10.3,-0.421,0.466,0.051,26:10.3,63.71484768,-60.27714297
26:10.5,-0.452,0.476,0.006,26:10.5,63.62138444,-60.29064189
26:10.7,-0.523,0.373,0.103,26:10.7,63.52587419,-60.30154977
26:11.0,-0.337,0.475,0.083,26:11.0,63.4023665,-60.31098179
26:11.2,-0.324,0.457,0.047,26:11.2,63.2994159,-60.31804635
26:11.4,-0.345,0.443,0.078,26:11.4,63.19324321,-60.3213366
26:11.6,-0.321,0.399,0.086,26:11.6,63.03691089,-60.32409104
26:11.8,-0.482,0.44,0.098,26:11.8,62.9299618,-60.32358127
26:12.0,-0.432,0.405,0.075,26:12.0,62.82162426,-60.31900998
26:12.3,-0.396,0.342,0.104,26:12.2,62.71412066,-60.31236256
26:12.5,-0.311,0.346,0.045,26:12.5,62.58467068,-60.30565266
26:12.7,-0.259,0.364,0.093,26:12.7,62.45577898,-60.29636869
26:12.9,-0.409,0.335,0.086,26:12.9,62.35125014,-60.28816163
26:13.1,-0.388,0.237,0.088,26:13.2,62.21788231,-60.27201607
26:13.4,-0.355,0.355,0.097,26:13.3,62.11837248,-60.26200797
26:13.6,-0.403,0.327,0.065,26:13.6,61.99345191,-60.24698625
26:13.8,-0.319,0.504,0.084,26:13.8,61.89502543,-60.24166152
26:14.0,-0.396,0.415,0.095,26:14.0,61.77286066,-60.22982824
26:14.2,-0.385,0.322,0.134,26:14.2,61.67880006,-60.21625266
26:14.5,-0.446,0.346,0.079,26:14.5,61.56214517,-60.20420356
26:14.7,-0.319,0.462,0.088,26:14.7,61.47320219,-60.19334976
26:14.9,-0.487,0.416,0.049,26:14.9,61.35783618,-60.18800723
26:15.1,-0.395,0.472,0.038,26:15.1,61.24283948,-60.17917873
26:15.4,-0.301,0.298,0.027,26:15.4,61.15670615,-60.17726812
26:15.6,-0.307,0.451,-0.033,26:15.6,61.0486905,-60.17364217
26:15.8,-0.241,0.28,0.056,26:15.8,60.95429271,-60.17348385
26:16.0,-0.366,0.423,0.022,26:16.0,60.84511184,-60.17283127
26:16.3,-0.243,0.568,-0.019,26:16.3,60.7367549,-60.17742582
26:16.5,-0.267,0.405,0.026,26:16.5,60.6393534,-60.18632497
26:16.7,-0.376,0.396,0.064,26:16.7,60.53057751,-60.19407059
26:16.9,-0.424,0.478,0.08,26:16.9,60.43575487,-60.20545144
26:17.1,-0.382,0.292,0.039,26:17.1,60.31119867,-60.21448337
26:17.4,-0.3,0.509,0.067,26:17.4,60.1856595,-60.22231617
26:17.6,-0.438,0.471,0.068,26:17.6,60.07731993,-60.22753719
26:17.8,-0.42,0.479,0.092,26:17.8,59.96708984,-60.23353434
26:18.0,-0.452,0.433,0.078,26:18.0,59.83256714,-60.23683392
26:18.2,-0.427,0.3,0.081,26:18.2,59.72093069,-60.23605458
26:18.4,-0.52,0.432,0.027,26:18.4,59.60636984,-60.23068242
26:18.7,-0.453,0.266,0.01,26:18.7,59.44117607,-60.2207002
26:18.9,-0.397,0.317,0.056,26:18.9,59.32970368,-60.20904578
26:19.1,-0.454,0.249,0.112,26:19.1,59.22166663,-60.19481742
26:19.3,-0.341,0.415,0.085,26:19.3,59.11639685,-60.17868239
26:19.5,-0.396,0.33,0.091,26:19.5,58.99307167,-60.16359287
26:19.8,-0.388,0.244,0.11,26:19.8,58.86479716,-60.13947442
26:20.0,-0.313,0.282,0.13,26:20.0,58.77197003,-60.12078895
26:20.2,-0.464,0.387,0.057,26:20.2,58.65796556,-60.10006382
26:20.4,-0.395,0.399,0.064,26:20.4,58.57067788,-60.08258983
26:20.6,-0.278,0.348,0.069,26:20.7,58.463825,-60.06741795
26:20.9,-0.211,0.37,0,26:20.9,58.38021997,-60.06013794
26:21.1,-0.352,0.278,0.026,26:21.1,58.26118403,-60.05516967
26:21.3,-0.262,0.341,0.013,26:21.3,58.18498187,-60.04697615
26:21.6,-0.297,0.441,0.005,26:21.5,58.10216166,-60.05460911
26:21.8,-0.421,0.379,-0.048,26:21.7,58.0216472,-60.06133182
26:22.0,-0.323,0.364,0.058,26:22.0,57.92003533,-60.06947077
26:22.2,-0.25,0.408,0.017,26:22.2,57.81578795,-60.07674366
26:22.4,-0.279,0.428,0.005,26:22.4,57.7231361,-60.0920024
26:22.6,-0.375,0.452,0.068,26:22.7,57.60416973,-60.10842426
26:22.9,-0.309,0.413,0.002,26:22.9,57.50386986,-60.12296142
26:23.1,-0.383,0.453,0.022,26:23.0,57.40332381,-60.13884759
26:23.3,-0.327,0.363,-0.029,26:23.3,57.3014534,-60.14848332
26:23.5,-0.366,0.339,-0.004,26:23.5,57.1506454,-60.15820084
26:23.7,-0.516,0.332,0.018,26:23.7,57.04683796,-60.16264009
26:23.9,-0.445,0.352,0.018,26:23.9,56.9378598,-60.1606901
26:24.2,-0.291,0.44,0.051,26:24.2,56.8049529,-60.15101252
26:24.4,-0.4,0.408,0.073,26:24.4,56.69866069,-60.14081076
26:24.6,-0.406,0.387,0.074,26:24.6,56.56668128,-60.12690204
26:24.8,-0.504,0.297,0.067,26:24.8,56.46031241,-60.1085196
26:25.0,-0.4,0.364,0.081,26:25.0,56.33028289,-60.08673284
26:25.2,-0.487,0.285,0.021,26:25.2,56.22753784,-60.06314799
26:25.4,-0.518,0.292,0.059,26:25.4,56.12768348,-60.03774918
26:25.7,-0.41,0.341,0.083,26:25.7,56.00201469,-60.0125313
26:25.9,-0.442,0.355,0.011,26:25.9,55.88016568,-59.98677347
26:26.1,-0.364,0.396,0.053,26:26.1,55.78624277,-59.9707496
26:26.4,-0.406,0.351,0.005,26:26.4,55.67534486,-59.95357901
26:26.6,-0.431,0.363,-0.014,26:26.6,55.5827157,-59.94879283
26:26.8,-0.398,0.415,-0.005,26:26.8,55.49565596,-59.94506335
26:27.0,-0.316,0.478,0.02,26:27.0,55.38531754,-59.9478614
26:27.2,-0.32,0.471,0.012,26:27.2,55.27558674,-59.95282381
26:27.5,-0.372,0.411,0.073,26:27.4,55.18670839,-59.96022374
26:27.7,-0.371,0.453,0.041,26:27.7,55.07749628,-59.97330715
26:27.9,-0.386,0.476,0.023,26:27.9,54.98275028,-59.98805799
26:28.1,-0.249,0.494,0.025,26:28.1,54.88396546,-60.00500701
26:28.3,-0.325,0.499,0.026,26:28.4,54.73945677,-60.02274565
26:28.5,-0.426,0.377,0.031,26:28.6,54.63468434,-60.03832418
26:28.8,-0.315,0.518,0.016,26:28.8,54.53380461,-60.05002188
26:29.0,-0.33,0.37,0.024,26:29.0,54.4308374,-60.0587605
26:29.2,-0.352,0.346,0.029,26:29.2,54.30475016,-60.06335522
26:29.4,-0.397,0.447,0.062,26:29.4,54.17445396,-60.0632969
26:29.6,-0.475,0.417,0.067,26:29.6,54.06641912,-60.05700082
26:29.8,-0.408,0.39,0.07,26:29.8,53.96424489,-60.04568902
26:30.1,-0.46,0.403,0.043,26:30.1,53.83391087,-60.02871833
26:30.3,-0.41,0.405,0.006,26:30.3,53.72989875,-60.00921732
26:30.5,-0.451,0.245,0.128,26:30.5,53.62823552,-59.98745264
26:30.7,-0.399,0.368,0.022,26:30.7,53.49804668,-59.96404284
26:30.9,-0.542,0.381,0.087,26:30.9,53.37001402,-59.94071924
26:31.1,-0.381,0.361,0.071,26:31.1,53.26448175,-59.91818371
26:31.4,-0.359,0.292,0.087,26:31.3,53.16993061,-59.89946738
26:31.6,-0.364,0.286,0.051,26:31.6,53.04974982,-59.88253967
26:31.8,-0.311,0.512,0.049,26:31.8,52.94020477,-59.87009812
26:32.1,-0.316,0.404,0.066,26:32.1,52.82146572,-59.86970634
26:32.3,-0.317,0.31,-0.006,26:32.3,52.73611933,-59.87327257
26:32.5,-0.232,0.41,0.051,26:32.5,52.64598589,-59.88598522
26:32.7,-0.22,0.423,0.02,26:32.7,52.53802312,-59.89870144
26:32.9,-0.405,0.508,0.032,26:32.9,52.45124587,-59.91613515
26:33.2,-0.384,0.346,0.014,26:33.1,52.34357024,-59.93848462
26:33.4,-0.343,0.396,0.022,26:33.3,52.25156749,-59.95771046
26:33.6,-0.319,0.428,-0.019,26:33.6,52.14142525,-59.98014845
26:33.8,-0.365,0.371,0.01,26:33.8,52.04902227,-59.99709153
26:34.0,-0.337,0.315,0.037,26:34.0,51.95786218,-60.01036301
26:34.2,-0.386,0.39,0.037,26:34.2,51.84664536,-60.0222148
26:34.4,-0.36,0.388,0.022,26:34.5,51.73198574,-60.0285081
26:34.7,-0.365,0.341,0.023,26:34.7,51.63862244,-60.02748273
26:34.9,-0.443,0.414,0.039,26:34.9,51.54723481,-60.02108343
26:35.1,-0.463,0.382,0.049,26:35.1,51.43120394,-60.01138931
26:35.3,-0.391,0.39,0.052,26:35.3,51.33782449,-59.99725285
26:35.5,-0.42,0.325,0.054,26:35.5,51.21683929,-59.97927372
26:35.7,-0.468,0.286,0.041,26:35.7,51.11870762,-59.96159955
26:36.0,-0.387,0.37,0.013,26:36.0,50.99310304,-59.94044814
26:36.2,-0.443,0.416,0.061,26:36.2,50.88663215,-59.91648084
26:36.4,-0.379,0.482,0.047,26:36.4,50.7804886,-59.89666139
26:36.6,-0.499,0.329,-0.002,26:36.6,50.64950169,-59.87725267
26:36.8,-0.445,0.363,0.064,26:36.8,50.51764598,-59.85993296
26:37.0,-0.452,0.335,0.08,26:37.0,50.40859381,-59.85274798
26:37.3,-0.502,0.446,0.049,26:37.2,50.30101738,-59.84866473
26:37.5,-0.407,0.498,0.002,26:37.5,50.1677079,-59.85054658
26:37.7,-0.358,0.379,0.029,26:37.7,50.05892893,-59.85286821
26:37.9,-0.359,0.435,0.02,26:37.9,49.93029598,-59.86090254
26:38.1,-0.37,0.45,0.016,26:38.1,49.82590661,-59.87311415
26:38.3,-0.391,0.49,0.046,26:38.4,49.69884123,-59.8879526
26:38.6,-0.37,0.414,0.035,26:38.6,49.59904996,-59.90332175
26:38.8,-0.332,0.456,0.075,26:38.8,49.5014487,-59.91742905
26:39.0,-0.393,0.469,0.087,26:39.0,49.38060308,-59.93028281
26:39.2,-0.281,0.496,0.056,26:39.2,49.26183236,-59.94092434
26:39.4,-0.347,0.516,0.117,26:39.4,49.16421231,-59.94704636
26:39.6,-0.27,0.435,0.091,26:39.6,49.07019428,-59.95146649
26:39.9,-0.418,0.475,0.07,26:39.9,48.95256817,-59.95223279
26:40.1,-0.43,0.381,0.112,26:40.1,48.8575672,-59.94406804
26:40.3,-0.375,0.2,0.142,26:40.3,48.74017736,-59.93324644
26:40.5,-0.387,0.434,0.07,26:40.5,48.64576391,-59.9179797
26:40.7,-0.421,0.338,0.074,26:40.7,48.52599067,-59.89931054
26:40.9,-0.456,0.367,0.056,26:40.9,48.43121514,-59.87678207
26:41.2,-0.372,0.331,0.098,26:41.1,48.33732264,-59.855368
26:41.4,-0.396,0.377,0.073,26:41.4,48.21985612,-59.83184039
26:41.6,-0.44,0.364,0.092,26:41.6,48.10022899,-59.80982008
26:41.8,-0.514,0.283,0.062,26:41.8,47.99960033,-59.79286524
26:42.0,-0.413,0.399,0.061,26:42.1,47.87387745,-59.77636146
26:42.3,-0.437,0.389,0.034,26:42.3,47.77028141,-59.76373554
26:42.5,-0.352,0.483,0.049,26:42.5,47.66269027,-59.75555948
26:42.7,-0.423,0.383,0.023,26:42.7,47.52798722,-59.75065267
26:42.9,-0.384,0.365,0.036,26:42.9,47.39448761,-59.75341133
26:43.1,-0.477,0.524,0.053,26:43.1,47.28945495,-59.75923729
26:43.3,-0.403,0.364,0.045,26:43.3,47.18387226,-59.76777811
26:43.6,-0.297,0.449,0.049,26:43.5,47.0775712,-59.77892179
26:43.8,-0.361,0.59,-0.008,26:43.8,46.94714758,-59.78954631
26:44.0,-0.443,0.473,0.076,26:44.0,46.8191271,-59.80165088
26:44.2,-0.389,0.4,0,26:44.2,46.7118308,-59.81213531
26:44.4,-0.444,0.441,0.005,26:44.4,46.60915732,-59.82317838
26:44.6,-0.537,0.348,0.012,26:44.6,46.48270681,-59.83354956
26:44.8,-0.369,0.274,0.061,26:44.8,46.38384318,-59.84337266
26:45.1,-0.341,0.392,0.03,26:45.1,46.25805953,-59.84685677
26:45.3,-0.396,0.357,0.028,26:45.3,46.16002061,-59.84602227
26:45.5,-0.414,0.209,0.078,26:45.5,46.06717344,-59.84576825
26:45.7,-0.356,0.35,0.064,26:45.7,45.95026396,-59.84083593
26:45.9,-0.388,0.433,0.105,26:45.9,45.85578232,-59.83234614
26:46.2,-0.423,0.347,0.022,26:46.2,45.73864884,-59.81974138
26:46.4,-0.309,0.458,0.116,26:46.4,45.62319989,-59.80626973
26:46.6,-0.301,0.316,0.083,26:46.6,45.53323147,-59.79187641
26:46.8,-0.483,0.375,0.118,26:46.8,45.43780298,-59.77528726
26:47.0,-0.439,0.395,0.061,26:47.0,45.34348249,-59.75892053
26:47.2,-0.301,0.501,0.046,26:47.2,45.22199783,-59.74015311
26:47.5,-0.3,0.349,0.044,26:47.4,45.09867384,-59.72394786
26:47.7,-0.341,0.422,0.051,26:47.7,44.99940872,-59.71190133
26:47.9,-0.343,0.381,0.089,26:47.9,44.87599777,-59.70178579
26:48.1,-0.354,0.396,0.05,26:48.1,44.77462955,-59.69392972
26:48.3,-0.336,0.583,0.046,26:48.3,44.67467309,-59.69091092
26:48.5,-0.524,0.412,-0.004,26:48.5,44.54800396,-59.6911234
26:48.7,-0.417,0.439,0.043,26:48.7,44.44568117,-59.69492507
26:49.0,-0.38,0.461,0.034,26:49.0,44.34529864,-59.70219244
26:49.2,-0.436,0.395,-0.008,26:49.2,44.22312838,-59.70960771
26:49.4,-0.298,0.4,0.055,26:49.4,44.12524185,-59.72120446
26:49.6,-0.427,0.489,0.065,26:49.6,44.03000202,-59.73084296
26:49.8,-0.394,0.355,0.11,26:49.8,43.91050494,-59.7411498
26:50.0,-0.257,0.497,0.087,26:50.1,43.79572086,-59.75202261
26:50.3,-0.346,0.343,0.126,26:50.3,43.70285071,-59.76036098
26:50.5,-0.254,0.357,0.046,26:50.5,43.60594877,-59.76609008
26:50.7,-0.304,0.457,0.097,26:50.7,43.51133385,-59.76795017
26:50.9,-0.415,0.411,0.057,26:50.9,43.39507394,-59.76530357
26:51.1,-0.378,0.34,0.006,26:51.1,43.2780778,-59.76070999
26:51.3,-0.383,0.286,0.103,26:51.3,43.1814362,-59.75257341
26:51.5,-0.349,0.385,0.082,26:51.5,43.08446654,-59.74097736
26:51.8,-0.437,0.322,0.041,26:51.8,42.96258732,-59.7289235
26:52.0,-0.459,0.427,0.03,26:52.0,42.86167555,-59.7159578
26:52.2,-0.36,0.406,-0.007,26:52.2,42.73506343,-59.70037474
26:52.4,-0.415,0.372,0.046,26:52.4,42.63121795,-59.68443369
26:52.6,-0.5,0.332,0.042,26:52.6,42.50079052,-59.67111139
26:52.8,-0.348,0.45,0.087,26:52.8,42.39561589,-59.66278331
26:53.0,-0.481,0.294,0.04,26:53.0,42.29048937,-59.65675382
26:53.3,-0.319,0.453,0.087,26:53.3,42.16303392,-59.65313393
26:53.5,-0.36,0.353,0.091,26:53.5,42.03753739,-59.65083935
26:53.7,-0.404,0.359,0.107,26:53.7,41.93987106,-59.65197984
26:53.9,-0.292,0.4,0.05,26:53.9,41.84577668,-59.6551258
26:54.1,-0.355,0.416,0.033,26:54.1,41.75311233,-59.65824549
26:54.3,-0.467,0.402,0.093,26:54.4,41.63884125,-59.66150653
26:54.6,-0.422,0.231,0.074,26:54.6,41.5222992,-59.66534769
26:54.8,-0.382,0.432,0.034,26:54.8,41.42973767,-59.66923012
26:55.0,-0.355,0.504,0.04,26:55.0,41.31398529,-59.67146496
26:55.2,-0.374,0.497,0.047,26:55.2,41.22094255,-59.67419536
26:55.4,-0.462,0.29,0.077,26:55.4,41.12238226,-59.67364397
26:55.7,-0.356,0.353,0.073,26:55.7,41.00110812,-59.67402126
26:55.9,-0.362,0.361,0.105,26:55.9,40.90260151,-59.67237853
26:56.1,-0.345,0.421,0.093,26:56.1,40.80191195,-59.66766361
26:56.3,-0.522,0.417,0.059,26:56.3,40.67970562,-59.6633373
26:56.5,-0.426,0.298,0.059,26:56.5,40.57601139,-59.65693948
26:56.7,-0.413,0.282,0.007,26:56.7,40.47723854,-59.65052771
26:57.0,-0.335,0.435,0.093,26:56.9,40.35393352,-59.63965968
26:57.2,-0.297,0.395,0.049,26:57.1,40.2547486,-59.63004141
26:57.4,-0.47,0.312,0.01,26:57.3,40.15784218,-59.62147572
26:57.6,-0.404,0.394,0.043,26:57.6,40.03677108,-59.61372406
26:57.8,-0.443,0.4,0.044,26:57.8,39.94070175,-59.60758225
26:58.0,-0.453,0.44,0.052,26:58.0,39.81198957,-59.60208882
26:58.2,-0.297,0.398,0.068,26:58.2,39.7045247,-59.5966977
26:58.4,-0.376,0.392,0.054,26:58.4,39.61035389,-59.59271809
26:58.6,-0.337,0.366,0.047,26:58.6,39.5195766,-59.59242497
26:58.9,-0.381,0.379,0.078,26:58.8,39.4269591,-59.59439128
26:59.1,-0.365,0.315,0.08,26:59.1,39.31077135,-59.59699226
26:59.3,-0.367,0.376,0.075,26:59.3,39.19460801,-59.59832588
26:59.5,-0.411,0.309,0.072,26:59.5,39.10089696,-59.60222803
26:59.7,-0.233,0.425,0.08,26:59.7,39.00498248,-59.60382469
26:59.9,-0.449,0.385,0.064,27:00.0,38.88539044,-59.60340694
27:00.2,-0.36,0.38,0.068,27:00.2,38.78762673,-59.60117769
27:00.4,-0.364,0.436,0.026,27:00.4,38.66929523,-59.59743618
27:00.6,-0.395,0.363,0.056,27:00.6,38.57277272,-59.59160796
27:00.8,-0.307,0.415,0.07,27:00.8,38.47394811,-59.58375425
27:01.0,-0.477,0.412,0.069,27:01.0,38.35306595,-59.57324187
27:01.2,-0.356,0.388,0.081,27:01.2,38.25346705,-59.56280257
27:01.4,-0.309,0.265,0.055,27:01.4,38.15638413,-59.5527242
27:01.7,-0.449,0.357,0.092,27:01.7,38.01077918,-59.53878136
27:01.9,-0.367,0.586,0.101,27:01.9,37.91029394,-59.5277273
27:02.1,-0.332,0.416,0.017,27:02.1,37.81455436,-59.51910736
27:02.3,-0.247,0.292,0.045,27:02.3,37.72198281,-59.51326435
27:02.5,-0.399,0.388,0.081,27:02.5,37.63048125,-59.50766433
27:02.8,-0.369,0.378,0.085,27:02.7,37.5189668,-59.50307651
27:03.0,-0.404,0.366,0.07,27:03.0,37.40798935,-59.49935674
27:03.2,-0.314,0.428,0.071,27:03.2,37.32212116,-59.50133947
27:03.4,-0.39,0.416,0.018,27:03.4,37.23588781,-59.50414707
27:03.6,-0.334,0.366,0.084,27:03.6,37.12875204,-59.50581672
27:03.8,-0.425,0.374,0.014,27:03.8,37.03977927,-59.50984422
27:04.1,-0.354,0.443,-0.015,27:04.1,36.92546266,-59.51252872
27:04.3,-0.389,0.345,0.01,27:04.3,36.83263129,-59.51425713
27:04.5,-0.403,0.38,0.066,27:04.5,36.73809812,-59.51636133
27:04.7,-0.508,0.483,0.049,27:04.7,36.61771125,-59.51801498
27:04.9,-0.549,0.471,0.02,27:04.9,36.51624794,-59.517953
27:05.1,-0.438,0.391,0.083,27:05.1,36.38706939,-59.5179478
27:05.3,-0.469,0.331,0.053,27:05.3,36.28162219,-59.5183959
27:05.5,-0.397,0.427,0.066,27:05.5,36.17495333,-59.51367899
27:05.8,-0.422,0.358,0.033,27:05.8,36.04297861,-59.50605147
27:06.0,-0.531,0.337,0.041,27:06.0,35.94030679,-59.50157174
27:06.2,-0.497,0.412,0.055,27:06.2,35.83577616,-59.49514954
27:06.4,-0.48,0.372,0.055,27:06.4,35.70786872,-59.48870448
27:06.6,-0.441,0.426,0.078,27:06.6,35.60166814,-59.47837539
27:06.8,-0.385,0.468,0.079,27:06.8,35.47364657,-59.47064641
27:07.0,-0.397,0.367,0.117,27:07.0,35.37075303,-59.46497837
27:07.2,-0.433,0.316,0.056,27:07.2,35.27028032,-59.46004212
27:07.5,-0.448,0.402,0.065,27:07.5,35.14744946,-59.45543052
27:07.7,-0.357,0.314,0.095,27:07.7,35.05024269,-59.45255801
27:07.9,-0.305,0.416,0.11,27:07.9,34.93155788,-59.45117849
27:08.1,-0.232,0.341,0.044,27:08.1,34.83637358,-59.45202304
27:08.3,-0.291,0.383,0.138,27:08.3,34.74409278,-59.4507316
27:08.5,-0.398,0.403,0.095,27:08.5,34.62770726,-59.45075385
27:08.8,-0.389,0.369,0.073,27:08.8,34.51183361,-59.45134785
27:09.0,-0.406,0.492,0.091,27:09.0,34.42120297,-59.45271142
27:09.2,-0.365,0.378,0.087,27:09.2,34.32922166,-59.45129143
27:09.4,-0.378,0.407,0.062,27:09.4,34.21551889,-59.44746884
27:09.6,-0.396,0.377,0.049,27:09.6,34.12116544,-59.44251239
27:09.9,-0.401,0.32,0.031,27:09.9,34.00488971,-59.43684685
27:10.1,-0.415,0.276,0.066,27:10.1,33.91043604,-59.43130057
27:10.3,-0.419,0.391,0.068,27:10.3,33.79513092,-59.42271904
27:10.5,-0.453,0.403,0.072,27:10.5,33.69602778,-59.41547256
27:10.7,-0.428,0.434,0.019,27:10.7,33.57167154,-59.40911436
27:10.9,-0.484,0.361,0.058,27:10.9,33.46707579,-59.40361915
27:11.2,-0.433,0.426,0.024,27:11.2,33.33934291,-59.39851589
27:11.4,-0.479,0.392,0.069,27:11.4,33.23189579,-59.39446117
27:11.6,-0.475,0.424,0.087,27:11.6,33.12315393,-59.39489451
27:11.8,-0.39,0.461,0.048,27:11.8,32.98853364,-59.39403705
27:12.0,-0.389,0.484,0.055,27:12.0,32.87858447,-59.395296
27:12.2,-0.475,0.442,0.099,27:12.3,32.74058459,-59.39532383
27:12.5,-0.517,0.502,0.021,27:12.4,32.62505475,-59.39527043
27:12.7,-0.399,0.403,0.089,27:12.6,32.51398727,-59.39450858
27:12.9,-0.471,0.411,0.092,27:12.9,32.37481942,-59.39650826
27:13.1,-0.437,0.512,0.088,27:13.1,32.26451019,-59.39289502
27:13.3,-0.447,0.323,0.045,27:13.3,32.15988845,-59.390135
27:13.5,-0.379,0.474,0.043,27:13.6,32.00323249,-59.38700022
27:13.7,-0.399,0.278,0.097,27:13.8,31.90252829,-59.38130831
27:13.9,-0.377,0.356,0.084,27:14.0,31.80498652,-59.37612961
27:14.1,-0.379,0.301,0.067,27:14.1,31.70693099,-59.37030691
27:14.4,-0.302,0.356,0.071,27:14.3,31.61462789,-59.36596906
27:14.6,-0.43,0.318,0.052,27:14.6,31.50145898,-59.36196956
27:14.8,-0.412,0.372,0.036,27:14.8,31.39155737,-59.35753386
27:15.0,-0.347,0.442,0.03,27:15.0,31.30754997,-59.3583963
27:15.2,-0.321,0.438,0.085,27:15.2,31.22258449,-59.35928205
27:15.4,-0.404,0.417,0.048,27:15.4,31.13224294,-59.36212017
27:15.6,-0.311,0.56,0.028,27:15.6,31.04242077,-59.36774592
27:15.9,-0.177,0.456,0.006,27:15.9,30.90951528,-59.37514407
27:16.1,-0.362,0.393,0.039,27:16.1,30.81429523,-59.38026915
27:16.3,-0.48,0.495,-0.026,27:16.3,30.71471049,-59.38653291
27:16.5,-0.444,0.454,0.007,27:16.5,30.61202139,-59.39066609
27:16.7,-0.497,0.452,0.047,27:16.7,30.51033809,-59.39345817
27:16.9,-0.419,0.316,0.035,27:16.9,30.38178154,-59.39352202
27:17.2,-0.534,0.296,0.06,27:17.2,30.24967843,-59.39130519
27:17.4,-0.446,0.352,0.04,27:17.4,30.14249726,-59.38154439
27:17.6,-0.474,0.333,0.079,27:17.6,30.03332528,-59.37006251
27:17.8,-0.421,0.25,0.047,27:17.8,29.90058339,-59.3548417
27:18.0,-0.451,0.399,0.066,27:18.0,29.79389731,-59.33826576
27:18.2,-0.41,0.254,0.014,27:18.2,29.66592996,-59.32076659
27:18.4,-0.509,0.41,0.032,27:18.4,29.56351172,-59.30239905
27:18.6,-0.437,0.449,0.024,27:18.6,29.46501643,-59.28619051
27:18.9,-0.403,0.519,0.002,27:18.8,29.37021029,-59.27323256
27:19.1,-0.35,0.31,0.031,27:19.1,29.25440052,-59.26029073
27:19.3,-0.368,0.4,0.004,27:19.3,29.16407745,-59.25608115
27:19.5,-0.251,0.252,0.036,27:19.5,29.05702475,-59.25279616
27:19.7,-0.359,0.416,0.028,27:19.7,28.97163972,-59.25715253
27:19.9,-0.313,0.479,0.034,27:19.9,28.88839097,-59.26532399
27:20.1,-0.201,0.363,0.006,27:20.1,28.78494809,-59.27645928
27:20.3,-0.267,0.453,0.051,27:20.3,28.70096047,-59.29274788
27:20.6,-0.313,0.484,0.051,27:20.6,28.59824705,-59.30886277
27:20.8,-0.229,0.399,0.06,27:20.8,28.51264054,-59.32739237
27:21.0,-0.31,0.428,0.091,27:21.0,28.40525437,-59.34311786
27:21.2,-0.227,0.405,0.096,27:21.2,28.31745538,-59.35552133
27:21.4,-0.358,0.37,0.029,27:21.4,28.22588214,-59.36517035
27:21.7,-0.363,0.388,0.111,27:21.7,28.11184561,-59.37117041
27:21.9,-0.338,0.368,0.084,27:21.9,28.01784907,-59.36969812
27:22.1,-0.429,0.376,0.115,27:22.1,27.89709486,-59.36341168
27:22.3,-0.346,0.418,0.126,27:22.3,27.7927465,-59.34990634
27:22.5,-0.441,0.267,0.097,27:22.5,27.68840034,-59.33251692
27:22.7,-0.547,0.28,0.052,27:22.7,27.55948298,-59.31015942
27:23.0,-0.476,0.401,0.062,27:23.0,27.43029153,-59.28441963
27:23.2,-0.362,0.257,-0.005,27:23.2,27.32473268,-59.25749899
27:23.4,-0.336,0.383,0.028,27:23.4,27.2179928,-59.23305926
27:23.6,-0.477,0.424,0.112,27:23.6,27.11396629,-59.20754234
27:23.8,-0.466,0.296,0.017,27:23.8,26.9821222,-59.18394398
27:24.0,-0.298,0.403,0.087,27:24.0,26.85273711,-59.16109734
27:24.3,-0.354,0.31,0.074,27:24.2,26.75223335,-59.1473108
27:24.5,-0.314,0.449,0.097,27:24.4,26.65951546,-59.14079793
27:24.7,-0.352,0.231,0.096,27:24.7,26.54651038,-59.13434392
27:24.9,-0.331,0.238,0.091,27:24.9,26.46191601,-59.13648197
27:25.1,-0.379,0.36,0.094,27:25.1,26.37882388,-59.14404871
27:25.3,-0.262,0.4,0.066,27:25.4,26.25632749,-59.15425104
27:25.6,-0.169,0.407,0.133,27:25.6,26.18046544,-59.16791934
27:25.8,-0.269,0.359,0.094,27:25.8,26.10407386,-59.18413111
27:26.0,-0.354,0.3,0.05,27:26.0,26.02695843,-59.20392415
27:26.2,-0.241,0.339,0.015,27:26.2,25.92772843,-59.22376269
27:26.4,-0.26,0.319,0.036,27:26.4,25.84670377,-59.24180549
27:26.6,-0.233,0.367,0.053,27:26.6,25.74640073,-59.25877153
27:26.8,-0.381,0.415,-0.023,27:26.8,25.66469881,-59.27294549
27:27.0,-0.36,0.374,0.025,27:27.0,25.58390251,-59.28498403
27:27.2,-0.329,0.334,0.034,27:27.2,25.50350676,-59.29233015
27:27.5,-0.44,0.29,-0.014,27:27.5,25.4015229,-59.29811902
27:27.7,-0.353,0.405,0.036,27:27.7,25.29727444,-59.3030699
27:27.9,-0.396,0.346,0.045,27:27.9,25.21158134,-59.29846553
27:28.1,-0.387,0.23,0.052,27:28.1,25.10882734,-59.27417724
27:28.3,-0.326,0.357,0.042,27:28.3,25.0226313,-59.26406802
27:28.5,-0.311,0.168,0.042,27:28.5,24.93291876,-59.26404734
27:28.7,-0.473,0.386,0.09,27:28.7,24.85105026,-59.25133194
27:29.0,-0.293,0.289,0.078,27:28.9,24.77023784,-59.23452825
27:29.2,-0.335,0.166,0.015,27:29.2,24.66991435,-59.21307417
27:29.4,-0.382,0.108,0.046,27:29.4,24.59189669,-59.19200643
27:29.6,-0.354,0.252,0.091,27:29.6,24.51350553,-59.17029302
27:29.8,-0.294,0.206,0.072,27:29.8,24.43837033,-59.1483161
27:30.0,-0.412,0.249,0.125,27:30.0,24.32864719,-59.12317631
27:30.2,-0.266,0.279,0.126,27:30.2,24.25980271,-59.10519743
27:30.4,-0.315,0.273,0.132,27:30.4,24.19394038,-59.09032744
27:30.7,-0.306,0.105,0.101,27:30.6,24.13411429,-59.08091202
27:30.9,-0.293,0.177,0.036,27:30.9,24.0623219,-59.07740206
27:31.1,-0.333,0.138,0.016,27:31.1,23.99632922,-59.07560864
27:31.3,-0.362,0.184,0.012,27:31.3,23.94732377,-59.080216
27:31.5,-0.217,0.136,0.027,27:31.5,23.90206268,-59.09108688
27:31.7,-0.271,0.194,0.1,27:31.7,23.84381793,-59.10808537
27:31.9,-0.278,0.276,0.079,27:31.9,23.80010424,-59.12946474
27:32.2,-0.212,0.155,0.045,27:32.1,23.75527658,-59.15660973
27:32.4,-0.141,0.189,0.046,27:32.4,23.70008971,-59.18946282
27:32.6,-0.337,0.244,0.033,27:32.6,23.64503737,-59.22572469
27:32.8,-0.121,0.232,0.041,27:32.8,23.60194093,-59.25824242
27:33.0,-0.264,0.232,-0.032,27:33.0,23.55865004,-59.29416415
27:33.2,-0.324,0.24,0.028,27:33.2,23.51696082,-59.32861591
27:33.5,-0.228,0.279,-0.006,27:33.5,23.46447075,-59.36897349
27:33.7,-0.277,0.23,-0.002,27:33.7,23.40995246,-59.406378
27:33.9,-0.199,0.186,-0.03,27:33.9,23.36548193,-59.43446073
27:34.1,-0.075,0.044,-0.009,27:34.1,23.32010278,-59.45980523
27:34.3,-0.305,0.222,0.008,27:34.3,23.27502593,-59.48024385
27:34.5,-0.34,0.11,-0.004,27:34.5,23.2186159,-59.50432737
27:34.8,-0.316,0.154,0.013,27:34.7,23.17140355,-59.51826096
27:35.0,-0.238,0.022,0.014,27:35.0,23.11215539,-59.53658896
27:35.2,-0.343,0.132,0.002,27:35.2,23.05897204,-59.54599495
27:35.4,-0.288,0.154,0.035,27:35.4,23.00831336,-59.55523148
27:35.6,-0.397,0.077,0.103,27:35.6,22.95782872,-59.5640937
27:35.8,-0.315,0.146,0.125,27:35.8,22.89676684,-59.58228006
27:36.0,-0.361,0.136,0.108,27:36.0,22.83728715,-59.60347188
27:36.2,-0.306,0.088,0.089,27:36.2,22.78778777,-59.62406548
27:36.4,-0.233,0.076,0.094,27:36.4,22.74360262,-59.65127269
27:36.6,-0.305,0.109,0.045,27:36.6,22.6935811,-59.69346183
27:36.8,-0.326,0.239,0.023,27:36.8,22.65270043,-59.72758934
27:37.1,-0.227,0.167,0.038,27:37.1,22.61129503,-59.79465585
27:37.3,-0.357,0.16,0.031,27:37.3,22.57275256,-59.83503547
27:37.5,-0.193,0.251,0.101,27:37.5,22.54553194,-59.89481307
27:37.7,-0.161,0.276,0.013,27:37.7,22.5210458,-59.95865836
27:37.9,-0.223,0.142,0.049,27:37.9,22.50112775,-60.02613146
27:38.1,-0.172,0.185,0.007,27:38.1,22.47748452,-60.10782674
27:38.3,-0.259,0.205,-0.015,27:38.3,22.46475735,-60.17943305
27:38.5,-0.221,0.152,0.035,27:38.5,22.45359988,-60.24784022
27:38.7,-0.157,0.12,0.024,27:38.7,22.4450143,-60.31352912
27:38.9,-0.319,0.197,0.042,27:38.9,22.43835523,-60.37818959
27:39.1,-0.303,0.139,0.006,27:39.2,22.42698551,-60.45430601
27:39.4,-0.25,0.101,0.018,27:39.4,22.41588687,-60.52325902
27:39.6,-0.142,0.169,0.004,27:39.6,22.4088838,-60.57277289
27:39.8,-0.194,0.121,0.012,27:39.8,22.40075539,-60.61392123
27:40.0,-0.203,0.136,0.026,27:40.0,22.39168246,-60.65201347
27:40.2,-0.297,0.027,0.027,27:40.2,22.38058028,-60.68615971
27:40.4,-0.27,0.068,0.048,27:40.4,22.36677426,-60.72772898
27:40.7,-0.274,0.123,-0.004,27:40.6,22.35444145,-60.75508786
27:40.9,-0.154,0.102,0.04,27:40.9,22.33932633,-60.78869832
27:41.1,-0.268,-0.003,0.033,27:41.1,22.32433868,-60.81038801
27:41.3,-0.229,-0.027,0.051,27:41.3,22.30909755,-60.83159133
27:41.5,-0.161,0.016,0.106,27:41.5,22.29469546,-60.85357952
27:41.7,-0.231,0.007,0.069,27:41.7,22.27678359,-60.88290305
27:41.9,-0.116,0.122,0.088,27:41.9,22.26436428,-60.90762053
27:42.1,-0.313,0.148,0.022,27:42.1,22.25141011,-60.94284541
27:42.3,-0.256,0.194,0.047,27:42.3,22.24303118,-60.97881506
27:42.5,-0.252,0.162,0.045,27:42.5,22.23734966,-61.01850851
27:42.8,-0.275,0.169,0.022,27:42.8,22.23335224,-61.07290909
27:43.0,-0.315,0.092,0.031,27:43.0,22.23129732,-61.13200362
27:43.2,-0.306,0.205,0.002,27:43.2,22.23502891,-61.18748266
27:43.4,-0.337,0.21,-0.003,27:43.4,22.2436604,-61.2473447
27:43.6,-0.248,0.35,0.008,27:43.6,22.25733857,-61.31706352
27:43.8,-0.263,0.192,0.012,27:43.8,22.27074889,-61.38363256
27:44.1,-0.166,0.202,-0.007,27:44.0,22.28775059,-61.47059929
27:44.3,-0.222,0.277,-0.055,27:44.3,22.30786034,-61.5574878
27:44.5,-0.317,0.178,-0.004,27:44.5,22.32914723,-61.63113337
27:44.7,-0.372,0.274,0.004,27:44.7,22.35185159,-61.70552179
27:44.9,-0.196,0.218,0.03,27:44.9,22.37219069,-61.77561524
27:45.1,-0.075,0.182,-0.007,27:45.1,22.39395558,-61.8460134
27:45.3,-0.222,0.257,0.02,27:45.3,22.41538556,-61.92697009
27:45.5,-0.234,0.089,0.049,27:45.5,22.42855453,-61.98175981
27:45.7,-0.188,0.25,0.04,27:45.7,22.44611528,-62.05147636
27:45.9,-0.16,0.153,0.034,27:45.9,22.46022862,-62.10276025
27:46.1,-0.086,0.335,0.036,27:46.1,22.47098379,-62.1500784
27:46.4,-0.177,0.139,0.043,27:46.4,22.48319968,-62.20993654
27:46.6,-0.214,0.084,0.033,27:46.6,22.48852007,-62.25244152
27:46.8,-0.322,0.131,0.067,27:46.8,22.49633018,-62.31035268
27:47.0,-0.271,0.116,0.049,27:47.0,22.49687386,-62.35425829
27:47.2,-0.196,0.202,0.057,27:47.2,22.49796472,-62.4029613
27:47.4,-0.277,0.275,0.058,27:47.4,22.49816559,-62.45447409
27:47.7,-0.231,0.16,0.001,27:47.6,22.50029295,-62.52457885
27:47.9,-0.318,0.321,0.023,27:47.9,22.50198575,-62.59032023
27:48.1,-0.393,0.272,0.027,27:48.0,22.50214782,-62.66445392
27:48.3,-0.358,0.319,0.031,27:48.2,22.50403157,-62.74493111
27:48.5,-0.403,0.378,-0.069,27:48.5,22.50945389,-62.84788717
27:48.7,-0.481,0.388,0,27:48.7,22.51818321,-62.96281993
27:48.9,-0.325,0.504,0.008,27:48.9,22.52764548,-63.06764406
27:49.1,-0.457,0.517,-0.022,27:49.1,22.53712185,-63.18177795
27:49.3,-0.435,0.395,0.01,27:49.3,22.54923822,-63.29627797
27:49.5,-0.549,0.378,0.041,27:49.5,22.56396141,-63.43851105
27:49.8,-0.389,0.339,0.033,27:49.8,22.57924975,-63.58140598
27:50.0,-0.341,0.345,0.035,27:50.0,22.59398119,-63.70052953
27:50.2,-0.298,0.359,0.076,27:50.2,22.61290206,-63.81933317
27:50.4,-0.217,0.375,0.036,27:50.4,22.63221243,-63.95713757
27:50.6,-0.247,0.297,0.104,27:50.6,22.64717174,-64.0655199
27:50.8,-0.231,0.284,0.058,27:50.8,22.66557509,-64.1703014
27:51.0,-0.187,0.343,0.096,27:51.0,22.68744905,-64.29119764
27:51.2,-0.334,0.226,0.054,27:51.3,22.70366428,-64.3802082
27:51.4,-0.285,0.326,0.088,27:51.5,22.71465842,-64.46521268
27:51.6,-0.207,0.404,0.062,27:51.6,22.72418441,-64.54711598
27:51.9,-0.314,0.382,0.122,27:51.9,22.7279268,-64.62824809
27:52.1,-0.279,0.253,0.086,27:52.1,22.72889687,-64.73297377
27:52.3,-0.318,0.24,0.12,27:52.3,22.72461769,-64.8137126
27:52.5,-0.303,0.241,0.112,27:52.5,22.71585873,-64.91726253
27:52.7,-0.444,0.277,0.094,27:52.7,22.70309959,-65.00416197
27:52.9,-0.397,0.273,0.018,27:52.9,22.69112553,-65.09094317
27:53.1,-0.273,0.412,0.039,27:53.2,22.67300011,-65.20147322
27:53.4,-0.428,0.337,0.086,27:53.4,22.65517363,-65.318095
27:53.6,-0.276,0.392,0.042,27:53.6,22.63977791,-65.41741411
27:53.8,-0.372,0.223,0.013,27:53.8,22.62674177,-65.52074393
27:54.0,-0.407,0.394,0.016,27:54.0,22.61811717,-65.64254759
27:54.2,-0.428,0.402,0.004,27:54.2,22.60890372,-65.7483141
27:54.5,-0.43,0.452,0.002,27:54.5,22.6022699,-65.87924728
27:54.7,-0.411,0.499,0.056,27:54.7,22.60393788,-65.99014734
27:54.9,-0.416,0.457,0.051,27:54.9,22.60372233,-66.10124466
27:55.1,-0.325,0.446,0.039,27:55.1,22.60468357,-66.2398879
27:55.3,-0.247,0.542,0.045,27:55.3,22.61206141,-66.35159729
27:55.5,-0.406,0.508,0.048,27:55.5,22.61555336,-66.46660696
27:55.8,-0.357,0.435,0.048,27:55.7,22.61803472,-66.60630597
27:56.0,-0.417,0.348,0.114,27:55.9,22.61883885,-66.71539282
27:56.2,-0.324,0.473,0.068,27:56.2,22.6171399,-66.84866145
27:56.4,-0.267,0.386,0.09,27:56.4,22.61846942,-66.95026054
27:56.6,-0.382,0.367,0.06,27:56.6,22.61614967,-67.04799645
27:56.8,-0.399,0.187,0.082,27:56.8,22.60843627,-67.16712008
27:57.0,-0.294,0.266,0.11,27:57.1,22.60074215,-67.28038573
27:57.3,-0.338,0.329,0.068,27:57.3,22.59063649,-67.37164628
27:57.5,-0.316,0.477,0.052,27:57.5,22.5706403,-67.46903281
27:57.7,-0.301,0.337,0.08,27:57.7,22.56385215,-67.56684949
27:57.9,-0.477,0.307,0.099,27:57.9,22.54842115,-67.65300995
27:58.1,-0.272,0.468,0.054,27:58.1,22.52689481,-67.76284508
27:58.3,-0.345,0.249,0.026,27:58.3,22.51054443,-67.84816609
27:58.5,-0.413,0.435,0.068,27:58.5,22.49179166,-67.93982374
27:58.8,-0.362,0.313,0.035,27:58.8,22.4704548,-68.05549273
27:59.0,-0.48,0.294,0.038,27:59.0,22.45156819,-68.15343035
27:59.2,-0.403,0.444,0.048,27:59.2,22.42953731,-68.27542405
27:59.4,-0.386,0.403,0.041,27:59.4,22.40491641,-68.40140488
27:59.6,-0.411,0.319,0.006,27:59.6,22.39214415,-68.48225233
27:59.8,-0.451,0.42,0.058,27:59.8,22.37350617,-68.61227594
28:00.0,-0.382,0.392,0.029,28:00.0,22.35779438,-68.72081255
28:00.3,-0.348,0.597,0.081,28:00.2,22.34550777,-68.82906417
28:00.5,-0.461,0.341,0.039,28:00.5,22.32648049,-68.98972268
28:00.7,-0.447,0.403,0.096,28:00.7,22.32026921,-69.09802424
28:00.9,-0.379,0.275,0.07,28:00.9,22.31407071,-69.20620321
28:01.1,-0.406,0.295,0.069,28:01.1,22.31386727,-69.31257705
28:01.3,-0.401,0.367,0.11,28:01.4,22.31155436,-69.44376972
28:01.6,-0.297,0.386,0.066,28:01.6,22.31161563,-69.57243222
28:01.8,-0.362,0.396,0.053,28:01.8,22.31515566,-69.67155827
28:02.0,-0.385,0.412,0.034,28:02.0,22.31717518,-69.76900269
28:02.2,-0.315,0.332,0.063,28:02.2,22.31960744,-69.86279285
28:02.4,-0.347,0.245,0.096,28:02.4,22.32198191,-69.97718501
28:02.6,-0.35,0.172,0.072,28:02.6,22.32275872,-70.06695723
28:02.9,-0.349,0.237,0.073,28:02.9,22.32339183,-70.17539628
28:03.1,-0.342,0.146,0.106,28:03.1,22.3189736,-70.26124882
28:03.3,-0.35,0.358,0.072,28:03.3,22.3130435,-70.37095782
28:03.5,-0.341,0.375,0.117,28:03.5,22.30304676,-70.4629848
28:03.7,-0.459,0.351,0.088,28:03.7,22.29537591,-70.55294582
28:03.9,-0.482,0.355,0.057,28:03.9,22.28415771,-70.66719317
28:04.2,-0.377,0.337,0.03,28:04.2,22.27043207,-70.78223787
28:04.4,-0.414,0.388,0.057,28:04.4,22.25948533,-70.87435894
28:04.6,-0.307,0.278,0.011,28:04.6,22.24763264,-70.96689288
28:04.8,-0.409,0.406,0.084,28:04.8,22.23549134,-71.08429677
28:05.0,-0.384,0.359,0.02,28:05.0,22.22781759,-71.17782712
28:05.2,-0.277,0.341,0.011,28:05.2,22.21860047,-71.29571517
28:05.5,-0.465,0.315,0.036,28:05.5,22.21443801,-71.39071023
28:05.7,-0.394,0.339,0.016,28:05.6,22.21393468,-71.48139361
28:05.9,-0.401,0.363,0.032,28:05.9,22.21464253,-71.59745543
28:06.1,-0.299,0.392,0.071,28:06.1,22.21754357,-71.69111214
28:06.3,-0.319,0.269,0.039,28:06.3,22.22300805,-71.80706108
28:06.5,-0.35,0.298,0.054,28:06.6,22.22627242,-71.92039826
28:06.7,-0.273,0.296,0.007,28:06.7,22.23171481,-71.98583229
28:07.0,-0.277,0.235,0.06,28:07.0,22.23876335,-72.09225157
28:07.2,-0.256,0.32,0.04,28:07.2,22.25027703,-72.16576383
28:07.4,-0.295,0.337,0.058,28:07.4,22.25936077,-72.23772868
28:07.6,-0.155,0.3,0.112,28:07.6,22.27183964,-72.34524864
28:07.8,-0.234,0.204,0.085,28:07.8,22.28073314,-72.40498825
28:08.0,-0.172,0.276,0.059,28:08.0,22.28958158,-72.45712507
28:08.2,-0.243,0.08,0.026,28:08.2,22.30007617,-72.50435896
28:08.5,-0.232,0.053,0.091,28:08.5,22.31361614,-72.56262653
28:08.7,-0.194,0.041,0.052,28:08.7,22.32690207,-72.61603341
28:08.9,-0.251,0.113,0.048,28:08.9,22.34196285,-72.6547557
28:09.1,-0.247,0.137,0.035,28:09.1,22.35925959,-72.70627855
28:09.3,-0.31,0.174,0.074,28:09.3,22.37520055,-72.74858436
28:09.6,-0.351,0.041,0,28:09.6,22.38937772,-72.79931952
28:09.8,-0.202,0.203,0.021,28:09.8,22.40948712,-72.86515843
28:10.0,-0.331,0.107,0.037,28:10.0,22.42996204,-72.93755293
28:10.2,-0.336,0.14,0.056,28:10.2,22.45193237,-72.99772303
28:10.4,-0.402,0.139,0.022,28:10.4,22.47305697,-73.06151369
28:10.6,-0.411,0.157,0.08,28:10.7,22.50208204,-73.13847179
28:10.9,-0.365,0.195,0.009,28:10.9,22.52239729,-73.19943681
28:11.1,-0.381,0.118,0.046,28:11.1,22.5500146,-73.27577633
28:11.3,-0.337,0.019,0.087,28:11.3,22.56890985,-73.33654603
28:11.5,-0.31,0.095,0.091,28:11.5,22.5891531,-73.39113606
28:11.7,-0.189,0.077,0.089,28:11.7,22.6164368,-73.45572296
28:11.9,-0.158,-0.01,0.035,28:11.9,22.63901349,-73.50198493
28:12.1,-0.204,0.081,0.063,28:12.1,22.66078383,-73.54265563
28:12.4,-0.173,-0.01,0.023,28:12.4,22.70166825,-73.59844773
28:12.6,-0.134,-0.009,0.025,28:12.6,22.72948692,-73.62673088
28:12.8,-0.125,0.046,-0.022,28:12.8,22.75964899,-73.65189063
28:13.0,-0.044,-0.01,0.012,28:13.0,22.79345651,-73.67354197
28:13.2,-0.048,0.152,0.002,28:13.2,22.83835533,-73.70246605
28:13.5,-0.177,0.079,0.019,28:13.5,22.88910321,-73.72820754
28:13.7,-0.101,0.208,0,28:13.7,22.93649954,-73.74595793
28:13.9,-0.125,0.087,0,28:13.9,22.99405613,-73.77154692
28:14.1,-0.299,0.097,0.042,28:14.1,23.04536903,-73.79116716
28:14.3,-0.221,0.182,0.019,28:14.3,23.09699249,-73.81392618
28:14.5,-0.218,0.157,-0.009,28:14.6,23.15852805,-73.84081771
28:14.8,-0.25,0.117,-0.012,28:14.8,23.22178403,-73.87151
28:15.0,-0.261,0.101,-0.007,28:15.0,23.27415214,-73.90175396
28:15.2,-0.232,0.129,0.035,28:15.2,23.32393132,-73.9334251
28:15.4,-0.353,0.157,0.013,28:15.4,23.3853505,-73.97250589
28:15.6,-0.381,0.045,0.002,28:15.6,23.432275,-74.00758381
28:15.9,-0.196,0.144,0.01,28:15.9,23.49081317,-74.05116915
28:16.1,-0.251,0.032,0.055,28:16.1,23.53336591,-74.08919531
28:16.3,-0.284,-0.068,0.019,28:16.3,23.57050981,-74.1276308
28:16.5,-0.199,0.034,0.012,28:16.5,23.61934599,-74.16919326
28:16.7,-0.271,0.097,0.018,28:16.7,23.65304642,-74.20030716
28:16.9,-0.286,0.003,0.039,28:16.9,23.68770643,-74.22692366
28:17.2,-0.223,0.178,0.085,28:17.2,23.74578937,-74.26206385
28:17.4,-0.184,0.005,0.041,28:17.4,23.78257624,-74.28344942
28:17.6,-0.148,0.07,0.015,28:17.6,23.82305657,-74.29961467
28:17.8,-0.142,0.119,0.016,28:17.8,23.86568949,-74.30882302
28:18.0,-0.106,0.105,0.036,28:18.0,23.92292363,-74.31812309
28:18.2,-0.142,0.048,0.007,28:18.3,23.98339451,-74.32269099
28:18.5,-0.144,0.162,0.023,28:18.5,24.03801413,-74.31988968
28:18.7,-0.111,0.214,0.025,28:18.7,24.09757131,-74.31722795
28:18.9,-0.152,0.199,0.033,28:18.9,24.17039396,-74.31519455
28:19.1,-0.168,0.119,0.066,28:19.1,24.23478435,-74.30884162
28:19.3,-0.216,0.251,0.058,28:19.3,24.30106363,-74.30552776
28:19.6,-0.281,0.206,0.066,28:19.6,24.39771168,-74.3087235
28:19.8,-0.093,0.163,0.072,28:19.8,24.46647731,-74.31154324
28:20.0,-0.186,0.281,0.065,28:20.0,24.53253967,-74.31794469
28:20.2,-0.286,0.149,0.049,28:20.2,24.60045127,-74.32811305
28:20.4,-0.184,0.178,0.064,28:20.4,24.67772311,-74.33925244
28:20.6,-0.279,0.052,0.081,28:20.6,24.75324867,-74.35491213
28:20.9,-0.196,0.151,0.047,28:20.9,24.81339757,-74.373185
28:21.1,-0.075,0.122,0.02,28:21.1,24.88146502,-74.39385179
28:21.3,-0.199,0.038,0.061,28:21.3,24.93209719,-74.41523697
28:21.5,-0.184,-0.02,0.063,28:21.5,24.97956314,-74.43375259
28:21.7,-0.108,0.112,0.053,28:21.7,25.03849418,-74.45034293
28:22.0,-0.181,0.165,-0.008,28:22.0,25.09288004,-74.46199893
28:22.2,-0.156,0.08,0.062,28:22.2,25.13662465,-74.4707919
28:22.4,-0.192,0.006,0.033,28:22.4,25.19398211,-74.47735768
28:22.6,-0.136,0.065,0.021,28:22.6,25.24179567,-74.47743657
28:22.8,-0.107,0.086,-0.021,28:22.8,25.29221666,-74.47338267
28:23.0,-0.222,0.132,0.023,28:23.0,25.35882933,-74.46471207
28:23.3,-0.206,0.261,-0.001,28:23.3,25.41683493,-74.4511197
28:23.5,-0.188,0.163,0,28:23.5,25.49248021,-74.43725289
28:23.7,-0.183,0.26,0.018,28:23.7,25.56110722,-74.41795867
28:23.9,-0.221,0.295,-0.009,28:23.9,25.63715565,-74.39848805
28:24.1,-0.262,0.305,0.012,28:24.1,25.71899448,-74.38044153
28:24.3,-0.291,0.344,0.005,28:24.4,25.84108374,-74.3579261
28:24.6,-0.297,0.369,0.066,28:24.6,25.94046269,-74.34548148
28:24.8,-0.36,0.332,0.01,28:24.8,26.04159292,-74.33163692
28:25.0,-0.405,0.379,-0.011,28:25.0,26.14734348,-74.32115697
28:25.2,-0.501,0.36,-0.011,28:25.2,26.27780077,-74.31453527
28:25.4,-0.417,0.34,0.073,28:25.4,26.4189929,-74.31224456
28:25.6,-0.432,0.372,0.035,28:25.6,26.53398991,-74.31309583
28:25.8,-0.313,0.425,-0.047,28:25.8,26.64843353,-74.31742266
28:26.1,-0.307,0.252,0.076,28:26.1,26.78828463,-74.31948519
28:26.3,-0.396,0.373,0.023,28:26.3,26.90113432,-74.32394638
28:26.5,-0.328,0.288,0.063,28:26.5,27.00552756,-74.32781816
28:26.7,-0.38,0.322,0.067,28:26.7,27.16087421,-74.33030486
28:26.9,-0.365,0.315,0.093,28:26.9,27.25944265,-74.33385292
28:27.1,-0.126,0.368,0.108,28:27.1,27.35239911,-74.33181027
28:27.4,-0.265,0.296,0.097,28:27.3,27.4415247,-74.32707554
28:27.6,-0.209,0.319,0.104,28:27.6,27.55126026,-74.31927556
28:27.8,-0.303,0.267,0.105,28:27.8,27.66055733,-74.30961781
28:28.0,-0.229,0.256,0.134,28:28.0,27.74450446,-74.29765258
28:28.2,-0.298,0.223,0.058,28:28.3,27.8521593,-74.28361966
28:28.5,-0.257,0.276,0.085,28:28.5,27.93667398,-74.26892329
28:28.7,-0.249,0.307,0.085,28:28.7,28.02322145,-74.25200827
28:28.9,-0.171,0.357,0.093,28:28.9,28.11154604,-74.23340283
28:29.1,-0.284,0.357,0.087,28:29.1,28.24573875,-74.21112067
28:29.3,-0.277,0.498,0.074,28:29.3,28.34318742,-74.19630934
28:29.5,-0.278,0.346,0.1,28:29.5,28.44581473,-74.18243697
28:29.8,-0.327,0.351,0.078,28:29.7,28.55049556,-74.17077558
28:30.0,-0.283,0.305,0.058,28:30.0,28.6858683,-74.16102468
28:30.2,-0.35,0.345,0.045,28:30.2,28.8287534,-74.15777327
28:30.4,-0.363,0.423,0.078,28:30.4,28.94396361,-74.15451421
28:30.6,-0.415,0.238,0.012,28:30.6,29.06417961,-74.16128747
28:30.8,-0.327,0.225,0.038,28:30.8,29.20848322,-74.16855354
28:31.0,-0.452,0.332,0.077,28:31.0,29.32532194,-74.17811168
28:31.3,-0.469,0.178,0.1,28:31.2,29.44003422,-74.19418372
28:31.5,-0.256,0.194,0.096,28:31.5,29.58154925,-74.21092832
28:31.7,-0.359,0.205,0.037,28:31.7,29.71642903,-74.22663036
28:31.9,-0.427,0.201,0.095,28:31.9,29.81669402,-74.23806529
28:32.1,-0.329,0.127,0.121,28:32.1,29.91753988,-74.25010878
28:32.3,-0.335,0.206,0.129,28:32.4,30.03890054,-74.26394324
28:32.6,-0.159,0.254,0.125,28:32.6,30.15545084,-74.27259325
28:32.8,-0.164,0.299,0.09,28:32.8,30.24402798,-74.27411149
28:33.0,-0.237,0.291,0.121,28:33.0,30.32817522,-74.27202932
28:33.2,-0.216,0.297,0.092,28:33.2,30.4328309,-74.2688463
28:33.4,-0.225,0.384,0.121,28:33.4,30.51726749,-74.26172059
28:33.6,-0.265,0.179,0.105,28:33.6,30.6017158,-74.25162869
28:33.9,-0.209,0.421,0.113,28:33.9,30.72993775,-74.24367426
28:34.1,-0.307,0.365,0.069,28:34.1,30.81672075,-74.22931576
28:34.3,-0.231,0.303,0.075,28:34.3,30.91023904,-74.21721717
28:34.5,-0.175,0.338,0.059,28:34.5,31.0075489,-74.2074747
28:34.7,-0.328,0.404,0.039,28:34.7,31.12895976,-74.20017686
28:35.0,-0.338,0.329,0.01,28:35.0,31.25333695,-74.19344307
28:35.2,-0.311,0.317,0.01,28:35.2,31.36244993,-74.19470515
28:35.4,-0.418,0.342,0.001,28:35.4,31.47500034,-74.19912982
28:35.6,-0.309,0.415,0.05,28:35.6,31.58820903,-74.20750409
28:35.8,-0.382,0.38,0.079,28:35.8,31.72801826,-74.22099037
28:36.0,-0.463,0.332,0.064,28:36.0,31.84447099,-74.23587188
28:36.3,-0.377,0.352,0.065,28:36.3,31.99006612,-74.25653069
28:36.5,-0.347,0.391,0.077,28:36.5,32.10711176,-74.27505515
28:36.7,-0.36,0.388,0.075,28:36.7,32.24728669,-74.29602937
28:36.9,-0.462,0.471,0.04,28:36.9,32.36383879,-74.31718044
28:37.1,-0.386,0.367,0.058,28:37.1,32.47647635,-74.33851829
28:37.3,-0.316,0.365,0.043,28:37.3,32.61288436,-74.36407583
28:37.6,-0.284,0.257,0.093,28:37.6,32.7420863,-74.38299611
28:37.8,-0.37,0.249,0.086,28:37.8,32.84329743,-74.39823394
28:38.0,-0.245,0.298,0.069,28:38.0,32.94223465,-74.41653473
28:38.2,-0.336,0.169,0.086,28:38.2,33.05908736,-74.42806523
28:38.4,-0.315,0.132,0.093,28:38.4,33.14737404,-74.4314127
28:38.7,-0.34,0.253,0.079,28:38.7,33.25968855,-74.43591621
28:38.9,-0.317,0.244,0.145,28:38.9,33.34117583,-74.43286528
28:39.1,-0.226,0.193,0.097,28:39.1,33.44590651,-74.42793555
28:39.3,-0.25,0.28,0.084,28:39.3,33.53189896,-74.41999925
28:39.5,-0.212,0.313,0.061,28:39.5,33.61935582,-74.41505644
28:39.7,-0.337,0.348,0.081,28:39.7,33.72957744,-74.40565944
28:40.0,-0.369,0.394,0.072,28:40.0,33.84344002,-74.39579293
28:40.2,-0.309,0.271,0.104,28:40.2,33.93780642,-74.38938189
28:40.4,-0.327,0.385,0.068,28:40.4,34.05698316,-74.38436448
28:40.6,-0.277,0.281,0.067,28:40.6,34.16297768,-74.38596816
28:40.8,-0.349,0.348,0.045,28:40.8,34.26653269,-74.38751609
28:41.1,-0.341,0.291,0.026,28:41.1,34.42162946,-74.39521558
28:41.3,-0.447,0.298,0.061,28:41.3,34.53229041,-74.40560188
28:41.5,-0.385,0.43,0.036,28:41.5,34.6677114,-74.41852599
28:41.7,-0.304,0.34,0.027,28:41.7,34.77868181,-74.43405302
28:41.9,-0.369,0.321,0.05,28:41.9,34.88739512,-74.45362412
28:42.2,-0.382,0.294,0.075,28:42.2,35.04649732,-74.47308874
28:42.4,-0.288,0.279,0.071,28:42.4,35.14536125,-74.48950806
28:42.6,-0.318,0.275,0.038,28:42.6,35.23950944,-74.5056351
28:42.8,-0.297,0.259,0.086,28:42.8,35.35469901,-74.52244678
28:43.0,-0.305,0.233,0.038,28:43.0,35.44597012,-74.53635777
28:43.3,-0.333,0.205,0.104,28:43.3,35.55679067,-74.55060464
28:43.5,-0.322,0.174,0.048,28:43.5,35.66190362,-74.56028536
28:43.7,-0.322,0.197,0.094,28:43.7,35.7475933,-74.5677253
28:43.9,-0.332,0.194,0.06,28:43.9,35.83496072,-74.57222497
28:44.1,-0.253,0.219,0.071,28:44.1,35.9225756,-74.57375345
28:44.3,-0.31,0.307,0.088,28:44.4,36.03850193,-74.57645708
28:44.6,-0.292,0.371,0.007,28:44.6,36.15375575,-74.57656365
28:44.8,-0.305,0.272,0.077,28:44.8,36.24137731,-74.57688703
28:45.0,-0.296,0.391,0.052,28:45.0,36.36410645,-74.57646649
28:45.2,-0.388,0.397,0.09,28:45.2,36.46339423,-74.57666953
28:45.5,-0.326,0.339,0.098,28:45.4,36.57048645,-74.57795257
28:45.7,-0.374,0.312,0.081,28:45.7,36.70589586,-74.57182547
28:45.9,-0.312,0.386,0.07,28:45.9,36.83456229,-74.56694705
28:46.1,-0.396,0.274,0.07,28:46.1,36.93483126,-74.56287385
28:46.3,-0.367,0.253,0.051,28:46.3,37.04050071,-74.55749525
28:46.5,-0.279,0.236,0.038,28:46.5,37.16191622,-74.55473004
28:46.8,-0.218,0.361,0.103,28:46.7,37.26274754,-74.54949927
28:47.0,-0.26,0.441,0.15,28:47.0,37.38627779,-74.5464151
28:47.2,-0.247,0.285,0.099,28:47.2,37.50389326,-74.54346593
28:47.4,-0.178,0.264,0.118,28:47.4,37.59683265,-74.54066394
28:47.6,-0.189,0.281,0.062,28:47.6,37.69420026,-74.53713155
28:47.8,-0.379,0.322,0.028,28:47.8,37.78458486,-74.53880413
28:48.1,-0.403,0.332,0.01,28:48.1,37.89940658,-74.54272569
28:48.3,-0.428,0.284,0.024,28:48.3,38.01899521,-74.54656052
28:48.5,-0.346,0.319,0.025,28:48.5,38.11820074,-74.55460231
28:48.7,-0.321,0.342,0.049,28:48.7,38.22064748,-74.5632875
28:48.9,-0.382,0.279,0.05,28:48.9,38.34986646,-74.57487811
28:49.1,-0.417,0.353,0.004,28:49.1,38.46446232,-74.58808246
28:49.4,-0.321,0.304,0.081,28:49.4,38.59829413,-74.60043269
28:49.6,-0.401,0.294,0.081,28:49.6,38.7324389,-74.60781947
28:49.8,-0.441,0.532,0.041,28:49.8,38.84925991,-74.61713211
28:50.0,-0.324,0.273,0.102,28:50.0,38.96333016,-74.62198605
28:50.2,-0.243,0.303,0.059,28:50.2,39.06896335,-74.62388301
28:50.5,-0.281,0.337,0.019,28:50.5,39.20270547,-74.6215122
28:50.7,-0.274,0.361,0.112,28:50.7,39.33840749,-74.62549002
28:50.9,-0.237,0.358,0.098,28:50.9,39.43801231,-74.6167524
28:51.1,-0.206,0.383,0.089,28:51.1,39.56042534,-74.60703009
28:51.3,-0.256,0.304,0.121,28:51.3,39.65432325,-74.59650094
28:51.5,-0.211,0.327,0.114,28:51.5,39.74977029,-74.58697091
28:51.8,-0.222,0.291,0.061,28:51.8,39.86841064,-74.58069106
28:52.0,-0.268,0.252,0.073,28:52.0,39.98155775,-74.57033665
28:52.2,-0.181,0.299,0.071,28:52.2,40.06897611,-74.56264762
28:52.4,-0.355,0.359,0.081,28:52.4,40.15678445,-74.55861459
28:52.6,-0.349,0.324,0.057,28:52.6,40.27027131,-74.55136873
28:52.9,-0.309,0.279,0.08,28:52.9,40.38346999,-74.54917186
28:53.1,-0.3,0.403,0.018,28:53.1,40.47233293,-74.55146232
28:53.3,-0.376,0.236,0.052,28:53.3,40.58432902,-74.55407612
28:53.5,-0.247,0.447,0.09,28:53.5,40.67521461,-74.5591553
28:53.7,-0.382,0.403,0.063,28:53.8,40.79130724,-74.5683336
28:54.0,-0.278,0.213,0.047,28:54.0,40.88814367,-74.57792614
28:54.2,-0.328,0.344,0.029,28:54.2,41.0139371,-74.58712098
28:54.4,-0.423,0.299,0.044,28:54.4,41.10904475,-74.60144898
28:54.6,-0.287,0.352,0.06,28:54.6,41.23014345,-74.61448343
28:54.8,-0.404,0.276,0.028,28:54.8,41.32786169,-74.62393523
28:55.0,-0.373,0.323,0.045,28:55.0,41.43450934,-74.64020516
28:55.3,-0.282,0.253,0.056,28:55.3,41.55935337,-74.64637191
28:55.5,-0.322,0.14,0.022,28:55.5,41.67986689,-74.64999455
28:55.7,-0.287,0.237,0.035,28:55.8,41.81076487,-74.66282464
28:56.0,-0.336,0.346,0.077,28:56.0,41.90755398,-74.66766211
28:56.2,-0.311,0.36,0.067,28:56.2,42.00350342,-74.66969377
28:56.4,-0.275,0.356,0.122,28:56.4,42.12332682,-74.67407541
28:56.6,-0.312,0.36,0.056,28:56.6,42.24015863,-74.67501231
28:56.8,-0.311,0.222,0.052,28:56.8,42.33368349,-74.67314012
28:57.1,-0.149,0.284,0.067,28:57.1,42.45012086,-74.67379476
28:57.3,-0.318,0.304,0.083,28:57.3,42.5458804,-74.67184082
28:57.5,-0.372,0.259,0.048,28:57.5,42.66179932,-74.66849295
28:57.8,-0.285,0.237,0.081,28:57.8,42.77910761,-74.66681699
28:58.0,-0.4,0.202,0.03,28:58.0,42.87560494,-74.66754711
28:58.2,-0.329,0.242,0.102,28:58.2,42.99477837,-74.67383263
28:58.4,-0.351,0.334,0.113,28:58.4,43.11919116,-74.67326695
28:58.6,-0.393,0.22,0.071,28:58.6,43.22104745,-74.67592166
28:58.9,-0.382,0.322,0.093,28:58.9,43.34753414,-74.68509362
28:59.1,-0.318,0.26,0.055,28:59.1,43.45130255,-74.69371286
28:59.3,-0.479,0.325,0.065,28:59.3,43.57736882,-74.70744826
28:59.5,-0.453,0.22,0.036,28:59.5,43.67169357,-74.71409173
28:59.7,-0.294,0.291,0.099,28:59.7,43.77387764,-74.71863353
29:00.0,-0.446,0.474,0.058,29:00.0,43.89939534,-74.71962054
29:00.2,-0.308,0.33,0.077,29:00.2,44.02246691,-74.73048302
29:00.4,-0.244,0.26,0.062,29:00.4,44.12755906,-74.73318147
29:00.6,-0.271,0.27,0.094,29:00.6,44.25316113,-74.74245682
29:00.8,-0.303,0.386,0.058,29:00.8,44.35282961,-74.74562207
29:01.0,-0.325,0.305,0.079,29:01.0,44.45593992,-74.74396439
29:01.3,-0.346,0.299,0.127,29:01.3,44.57953482,-74.75000774
29:01.5,-0.394,0.208,0.119,29:01.5,44.70471898,-74.74808078
29:01.7,-0.312,0.437,0.119,29:01.7,44.81161991,-74.74807962
29:01.9,-0.302,0.276,0.071,29:01.9,44.91579789,-74.74607619
29:02.1,-0.395,0.353,0.065,29:02.2,45.04595494,-74.74568682
29:02.4,-0.338,0.321,0.036,29:02.4,45.18212398,-74.74412715
29:02.6,-0.35,0.35,0.05,29:02.6,45.29306489,-74.74844266
29:02.8,-0.264,0.304,0.068,29:02.8,45.40222532,-74.75314797
29:03.0,-0.351,0.352,0.135,29:03.0,45.5136876,-74.76183272
29:03.2,-0.342,0.275,0.116,29:03.2,45.6495883,-74.76864846
29:03.4,-0.265,0.305,0.112,29:03.4,45.76010944,-74.77492001
29:03.7,-0.284,0.323,0.014,29:03.7,45.89832997,-74.77929034
29:03.9,-0.331,0.369,0.085,29:03.9,46.00767019,-74.78774826
29:04.1,-0.442,0.191,0.078,29:04.1,46.13551657,-74.79082275
29:04.3,-0.348,0.338,0.075,29:04.3,46.24001232,-74.79773381
29:04.5,-0.397,0.264,0.084,29:04.5,46.33930347,-74.80037296
29:04.8,-0.343,0.267,0.093,29:04.8,46.48762811,-74.80446156
29:05.0,-0.374,0.31,0.098,29:05.0,46.5784769,-74.80294579
29:05.2,-0.278,0.292,0.066,29:05.2,46.66994434,-74.80475634
29:05.4,-0.366,0.346,0.04,29:05.4,46.78093077,-74.80341849
29:05.6,-0.287,0.206,0.067,29:05.6,46.86636609,-74.8040386
29:05.8,-0.357,0.29,0.074,29:05.8,46.95117648,-74.80365269
29:06.1,-0.331,0.241,0.062,29:06.1,47.08353748,-74.79955853
29:06.3,-0.313,0.385,0.081,29:06.3,47.16911803,-74.80288182
29:06.5,-0.2,0.347,0.102,29:06.5,47.25817408,-74.80027301
29:06.7,-0.412,0.327,0.102,29:06.7,47.36882902,-74.80083532
29:06.9,-0.334,0.303,0.025,29:06.9,47.48786958,-74.80244738
29:07.2,-0.306,0.456,0.048,29:07.2,47.60973504,-74.80991772
29:07.4,-0.342,0.402,0.026,29:07.4,47.70993351,-74.81187537
29:07.6,-0.429,0.27,0.045,29:07.6,47.83278154,-74.8265201
29:07.8,-0.433,0.277,0.051,29:07.8,47.9339063,-74.82980352
29:08.0,-0.352,0.422,0.046,29:08.1,48.03693384,-74.83152957
29:08.3,-0.315,0.284,0.065,29:08.2,48.14194632,-74.83910787
29:08.5,-0.308,0.361,0.053,29:08.5,48.30211059,-74.84613317
29:08.7,-0.331,0.355,0.094,29:08.7,48.40995763,-74.85218691
29:08.9,-0.29,0.392,0.056,29:09.0,48.54264478,-74.85826695
29:09.2,-0.314,0.294,0.071,29:09.2,48.646767,-74.86220715
29:09.4,-0.251,0.271,0.064,29:09.4,48.7686332,-74.86841587
29:09.6,-0.188,0.286,0.061,29:09.6,48.89338358,-74.87147372
29:09.9,-0.265,0.313,0.041,29:09.9,48.99143216,-74.87394411
29:10.1,-0.281,0.238,0.078,29:10.1,49.08153726,-74.87641089
29:10.3,-0.207,0.335,0.09,29:10.3,49.20096658,-74.88054613
29:10.5,-0.314,0.286,0.075,29:10.5,49.29251698,-74.88079285
29:10.8,-0.289,0.24,0.084,29:10.8,49.42734867,-74.88050266
29:11.0,-0.38,0.436,0.068,29:11.0,49.51792815,-74.88194643
29:11.2,-0.408,0.269,0.029,29:11.2,49.63139782,-74.88684337
29:11.4,-0.35,0.278,0.017,29:11.4,49.7252356,-74.88754519
29:11.6,-0.376,0.392,0.05,29:11.7,49.84479966,-74.89260254
29:11.9,-0.363,0.319,0.033,29:11.9,49.96957126,-74.89618146
29:12.1,-0.411,0.34,0.071,29:12.1,50.07149515,-74.9004381
29:12.3,-0.343,0.376,0.093,29:12.3,50.16902479,-74.89929167
29:12.5,-0.469,0.346,0.08,29:12.5,50.29213187,-74.90476942
29:12.7,-0.271,0.347,0.101,29:12.7,50.39314873,-74.91051674
29:13.0,-0.373,0.322,0.061,29:13.0,50.5203462,-74.91806294
29:13.2,-0.4,0.312,0.065,29:13.2,50.64681543,-74.92302136
29:13.4,-0.319,0.268,0.002,29:13.4,50.75466187,-74.93364958
29:13.6,-0.267,0.305,0.077,29:13.7,50.8872556,-74.94419048
29:13.9,-0.463,0.386,0.079,29:13.9,50.99089871,-74.94912509
29:14.1,-0.477,0.299,0.102,29:14.1,51.09132428,-74.95240433
29:14.3,-0.377,0.307,0.065,29:14.3,51.24411181,-74.95796404
29:14.5,-0.285,0.302,0.098,29:14.5,51.33975189,-74.96119966
29:14.7,-0.399,0.307,0.067,29:14.7,51.4393771,-74.96469627
29:15.0,-0.249,0.4,0.106,29:15.0,51.5594772,-74.96496454
29:15.2,-0.285,0.377,0.104,29:15.2,51.65401864,-74.96175595
29:15.4,-0.418,0.328,0.062,29:15.4,51.77905889,-74.96072065
29:15.6,-0.287,0.301,0.052,29:15.7,51.90082941,-74.96054864
29:15.8,-0.347,0.249,0.002,29:15.9,52.00013576,-74.95722817
29:16.1,-0.327,0.326,-0.019,29:16.0,52.09931647,-74.95559431
29:16.3,-0.27,0.324,0.012,29:16.3,52.22819036,-74.95611451
29:16.5,-0.325,0.328,0.055,29:16.5,52.35300683,-74.9596757
29:16.8,-0.249,0.374,0.028,29:16.8,52.48323405,-74.96231267
29:17.0,-0.356,0.355,0.019,29:17.0,52.59196647,-74.96827483
29:17.2,-0.409,0.328,0.073,29:17.2,52.70605331,-74.97522018
29:17.4,-0.316,0.425,0.041,29:17.4,52.84728513,-74.9843913
29:17.6,-0.374,0.308,0.019,29:17.6,52.95759813,-74.99670861
29:17.9,-0.268,0.317,0.04,29:17.9,53.09237534,-75.0139312
29:18.1,-0.35,0.239,0.056,29:18.1,53.22856834,-75.02696405
29:18.3,-0.317,0.455,0.079,29:18.3,53.33296912,-75.03814572
29:18.5,-0.295,0.308,0.122,29:18.5,53.45919525,-75.04597969
29:18.7,-0.314,0.109,0.078,29:18.7,53.5517872,-75.04812471
29:19.0,-0.304,0.216,0.053,29:19.0,53.66763428,-75.05576538
29:19.2,-0.318,0.175,0.13,29:19.2,53.78825659,-75.05514096
29:19.4,-0.333,0.13,0.087,29:19.4,53.87187795,-75.04977064
29:19.6,-0.389,0.263,0.088,29:19.6,53.96440575,-75.04109251
29:19.8,-0.164,0.201,0.165,29:19.8,54.06918279,-75.0326717
29:20.0,-0.343,0.296,0.113,29:20.0,54.15136059,-75.01970883
29:20.3,-0.192,0.293,0.124,29:20.3,54.25967971,-75.00238433
29:20.5,-0.291,0.317,0.039,29:20.5,54.36659013,-74.99236836
29:20.7,-0.325,0.367,0.074,29:20.7,54.45483083,-74.97700884
29:20.9,-0.283,0.321,0.075,29:20.9,54.55290691,-74.9685729
29:21.2,-0.425,0.39,0.007,29:21.2,54.67364568,-74.96587457
29:21.4,-0.385,0.378,0.048,29:21.4,54.77752402,-74.96200138
29:21.6,-0.233,0.349,0.09,29:21.6,54.93081225,-74.96275199
29:21.8,-0.362,0.305,0.044,29:21.8,55.03645895,-74.9648009
29:22.0,-0.415,0.416,0.032,29:22.0,55.15135097,-74.97770194
29:22.3,-0.479,0.396,0.031,29:22.3,55.26922826,-74.99203106
29:22.5,-0.458,0.35,0.051,29:22.5,55.41335111,-75.01020737
29:22.7,-0.329,0.452,0.007,29:22.7,55.56011219,-75.03349779
29:22.9,-0.31,0.24,0.077,29:22.9,55.68012798,-75.05696254
29:23.2,-0.361,0.195,0.045,29:23.2,55.81278684,-75.08387331
29:23.4,-0.238,0.24,0.06,29:23.4,55.92096622,-75.10325996
29:23.6,-0.397,0.183,0.055,29:23.6,56.04833913,-75.11958054
29:23.8,-0.169,0.276,0.071,29:23.8,56.14677006,-75.12990539
29:24.1,-0.243,0.266,0.109,29:24.1,56.28922811,-75.14025605
29:24.3,-0.258,0.339,0.072,29:24.3,56.37169733,-75.14172742
29:24.5,-0.219,0.314,0.065,29:24.5,56.46956745,-75.14449729
29:24.7,-0.19,0.239,0.115,29:24.7,56.55414182,-75.13451526
29:24.9,-0.211,0.224,0.102,29:24.9,56.63047567,-75.12069021
29:25.2,-0.264,0.38,0.116,29:25.2,56.75037932,-75.10158225
29:25.4,-0.155,0.359,0.052,29:25.4,56.83061632,-75.07942318
29:25.6,-0.298,0.341,0.022,29:25.7,56.94031947,-75.05812484
29:25.9,-0.195,0.331,-0.005,29:25.9,57.02827026,-75.03281641
29:26.1,-0.237,0.287,-0.003,29:26.1,57.11908731,-75.01453023
29:26.3,-0.311,0.442,-0.045,29:26.3,57.25656328,-75.00134679
29:26.5,-0.351,0.495,-0.006,29:26.5,57.35578833,-75.000843
29:26.8,-0.43,0.256,0.04,29:26.8,57.48323409,-75.00463536
29:27.0,-0.381,0.328,0.022,29:27.0,57.59309038,-75.01009322
29:27.2,-0.522,0.364,0.028,29:27.2,57.72722678,-75.02117719
29:27.5,-0.446,0.336,0.04,29:27.5,57.86984029,-75.03105527
29:27.7,-0.42,0.311,0.032,29:27.7,57.98869607,-75.05162092
29:27.9,-0.364,0.266,0.07,29:27.9,58.1355749,-75.07357728
29:28.1,-0.49,0.25,0.009,29:28.1,58.2462878,-75.09422737
29:28.3,-0.409,0.285,0.058,29:28.3,58.38929826,-75.12004312
29:28.6,-0.419,0.433,0.01,29:28.6,58.52600624,-75.14503885
29:28.8,-0.321,0.21,-0.014,29:28.8,58.62781889,-75.16188133
29:29.0,-0.345,0.28,0.063,29:29.0,58.75183017,-75.18006372
29:29.2,-0.362,0.254,0.053,29:29.2,58.84623721,-75.18850472
29:29.4,-0.157,0.193,0.108,29:29.4,58.93204183,-75.19260078
29:29.7,-0.268,0.295,0.1,29:29.7,59.03753431,-75.19091842
29:29.9,-0.279,0.265,0.014,29:29.9,59.14038056,-75.18668139
29:30.1,-0.171,0.319,0.1,29:30.1,59.22716867,-75.17792969
29:30.3,-0.138,0.322,0.065,29:30.3,59.33466807,-75.15840044
29:30.5,-0.135,0.226,0.051,29:30.5,59.41814255,-75.14320565
29:30.8,-0.397,0.137,0.03,29:30.8,59.52590453,-75.12672577
29:31.0,-0.258,0.425,0.111,29:31.0,59.633966,-75.11422118
29:31.2,-0.308,0.352,0.026,29:31.2,59.72999543,-75.09801381
29:31.4,-0.301,0.25,0.057,29:31.4,59.82344373,-75.08817482
29:31.7,-0.282,0.336,0.066,29:31.6,59.95021189,-75.08151676
29:31.9,-0.356,0.325,0.052,29:31.9,60.07427484,-75.0792915
29:32.1,-0.425,0.267,0.061,29:32.1,60.20153212,-75.07894653
29:32.3,-0.386,0.271,0.073,29:32.3,60.30486657,-75.08510265
29:32.6,-0.205,0.348,0.042,29:32.6,60.43266311,-75.09779679
29:32.8,-0.375,0.439,0.08,29:32.8,60.54245753,-75.11386096
29:33.0,-0.322,0.265,0.007,29:33.0,60.67338691,-75.12518763
29:33.3,-0.357,0.237,0.071,29:33.2,60.80375086,-75.14723716
29:33.5,-0.36,0.247,0.069,29:33.5,60.90777211,-75.16821092
29:33.7,-0.35,0.288,0.046,29:33.7,61.03812551,-75.18653105
29:33.9,-0.318,0.394,0.056,29:33.9,61.13958785,-75.20430586
29:34.1,-0.324,0.306,0.073,29:34.1,61.23572698,-75.21882343
29:34.4,-0.374,0.28,0.102,29:34.4,61.37541333,-75.23540268
29:34.6,-0.266,0.332,0.042,29:34.6,61.46385636,-75.24241211
29:34.8,-0.265,0.158,0.101,29:34.8,61.5744515,-75.24543234
29:35.0,-0.343,0.378,0.073,29:35.0,61.66311411,-75.2499352
29:35.2,-0.323,0.348,0.023,29:35.2,61.74932691,-75.253547
29:35.5,-0.205,0.16,0.032,29:35.5,61.8632592,-75.25600942
29:35.7,-0.33,0.365,0.05,29:35.7,61.97528143,-75.25771072
29:35.9,-0.309,0.332,0.065,29:35.9,62.08338634,-75.26036185
29:36.2,-0.272,0.395,0.088,29:36.1,62.17111467,-75.25901013
29:36.4,-0.431,0.297,0.027,29:36.4,62.28798315,-75.2542635
29:36.6,-0.295,0.205,0.013,29:36.6,62.38610477,-75.24947217
29:36.8,-0.335,0.314,0.04,29:36.9,62.52128513,-75.24552604
29:37.1,-0.378,0.351,0.044,29:37.1,62.61710539,-75.24369924
29:37.3,-0.368,0.308,0.059,29:37.3,62.71376088,-75.24461261
29:37.5,-0.413,0.342,0.057,29:37.5,62.83888092,-75.2528859
29:37.7,-0.449,0.36,0.073,29:37.7,62.95588678,-75.2518885
29:37.9,-0.373,0.363,0.039,29:37.9,63.08820062,-75.24943266
29:38.2,-0.418,0.397,0.027,29:38.2,63.22690476,-75.25486975
29:38.4,-0.327,0.359,0.018,29:38.4,63.34382941,-75.26539303
29:38.6,-0.447,0.388,0.08,29:38.6,63.48554782,-75.26819448
29:38.8,-0.531,0.346,0.018,29:38.8,63.60136174,-75.27641119
29:39.0,-0.451,0.342,0.029,29:39.1,63.74493855,-75.2847366
29:39.3,-0.439,0.246,0.122,29:39.3,63.88444155,-75.29593471
29:39.5,-0.309,0.292,0.084,29:39.5,63.99727661,-75.30750047
29:39.7,-0.379,0.373,0.089,29:39.7,64.13178561,-75.31725429
29:40.0,-0.339,0.238,0.06,29:39.9,64.23731617,-75.3256609
29:40.2,-0.32,0.217,0.073,29:40.2,64.36638895,-75.33305284
29:40.4,-0.317,0.191,0.066,29:40.4,64.48991589,-75.33624404
29:40.6,-0.301,0.135,0.076,29:40.6,64.5837497,-75.34056795
29:40.9,-0.251,0.3,0.124,29:40.9,64.69878337,-75.34532332
29:41.1,-0.305,0.219,0.094,29:41.1,64.78841338,-75.34942345
29:41.3,-0.364,0.356,0.11,29:41.3,64.9094826,-75.35759452
29:41.6,-0.221,0.289,0.049,29:41.6,65.02535629,-75.35973795
29:41.8,-0.316,0.388,0.033,29:41.8,65.11115816,-75.36592187
29:42.0,-0.402,0.337,0.031,29:42.0,65.22878551,-75.36287031
29:42.2,-0.435,0.366,0.022,29:42.2,65.34704116,-75.36707284
29:42.4,-0.333,0.282,0.033,29:42.4,65.4431186,-75.36938985
29:42.7,-0.313,0.495,0.091,29:42.7,65.56029748,-75.37571646
29:42.9,-0.273,0.27,0.057,29:42.9,65.66021051,-75.37938682
29:43.1,-0.277,0.299,0.137,29:43.1,65.79066238,-75.37914226
29:43.3,-0.349,0.346,0.076,29:43.3,65.90309087,-75.3768092
29:43.5,-0.312,0.406,0.078,29:43.5,66.00097145,-75.37750776
29:43.7,-0.515,0.328,0.087,29:43.7,66.12967639,-75.3835745
29:44.0,-0.296,0.337,0.063,29:44.0,66.25324385,-75.38449193
29:44.2,-0.287,0.378,0.056,29:44.2,66.37082345,-75.38028684
29:44.4,-0.206,0.31,0.09,29:44.4,66.47209581,-75.37814214
29:44.7,-0.175,0.285,0.109,29:44.7,66.58939696,-75.36776654
29:44.9,-0.21,0.309,0.081,29:44.9,66.67821121,-75.36161698
29:45.1,-0.193,0.391,0.053,29:45.1,66.81199823,-75.34882792
29:45.3,-0.306,0.283,0.08,29:45.4,66.90341072,-75.34298032
29:45.6,-0.248,0.369,0.116,29:45.5,66.99688338,-75.33693406
29:45.8,-0.364,0.37,0.073,29:45.8,67.11161208,-75.33405974
29:46.0,-0.381,0.316,0.086,29:46.0,67.20922043,-75.33095844
29:46.3,-0.241,0.222,0.058,29:46.3,67.35825581,-75.32651999
29:46.5,-0.272,0.366,-0.032,29:46.5,67.45388432,-75.33278313
29:46.7,-0.426,0.283,-0.007,29:46.7,67.5589751,-75.34631915
29:46.9,-0.457,0.29,-0.013,29:46.9,67.68724424,-75.35954675
29:47.1,-0.252,0.329,0.031,29:47.1,67.78917456,-75.37817768
29:47.4,-0.413,0.251,0.044,29:47.4,67.94447265,-75.40192013
29:47.6,-0.415,0.278,0.034,29:47.6,68.05026979,-75.42908285
29:47.8,-0.328,0.251,0.049,29:47.8,68.15356673,-75.45153762
29:48.0,-0.265,0.269,0.116,29:48.0,68.2818821,-75.47085537
29:48.2,-0.324,0.234,0.102,29:48.2,68.38684832,-75.48175483
29:48.5,-0.229,0.202,0.062,29:48.5,68.50731397,-75.49254255
29:48.7,-0.402,0.4,0.056,29:48.7,68.63054184,-75.49520285
29:48.9,-0.192,0.282,0.071,29:48.9,68.72550722,-75.48988441
29:49.1,-0.266,0.235,0.04,29:49.1,68.81621156,-75.4763029
29:49.3,-0.314,0.419,0.045,29:49.3,68.9368164,-75.4605586
29:49.6,-0.275,0.351,0.039,29:49.5,69.02808289,-75.44194139
29:49.8,-0.228,0.398,0.061,29:49.8,69.17302382,-75.42083453
29:50.0,-0.326,0.415,0.046,29:50.0,69.27025262,-75.39822927
29:50.2,-0.268,0.406,0.057,29:50.2,69.36813992,-75.3770114
29:50.5,-0.303,0.303,0.048,29:50.5,69.48815048,-75.35935229
29:50.7,-0.361,0.416,0.041,29:50.7,69.62268989,-75.33988601
29:50.9,-0.296,0.385,0.048,29:51.0,69.75189164,-75.32610103
29:51.2,-0.297,0.409,0.015,29:51.2,69.86138681,-75.3221241
29:51.4,-0.417,0.214,-0.029,29:51.4,69.96984079,-75.3262967
29:51.6,-0.478,0.284,0.064,29:51.6,70.10620361,-75.33601486
29:51.8,-0.484,0.248,0.068,29:51.8,70.21479073,-75.35504686
29:52.1,-0.444,0.452,0.054,29:52.1,70.37528436,-75.37715197
29:52.3,-0.453,0.207,0.07,29:52.3,70.47780395,-75.40761486
29:52.5,-0.355,0.36,0.027,29:52.5,70.57784971,-75.43588501
29:52.7,-0.374,0.265,0.081,29:52.7,70.70148652,-75.46831071
29:52.9,-0.338,0.115,0.102,29:52.9,70.79947485,-75.49806055
29:53.2,-0.243,0.337,0.097,29:53.2,70.94220139,-75.52545434
29:53.4,-0.27,0.227,0.038,29:53.4,71.02659702,-75.53827746
29:53.6,-0.277,0.362,0.066,29:53.6,71.13918648,-75.55254037
29:53.8,-0.226,0.309,0.06,29:53.9,71.22697645,-75.54167162
29:54.1,-0.242,0.365,0.032,29:54.1,71.32713508,-75.55074541
29:54.3,-0.221,0.366,0.03,29:54.3,71.42935178,-75.53874782
29:54.5,-0.244,0.255,0.029,29:54.5,71.5288117,-75.49766214
29:54.7,-0.18,0.212,0.032,29:54.8,71.6219234,-75.49964252
29:55.0,-0.193,0.358,0.019,29:55.0,71.7125342,-75.47978586
29:55.2,-0.23,0.393,0.055,29:55.2,71.81325924,-75.4594585
29:55.4,-0.341,0.3,0.007,29:55.4,71.96188098,-75.43618327
29:55.6,-0.268,0.419,0.042,29:55.6,72.06576274,-75.42137539
29:55.9,-0.272,0.421,0.067,29:55.8,72.17704505,-75.41041404
29:56.1,-0.321,0.414,0.076,29:56.1,72.31765074,-75.40203821
29:56.3,-0.339,0.384,0.06,29:56.3,72.45759332,-75.40552777
29:56.6,-0.412,0.402,0.043,29:56.6,72.60141567,-75.41034105
29:56.8,-0.41,0.389,0.032,29:56.8,72.7217024,-75.42255486
29:57.0,-0.42,0.308,0.07,29:57.0,72.85859344,-75.4424556
29:57.2,-0.262,0.324,0.074,29:57.2,72.97106741,-75.46011958
29:57.4,-0.447,0.377,0.081,29:57.4,73.10839303,-75.48481029
29:57.7,-0.426,0.236,0.104,29:57.7,73.23811293,-75.51005807
29:57.9,-0.363,0.284,0.057,29:57.9,73.33878975,-75.53775243
29:58.1,-0.385,0.273,0.013,29:58.1,73.45889108,-75.56033866
29:58.3,-0.362,0.279,0.083,29:58.3,73.55065995,-75.5822625
29:58.5,-0.296,0.368,0.101,29:58.5,73.65726083,-75.59227353
29:58.8,-0.216,0.303,0.094,29:58.8,73.7687765,-75.60274504
29:59.0,-0.179,0.394,0.13,29:59.0,73.8580211,-75.60538627
29:59.2,-0.238,0.314,0.144,29:59.2,73.95478754,-75.61317251
29:59.4,-0.295,0.345,0.098,29:59.4,74.0504461,-75.61428731
29:59.7,-0.286,0.338,0.064,29:59.6,74.13839176,-75.61405771
29:59.9,-0.307,0.274,0.054,29:59.9,74.26805043,-75.60776506
30:00.1,-0.279,0.367,0.079,30:00.1,74.36539047,-75.60088346
30:00.4,-0.309,0.382,0.067,30:00.4,74.48119767,-75.59118246
30:00.6,-0.342,0.305,0.073,30:00.6,74.57893385,-75.57983337
30:00.8,-0.241,0.271,0.073,30:00.8,74.7003706,-75.56850274
30:01.1,-0.293,0.285,0.073,30:01.0,74.82700502,-75.56312657
30:01.3,-0.358,0.251,0.059,30:01.3,74.93146661,-75.55575206
30:01.5,-0.441,0.353,0.045,30:01.5,75.05753832,-75.54897188
30:01.7,-0.41,0.302,0.025,30:01.7,75.18407934,-75.54469042
30:01.9,-0.384,0.305,0.064,30:01.9,75.28645488,-75.55016931
30:02.2,-0.378,0.374,0.042,30:02.2,75.41229305,-75.56300229
30:02.4,-0.337,0.327,0.008,30:02.4,75.51711788,-75.5757541
30:02.6,-0.27,0.269,0.043,30:02.6,75.63998738,-75.59059394
30:02.8,-0.372,0.236,0.07,30:02.8,75.74260908,-75.61024012
30:03.1,-0.35,0.243,0.017,30:03.1,75.86990242,-75.63791488
30:03.3,-0.361,0.251,0.051,30:03.3,76.01188339,-75.6478595
30:03.5,-0.445,0.193,0.047,30:03.5,76.1079961,-75.6638447
30:03.8,-0.394,0.324,0.06,30:03.8,76.22551182,-75.68192944
30:04.0,-0.276,0.157,0.053,30:04.0,76.3141189,-75.69300844
30:04.2,-0.338,0.355,0.131,30:04.2,76.40720189,-75.70479617
30:04.4,-0.359,0.427,0.094,30:04.5,76.53768594,-75.71449459
30:04.7,-0.253,0.338,0.069,30:04.7,76.62574892,-75.72183801
30:04.9,-0.215,0.189,0.06,30:04.9,76.73502705,-75.72686235
30:05.1,-0.262,0.248,0.096,30:05.1,76.8240365,-75.71807794
30:05.3,-0.28,0.197,0.066,30:05.3,76.92816476,-75.70946672
30:05.6,-0.236,0.378,0.05,30:05.6,77.04274719,-75.70016562
30:05.8,-0.321,0.315,0.084,30:05.8,77.13762135,-75.68655342
30:06.0,-0.216,0.364,0.055,30:06.0,77.24447822,-75.67258109
30:06.2,-0.353,0.313,0.058,30:06.2,77.34148669,-75.66371758
30:06.4,-0.302,0.29,0.059,30:06.5,77.46536396,-75.65158071
30:06.7,-0.389,0.391,0.024,30:06.7,77.5944388,-75.6423978
30:06.9,-0.371,0.358,0.035,30:06.9,77.69789776,-75.64040033
30:07.1,-0.412,0.348,0.013,30:07.1,77.8333796,-75.64092237
30:07.3,-0.373,0.399,0.019,30:07.3,77.94697281,-75.64537645
30:07.6,-0.415,0.338,0.008,30:07.5,78.05607914,-75.65163989
30:07.8,-0.528,0.271,0.058,30:07.8,78.19667364,-75.66110399
30:08.0,-0.518,0.259,0.044,30:08.0,78.33646209,-75.6749551
30:08.2,-0.35,0.257,0.05,30:08.2,78.44423398,-75.69514469
30:08.5,-0.459,0.208,0.061,30:08.5,78.58083196,-75.70953872
30:08.7,-0.405,0.332,-0.003,30:08.7,78.71854091,-75.7276392
30:08.9,-0.334,0.362,0.068,30:08.9,78.81964385,-75.74228606
30:09.2,-0.404,0.366,0.078,30:09.1,78.94048788,-75.75528384
30:09.4,-0.245,0.267,0.144,30:09.4,79.05742602,-75.76323383
30:09.6,-0.314,0.307,0.069,30:09.6,79.13897038,-75.77194407
30:09.8,-0.252,0.249,0.101,30:09.8,79.21892667,-75.7727252
30:10.0,-0.193,0.251,0.089,30:10.0,79.32458519,-75.76434929
30:10.3,-0.272,0.231,0.044,30:10.3,79.43318363,-75.75616542
30:10.5,-0.229,0.256,0.105,30:10.5,79.53982174,-75.74249328
30:10.7,-0.224,0.299,0.037,30:10.7,79.62771226,-75.73063916
30:10.9,-0.286,0.233,0.038,30:11.0,79.73911747,-75.71162101
30:11.2,-0.309,0.324,0.049,30:11.1,79.82778335,-75.70538331
30:11.4,-0.38,0.298,0.055,30:11.4,79.96636496,-75.69197095
30:11.6,-0.31,0.254,-0.031,30:11.6,80.07265299,-75.68764395
30:11.9,-0.471,0.335,0.019,30:11.9,80.20059992,-75.68409036
30:12.1,-0.317,0.479,0.029,30:12.1,80.31125331,-75.67876649
30:12.3,-0.364,0.381,0.071,30:12.3,80.42438382,-75.6786282
30:12.6,-0.335,0.351,0.009,30:12.5,80.58653966,-75.68697078
30:12.8,-0.326,0.341,0.058,30:12.8,80.69468776,-75.69310311
30:13.0,-0.342,0.436,0.089,30:13.0,80.83253935,-75.69938478
30:13.2,-0.537,0.341,0.025,30:13.2,80.94470459,-75.71075769
30:13.4,-0.295,0.317,0.074,30:13.4,81.07343101,-75.72382292
30:13.7,-0.421,0.323,0.103,30:13.7,81.19585786,-75.73008986
30:13.9,-0.334,0.348,0.041,30:13.9,81.31154205,-75.73605319
30:14.1,-0.25,0.244,0.046,30:14.1,81.39824565,-75.74081793
30:14.4,-0.271,0.25,0.084,30:14.4,81.51014036,-75.75224154
30:14.6,-0.184,0.185,0.029,30:14.6,81.61595863,-75.75834585
30:14.8,-0.371,0.27,0.033,30:14.8,81.71713622,-75.75976881
30:15.1,-0.32,0.201,0.026,30:15.0,81.80552771,-75.76057393
30:15.3,-0.302,0.22,0.036,30:15.3,81.90699175,-75.76704687
30:15.5,-0.217,0.224,0.038,30:15.5,81.99147176,-75.77250903
30:15.7,-0.302,0.177,0.036,30:15.7,82.09550709,-75.77820098
30:16.0,-0.325,0.344,0.071,30:16.0,82.20579901,-75.78548472
30:16.2,-0.324,0.283,0.07,30:16.2,82.29883587,-75.78920595
30:16.4,-0.406,0.319,0.074,30:16.4,82.40929798,-75.79647731
30:16.6,-0.303,0.415,0.084,30:16.7,82.52833828,-75.79495225
30:16.9,-0.324,0.337,0.11,30:16.9,82.62726532,-75.79239237
30:17.1,-0.352,0.282,0.1,30:17.1,82.75190928,-75.79859272
30:17.3,-0.37,0.374,0.074,30:17.3,82.87678307,-75.79873395
30:17.6,-0.306,0.363,0.044,30:17.5,82.98271817,-75.79666265
30:17.8,-0.335,0.297,0.051,30:17.8,83.11382065,-75.79451297
30:18.0,-0.32,0.347,0.047,30:18.0,83.22161771,-75.78462711
30:18.2,-0.226,0.324,0.048,30:18.3,83.37112722,-75.78420181
30:18.5,-0.32,0.367,0.051,30:18.5,83.47777278,-75.7738727
30:18.7,-0.299,0.41,0.078,30:18.7,83.57321689,-75.767546
30:18.9,-0.349,0.466,0.043,30:18.9,83.69684778,-75.76128914
30:19.1,-0.242,0.24,0.061,30:19.1,83.82457661,-75.76221604
30:19.4,-0.408,0.263,0.046,30:19.4,83.95091682,-75.76723579
30:19.6,-0.23,0.319,0.093,30:19.6,84.05145532,-75.77172178
30:19.8,-0.385,0.402,0.04,30:19.8,84.16633044,-75.78162169
30:20.0,-0.326,0.353,0.072,30:20.0,84.26397634,-75.79632423
30:20.2,-0.398,0.232,0.012,30:20.2,84.36382465,-75.80880566
30:20.5,-0.383,0.295,0.022,30:20.5,84.50883912,-75.81972753
30:20.7,-0.406,0.139,0.064,30:20.7,84.60396649,-75.83695252
30:20.9,-0.431,0.249,0.041,30:20.9,84.725632,-75.86018269
30:21.2,-0.39,0.29,0.044,30:21.1,84.82257707,-75.87697058
30:21.4,-0.33,0.294,0.076,30:21.4,84.94508882,-75.89605326
30:21.6,-0.324,0.166,0.098,30:21.6,85.07005026,-75.90875763
30:21.9,-0.438,0.256,0.046,30:21.8,85.1705743,-75.91284362
30:22.1,-0.322,0.334,0.101,30:22.1,85.28968697,-75.91576304
30:22.3,-0.361,0.237,0.049,30:22.3,85.38456316,-75.91719164
30:22.5,-0.286,0.35,0.102,30:22.5,85.50374558,-75.91470793
30:22.8,-0.181,0.381,0.085,30:22.8,85.620911,-75.90731753
30:23.0,-0.276,0.347,0.1,30:23.0,85.7415559,-75.89909075
30:23.2,-0.321,0.4,0.051,30:23.2,85.8423375,-75.88287948
30:23.4,-0.274,0.376,0.093,30:23.4,85.96535761,-75.87108997
30:23.6,-0.275,0.399,0.032,30:23.6,86.06245566,-75.86212605
30:23.9,-0.289,0.449,0.043,30:23.9,86.18317414,-75.85048223
30:24.1,-0.328,0.376,0.06,30:24.1,86.30851203,-75.84261028
30:24.3,-0.402,0.409,0.047,30:24.3,86.44074367,-75.83553888
30:24.5,-0.246,0.351,0.02,30:24.6,86.54083479,-75.83857294
30:24.8,-0.449,0.433,0.058,30:24.8,86.64635173,-75.84122579
30:25.0,-0.44,0.239,0.034,30:25.0,86.80346761,-75.84862058
30:25.2,-0.348,0.279,0.072,30:25.2,86.91433029,-75.86119612
30:25.5,-0.34,0.325,0.04,30:25.5,87.04844687,-75.87980872
30:25.7,-0.384,0.264,0.072,30:25.7,87.16086306,-75.89866595
30:25.9,-0.34,0.063,0.037,30:25.9,87.26504358,-75.91604369
30:26.1,-0.458,0.257,0.057,30:26.1,87.3913507,-75.93294523
30:26.3,-0.334,0.246,0.071,30:26.4,87.51516943,-75.9523891
30:26.6,-0.355,0.321,0.061,30:26.6,87.61235793,-75.96523365
30:26.8,-0.203,0.356,0.07,30:26.8,87.73164742,-75.97272878
30:27.0,-0.346,0.318,0.069,30:27.0,87.82163495,-75.97909159
30:27.2,-0.28,0.21,0.07,30:27.2,87.93291385,-75.98424837
30:27.5,-0.196,0.315,0.079,30:27.5,88.03585493,-75.98478792
30:27.7,-0.295,0.319,0.056,30:27.7,88.13762904,-75.98425966
30:27.9,-0.272,0.295,0.094,30:27.9,88.22228468,-75.97542169
30:28.1,-0.284,0.26,0.037,30:28.2,88.32814404,-75.96927153
30:28.4,-0.308,0.242,0.086,30:28.4,88.42198142,-75.96127121
30:28.6,-0.32,0.243,0.096,30:28.6,88.55562015,-75.95137714
30:28.8,-0.291,0.397,0.057,30:28.8,88.6576981,-75.93606925
30:29.1,-0.285,0.365,0.021,30:29.1,88.76058958,-75.92548
30:29.3,-0.274,0.399,0.029,30:29.3,88.88721072,-75.92125078
30:29.5,-0.388,0.332,0.021,30:29.5,88.9945376,-75.92347332
30:29.8,-0.39,0.447,0.04,30:29.8,89.15343818,-75.92800897
30:30.0,-0.475,0.303,0.012,30:30.0,89.29046578,-75.93452873
30:30.2,-0.467,0.292,0.016,30:30.2,89.39919263,-75.94519381
30:30.4,-0.409,0.282,0.057,30:30.4,89.51496198,-75.95810637
30:30.6,-0.499,0.377,0.056,30:30.6,89.65411765,-75.97217587
30:30.9,-0.338,0.38,0.073,30:30.9,89.79524074,-75.97927323
30:31.1,-0.351,0.242,0.117,30:31.1,89.9022683,-75.99605928
30:31.3,-0.248,0.289,0.052,30:31.3,90.03400408,-76.00941619
30:31.6,-0.378,0.353,0.097,30:31.5,90.13785328,-76.02661068
30:31.8,-0.252,0.162,0.076,30:31.8,90.26671725,-76.0357392
30:32.0,-0.295,0.216,0.069,30:32.0,90.38505942,-76.03717208
30:32.2,-0.299,0.213,0.089,30:32.3,90.50484713,-76.03723644
30:32.5,-0.299,0.25,0.112,30:32.5,90.59732947,-76.03350884
30:32.7,-0.282,0.389,0.082,30:32.7,90.71433969,-76.02782385
30:32.9,-0.386,0.484,0.126,30:32.9,90.80561011,-76.02105775
30:33.2,-0.246,0.395,0.099,30:33.2,90.94855229,-76.01669925
30:33.4,-0.403,0.3,0.084,30:33.4,91.04419765,-76.01195036
30:33.6,-0.284,0.397,0.103,30:33.6,91.16550739,-76.00422253
30:33.8,-0.308,0.353,0.102,30:33.8,91.25726985,-76.00414932
30:34.0,-0.227,0.377,0.08,30:34.1,91.37782232,-76.0024274
30:34.3,-0.273,0.356,0.025,30:34.3,91.50085113,-76.0072675
30:34.5,-0.377,0.272,0.041,30:34.5,91.59902182,-76.01073272
30:34.7,-0.471,0.388,0.039,30:34.7,91.70118205,-76.01516185
30:34.9,-0.417,0.305,0.024,30:34.9,91.83035316,-76.02925653
30:35.2,-0.295,0.222,0.075,30:35.2,91.95113961,-76.04316244
30:35.4,-0.498,0.252,0.063,30:35.4,92.08529085,-76.05735789
30:35.6,-0.355,0.389,0.153,30:35.6,92.19098195,-76.07083809
30:35.9,-0.374,0.21,0.124,30:35.9,92.3184148,-76.08537974
30:36.1,-0.341,0.329,0.074,30:36.1,92.42627498,-76.09485278
30:36.3,-0.208,0.288,0.097,30:36.3,92.54800359,-76.10286877
30:36.6,-0.34,0.353,0.106,30:36.5,92.67399636,-76.11266458
30:36.8,-0.268,0.176,0.048,30:36.8,92.79241247,-76.11092541
30:37.0,-0.422,0.352,0.051,30:37.0,92.88994304,-76.11183264
30:37.2,-0.246,0.367,0.091,30:37.2,93.01193428,-76.10836595
30:37.4,-0.224,0.213,0.053,30:37.4,93.10735387,-76.10661703
30:37.7,-0.312,0.199,0.109,30:37.7,93.23798291,-76.10335683
30:37.9,-0.189,0.395,0.068,30:37.9,93.32679541,-76.10069667
30:38.1,-0.235,0.314,0.075,30:38.1,93.40916496,-76.09931792
30:38.4,-0.356,0.233,0.046,30:38.4,93.51989966,-76.0994474
30:38.6,-0.247,0.227,0.098,30:38.6,93.61312532,-76.09648322
30:38.8,-0.272,0.225,0.066,30:38.8,93.75964688,-76.09572303
30:39.1,-0.313,0.35,0.036,30:39.0,93.85317056,-76.09860408
30:39.3,-0.231,0.32,0.054,30:39.3,93.97932973,-76.10770534
30:39.5,-0.352,0.28,0.017,30:39.5,94.11396342,-76.111901
30:39.7,-0.236,0.278,0.006,30:39.7,94.22205617,-76.11610336
30:40.0,-0.376,0.303,0.028,30:40.0,94.38971979,-76.1305754
30:40.2,-0.302,0.241,0.031,30:40.2,94.49559684,-76.13392786
30:40.4,-0.348,0.377,0.042,30:40.4,94.6115457,-76.14371433
30:40.6,-0.47,0.338,0.091,30:40.6,94.74869356,-76.15208832
30:40.9,-0.401,0.302,0.026,30:40.8,94.86312828,-76.15790766
30:41.1,-0.412,0.395,0.022,30:41.1,95.02804266,-76.16730985
30:41.3,-0.343,0.29,0.015,30:41.3,95.14029065,-76.17715547
30:41.5,-0.354,0.27,0.067,30:41.5,95.24479345,-76.18347971
30:41.8,-0.362,0.338,0.084,30:41.8,95.38242557,-76.19556918
30:42.0,-0.307,0.353,0.089,30:42.0,95.48051089,-76.19723187
30:42.2,-0.421,0.315,0.098,30:42.2,95.63119481,-76.20349965
30:42.5,-0.272,0.344,0.078,30:42.5,95.74627923,-76.20240997
30:42.7,-0.326,0.33,0.108,30:42.7,95.83814414,-76.20376086
30:42.9,-0.222,0.333,0.074,30:42.9,95.92878544,-76.19479827
30:43.1,-0.154,0.314,0.099,30:43.1,96.03423957,-76.18988656
30:43.4,-0.212,0.31,0.116,30:43.4,96.14681248,-76.16963239
30:43.6,-0.253,0.31,0.079,30:43.6,96.23968832,-76.1688677
30:43.8,-0.404,0.241,0.086,30:43.8,96.32888554,-76.15742144
30:44.0,-0.376,0.228,0.1,30:44.1,96.44005049,-76.15062373
30:44.3,-0.279,0.242,0.065,30:44.3,96.53191373,-76.13796921
30:44.5,-0.26,0.264,0.053,30:44.5,96.66334965,-76.13136736
30:44.7,-0.186,0.318,0.039,30:44.7,96.75523857,-76.12609088
30:45.0,-0.397,0.373,0.027,30:44.9,96.85662793,-76.12369758
30:45.2,-0.362,0.419,0.051,30:45.2,96.98269885,-76.12304284
30:45.4,-0.347,0.438,0.055,30:45.4,97.09576005,-76.12573199
30:45.7,-0.431,0.302,0.058,30:45.7,97.25640751,-76.13782702
30:45.9,-0.366,0.343,0.019,30:45.9,97.37797482,-76.1555486
30:46.1,-0.584,0.322,0.071,30:46.1,97.52396629,-76.173254
30:46.3,-0.312,0.236,0.054,30:46.3,97.64884861,-76.18601396
30:46.5,-0.401,0.373,0.07,30:46.5,97.79797335,-76.20551602
30:46.8,-0.433,0.287,0.058,30:46.8,97.93952155,-76.22556312
30:47.0,-0.278,0.376,0.056,30:47.0,98.07711634,-76.24507304
30:47.2,-0.369,0.296,0.068,30:47.2,98.19007043,-76.26213419
30:47.5,-0.325,0.254,0.063,30:47.5,98.31633565,-76.27517063
30:47.7,-0.282,0.321,0.039,30:47.7,98.41981652,-76.27982861
30:47.9,-0.264,0.285,0.123,30:48.0,98.57031947,-76.2860622
30:48.2,-0.227,0.219,0.11,30:48.2,98.65786925,-76.28650734
30:48.4,-0.205,0.24,0.086,30:48.4,98.76053134,-76.27888234
30:48.6,-0.292,0.361,0.054,30:48.6,98.83870423,-76.27241001
30:48.8,-0.297,0.305,0.067,30:48.8,98.91606259,-76.26096321
30:49.1,-0.222,0.264,0.112,30:49.1,99.03682998,-76.25004544
30:49.3,-0.176,0.343,0.07,30:49.3,99.11470083,-76.2356885
30:49.5,-0.278,0.184,0.066,30:49.5,99.21583248,-76.22570878
30:49.7,-0.365,0.232,0.057,30:49.8,99.31858906,-76.2117859
30:50.0,-0.236,0.241,0.06,30:50.0,99.40792072,-76.20105751
30:50.2,-0.365,0.331,0.066,30:50.2,99.52386463,-76.19363353
30:50.4,-0.344,0.295,0.047,30:50.4,99.64073305,-76.19106713
30:50.6,-0.428,0.276,0.03,30:50.6,99.74001898,-76.19656866
30:50.9,-0.388,0.409,0,30:50.9,99.86929765,-76.20430751
30:51.1,-0.416,0.393,0.045,30:51.1,99.98713918,-76.21297297
30:51.3,-0.427,0.286,-0.004,30:51.3,100.1220183,-76.22672076
30:51.6,-0.389,0.389,0.028,30:51.6,100.2639584,-76.24173681
30:51.8,-0.525,0.451,0.041,30:51.8,100.3899774,-76.2603234
30:52.0,-0.305,0.314,0.072,30:52.0,100.5475063,-76.28000219
30:52.2,-0.448,0.241,0.063,30:52.2,100.6705206,-76.29718066
30:52.5,-0.506,0.28,0.032,30:52.4,100.8154156,-76.3222929
30:52.7,-0.328,0.289,0.121,30:52.7,100.9543411,-76.33995075
30:52.9,-0.319,0.317,0.082,30:52.9,101.066899,-76.35163162
30:53.1,-0.248,0.308,0.116,30:53.1,101.193128,-76.35868984
30:53.3,-0.305,0.199,0.104,30:53.3,101.2926381,-76.36365583
30:53.6,-0.2,0.357,0.117,30:53.6,101.4089172,-76.36148935
30:53.8,-0.227,0.31,0.109,30:53.8,101.4927503,-76.35432849
30:54.0,-0.292,0.253,0.07,30:54.0,101.5968428,-76.35312174
30:54.2,-0.237,0.225,0.068,30:54.2,101.6951487,-76.34740411
30:54.5,-0.186,0.304,0.055,30:54.4,101.7717653,-76.34160083
30:54.7,-0.177,0.362,0.065,30:54.7,101.8918425,-76.32586705
30:54.9,-0.254,0.235,0.088,30:54.9,101.9711882,-76.31268346
30:55.2,-0.299,0.333,0.07,30:55.2,102.0792593,-76.30133502
30:55.4,-0.507,0.348,0.027,30:55.4,102.1678308,-76.29008273
30:55.6,-0.37,0.331,0.086,30:55.6,102.2606686,-76.28345092
30:55.9,-0.291,0.399,0.021,30:55.8,102.4094398,-76.28324267
30:56.1,-0.431,0.347,0.024,30:56.1,102.5155095,-76.28906551
30:56.3,-0.469,0.278,0.003,30:56.3,102.6464901,-76.29416253
30:56.5,-0.382,0.378,0.047,30:56.5,102.7616833,-76.304298
30:56.7,-0.379,0.346,0.069,30:56.7,102.9055049,-76.31341491
30:57.0,-0.422,0.306,0.078,30:57.0,103.0480141,-76.32523506
30:57.2,-0.439,0.283,0.065,30:57.2,103.1947625,-76.33973419
30:57.4,-0.369,0.377,0.064,30:57.4,103.3090763,-76.3567117
30:57.6,-0.409,0.225,0.085,30:57.7,103.4403166,-76.37137228
30:57.9,-0.379,0.323,0.094,30:57.9,103.5452235,-76.38394144
30:58.1,-0.376,0.25,0.056,30:58.1,103.6995733,-76.40212231
30:58.3,-0.379,0.174,0.045,30:58.3,103.7967555,-76.40952034
30:58.6,-0.322,0.288,0.079,30:58.6,103.9086928,-76.41178511
30:58.8,-0.229,0.21,0.078,30:58.8,103.9930952,-76.4092628
30:59.0,-0.367,0.205,0.066,30:59.0,104.0815061,-76.40777432
30:59.3,-0.237,0.19,0.057,30:59.3,104.2109789,-76.40430754
30:59.5,-0.342,0.357,0.082,30:59.5,104.294564,-76.40648304
30:59.7,-0.246,0.266,0.092,30:59.7,104.4068835,-76.40572252
30:59.9,-0.372,0.282,0.058,30:59.9,104.5224981,-76.39954916
31:00.1,-0.362,0.238,0.053,31:00.1,104.6159738,-76.39697791
31:00.4,-0.411,0.286,0.066,31:00.4,104.7341334,-76.39413582
31:00.6,-0.295,0.259,0.036,31:00.6,104.854257,-76.39441681
31:00.8,-0.362,0.442,0.062,31:00.8,104.9569316,-76.38739886
31:01.1,-0.284,0.317,0.076,31:01.1,105.0865231,-76.38637364
31:01.3,-0.386,0.324,0.062,31:01.3,105.2023793,-76.38819632
31:01.5,-0.319,0.405,0.044,31:01.5,105.3329804,-76.38803995
31:01.7,-0.395,0.325,0.023,31:01.8,105.4651814,-76.39043131
31:02.0,-0.392,0.324,0.062,31:02.0,105.5710858,-76.38359811
31:02.2,-0.384,0.401,0.077,31:02.2,105.6983473,-76.38607321
31:02.4,-0.296,0.3,0.052,31:02.4,105.803267,-76.38411177
31:02.7,-0.373,0.29,0.023,31:02.7,105.9570805,-76.38907436
31:02.9,-0.334,0.354,0.036,31:02.9,106.0670409,-76.38431188
31:03.1,-0.462,0.322,0.042,31:03.1,106.1925551,-76.39142906
31:03.3,-0.349,0.344,0.087,31:03.3,106.2953441,-76.39418113
31:03.5,-0.383,0.359,0.109,31:03.6,106.4248809,-76.39966173
31:03.8,-0.432,0.281,0.023,31:03.8,106.5544158,-76.41031585
31:04.0,-0.318,0.326,0.041,31:04.0,106.6542192,-76.42540858
31:04.2,-0.267,0.279,0.072,31:04.2,106.7786271,-76.44724455
31:04.5,-0.299,0.224,0.028,31:04.5,106.8768596,-76.45767694
31:04.7,-0.357,0.283,0.074,31:04.7,106.9997978,-76.47257343
31:04.9,-0.438,0.22,0.07,31:04.9,107.1162246,-76.48910612
31:05.2,-0.22,0.235,0.096,31:05.2,107.233371,-76.50507824
31:05.4,-0.413,0.224,0.086,31:05.4,107.3276532,-76.51286851
31:05.6,-0.282,0.304,0.074,31:05.6,107.4421063,-76.52311765
31:05.8,-0.294,0.371,0.095,31:05.8,107.5572762,-76.52756649
31:06.1,-0.255,0.277,0.141,31:06.1,107.6719047,-76.52884741
31:06.3,-0.264,0.292,0.12,31:06.3,107.7609198,-76.51858752
31:06.5,-0.33,0.24,0.117,31:06.5,107.872043,-76.50816358
31:06.7,-0.282,0.291,0.105,31:06.7,107.9628846,-76.49002632
31:07.0,-0.166,0.356,0.075,31:07.0,108.0791041,-76.47544354
31:07.2,-0.29,0.327,0.035,31:07.2,108.1934276,-76.46319625
31:07.4,-0.377,0.485,0.096,31:07.5,108.3114077,-76.44715793
31:07.7,-0.292,0.378,0.077,31:07.7,108.4200706,-76.43728059
31:07.9,-0.265,0.267,0.086,31:07.9,108.5457359,-76.4302836
31:08.1,-0.267,0.298,0.107,31:08.1,108.6516666,-76.42735372
31:08.4,-0.294,0.347,0.055,31:08.4,108.8091153,-76.42807937
31:08.6,-0.369,0.326,0.055,31:08.6,108.9160351,-76.43907327
31:08.8,-0.317,0.377,0.026,31:08.8,109.0279939,-76.45082139
31:09.0,-0.357,0.308,0.049,31:09.0,109.1647354,-76.46581093
31:09.2,-0.464,0.335,0.04,31:09.2,109.273889,-76.48652758
31:09.5,-0.287,0.29,0.023,31:09.5,109.4282804,-76.51121711
31:09.7,-0.425,0.327,0.03,31:09.7,109.5374825,-76.53184298
31:09.9,-0.328,0.214,0.016,31:10.0,109.668647,-76.56043108
31:10.2,-0.439,0.358,0.042,31:10.1,109.7660516,-76.57838338
31:10.4,-0.447,0.285,0.067,31:10.4,109.8925229,-76.59815602
31:10.6,-0.298,0.275,0.068,31:10.6,110.0210758,-76.61816954
31:10.8,-0.367,0.264,0.08,31:10.8,110.1196467,-76.63027761
31:11.1,-0.312,0.229,0.055,31:11.1,110.2399885,-76.63532476
31:11.3,-0.371,0.315,0.075,31:11.3,110.3288771,-76.6363605
31:11.5,-0.347,0.29,0.089,31:11.5,110.437724,-76.63138757
31:11.8,-0.198,0.122,0.08,31:11.7,110.5492128,-76.62011862
31:12.0,-0.287,0.216,0.054,31:12.0,110.6620828,-76.61634214
31:12.2,-0.21,0.23,0.06,31:12.2,110.75178,-76.60049686
31:12.4,-0.321,0.321,0.056,31:12.4,110.8651473,-76.58299806
31:12.6,-0.25,0.36,0.042,31:12.6,110.954769,-76.56707044
31:12.9,-0.208,0.439,0.032,31:12.9,111.0893149,-76.55385873
31:13.1,-0.344,0.279,0.044,31:13.1,111.181519,-76.54147845
31:13.3,-0.295,0.377,0.056,31:13.4,111.3003157,-76.52919364
31:13.6,-0.304,0.339,0.005,31:13.6,111.4008909,-76.52429486
31:13.8,-0.346,0.325,0.005,31:13.8,111.5241372,-76.52007703
31:14.0,-0.427,0.278,0.044,31:14.0,111.654414,-76.52230911
31:14.3,-0.265,0.414,0.065,31:14.3,111.7630139,-76.53014528
31:14.5,-0.392,0.411,0.023,31:14.5,111.8986331,-76.54343598
31:14.7,-0.313,0.264,0.043,31:14.7,112.0106742,-76.55765939
31:14.9,-0.395,0.253,0.039,31:14.9,112.1453535,-76.57524102
31:15.2,-0.351,0.386,0.035,31:15.2,112.2824993,-76.59455702
31:15.4,-0.291,0.235,0.032,31:15.4,112.4153919,-76.61066671
31:15.6,-0.275,0.312,0.048,31:15.6,112.5425356,-76.6381432
31:15.8,-0.382,0.216,0.034,31:15.8,112.6439313,-76.65426426
31:16.1,-0.327,0.269,0.069,31:16.0,112.7427383,-76.67351522
31:16.3,-0.256,0.182,0.03,31:16.3,112.8902363,-76.69087972
31:16.5,-0.172,0.367,0.112,31:16.5,112.978764,-76.69652068
31:16.8,-0.401,0.264,0.046,31:16.8,113.0967618,-76.70587573
31:17.0,-0.286,0.297,0.1,31:17.0,113.1825283,-76.71077511
31:17.2,-0.306,0.356,0.128,31:17.2,113.2966036,-76.71047939
31:17.5,-0.286,0.334,0.089,31:17.5,113.4142059,-76.71067618
31:17.7,-0.183,0.276,0.082,31:17.7,113.5286758,-76.70120757
31:17.9,-0.306,0.257,0.055,31:17.9,113.6254192,-76.68856587
31:18.1,-0.259,0.328,0.083,31:18.1,113.7149609,-76.6785476
31:18.3,-0.28,0.313,0.118,31:18.3,113.8265806,-76.66473688
31:18.6,-0.283,0.239,0.081,31:18.6,113.9330953,-76.65308861
31:18.8,-0.212,0.241,0.08,31:18.8,114.0443608,-76.64207956
31:19.0,-0.146,0.365,0.072,31:19.0,114.1356122,-76.63024077
31:19.3,-0.223,0.348,0.071,31:19.3,114.2522928,-76.61722289
31:19.5,-0.372,0.41,0.058,31:19.5,114.3502508,-76.61052306
31:19.7,-0.259,0.389,0.032,31:19.7,114.4658777,-76.60173776
31:19.9,-0.456,0.456,0.039,31:19.9,114.5898794,-76.60215483
31:20.2,-0.248,0.471,-0.003,31:20.1,114.6918631,-76.60421359
31:20.4,-0.454,0.342,0.013,31:20.4,114.8223172,-76.61426912
31:20.6,-0.275,0.394,0.053,31:20.6,114.9333808,-76.6226172
31:20.9,-0.381,0.33,0.041,31:20.9,115.0871207,-76.63701796
31:21.1,-0.34,0.291,0.092,31:21.1,115.1988776,-76.64759553
31:21.3,-0.456,0.364,0.02,31:21.3,115.3375533,-76.66430968
31:21.5,-0.41,0.306,0.057,31:21.5,115.4481892,-76.68055165
31:21.7,-0.337,0.378,0.059,31:21.8,115.5838218,-76.69634712
31:22.0,-0.435,0.359,0.076,31:22.0,115.7217769,-76.70983372
31:22.2,-0.251,0.231,0.045,31:22.2,115.822463,-76.72035325
31:22.4,-0.239,0.281,0.05,31:22.4,115.9472236,-76.72815578
31:22.6,-0.324,0.329,0.077,31:22.6,116.0489182,-76.73373864
31:22.9,-0.124,0.373,0.083,31:22.9,116.1650999,-76.73456261
31:23.1,-0.266,0.304,0.099,31:23.1,116.2881177,-76.74142049
31:23.3,-0.283,0.357,0.077,31:23.4,116.4065834,-76.73811173
31:23.6,-0.222,0.305,0.096,31:23.6,116.4993093,-76.73319602
31:23.8,-0.301,0.397,0.062,31:23.8,116.6118212,-76.73126139
31:24.0,-0.327,0.179,0.091,31:24.0,116.7023683,-76.73083021
31:24.3,-0.347,0.314,0.11,31:24.3,116.8377174,-76.72820546
31:24.5,-0.33,0.272,0.11,31:24.5,116.9396777,-76.72262227
31:24.7,-0.417,0.259,0.057,31:24.7,117.0515592,-76.72116772
31:24.9,-0.343,0.427,0.064,31:24.9,117.1425826,-76.71717661
31:25.1,-0.369,0.336,0.037,31:25.2,117.2551338,-76.71591982
31:25.4,-0.302,0.26,0.047,31:25.4,117.3677983,-76.7146267
31:25.6,-0.365,0.218,0.062,31:25.6,117.4630575,-76.71417456
31:25.8,-0.368,0.323,0.087,31:25.8,117.5854031,-76.71242943
31:26.1,-0.349,0.477,0.062,31:26.1,117.7075802,-76.71322693
31:26.3,-0.336,0.29,0.05,31:26.3,117.8059498,-76.71153908
31:26.5,-0.312,0.323,0.053,31:26.5,117.9281584,-76.71670543
31:26.8,-0.365,0.432,0.085,31:26.8,118.0501388,-76.72455558
31:27.0,-0.51,0.354,0.063,31:27.0,118.1509106,-76.7320891
31:27.2,-0.261,0.346,0.005,31:27.2,118.277565,-76.74410599
31:27.4,-0.382,0.37,0.04,31:27.4,118.3741096,-76.7543233
31:27.7,-0.382,0.281,0.046,31:27.7,118.5315888,-76.76355023
31:27.9,-0.349,0.3,0.087,31:27.9,118.634606,-76.76786775
31:28.1,-0.303,0.346,0.085,31:28.1,118.7364365,-76.77249735
31:28.3,-0.335,0.368,0.083,31:28.3,118.8634598,-76.7811721
31:28.5,-0.294,0.317,0.078,31:28.5,118.9657895,-76.79417139
31:28.8,-0.343,0.377,0.045,31:28.8,119.116072,-76.80377327
31:29.0,-0.382,0.237,0.056,31:29.0,119.2216304,-76.80456221
31:29.2,-0.324,0.245,0.035,31:29.3,119.3472157,-76.81262111
31:29.5,-0.251,0.276,0.068,31:29.5,119.4437212,-76.81797547
31:29.7,-0.357,0.247,0.103,31:29.7,119.5579869,-76.82014732
31:29.9,-0.347,0.345,0.099,31:29.9,119.6861662,-76.82624552
31:30.2,-0.335,0.368,0.106,31:30.1,119.7870544,-76.83127003
31:30.4,-0.335,0.307,0.127,31:30.4,119.912836,-76.83527148
31:30.6,-0.254,0.296,0.057,31:30.6,120.0340833,-76.83758136
31:30.8,-0.366,0.313,0.06,31:30.8,120.1305726,-76.82990003
31:31.1,-0.274,0.271,0.062,31:31.1,120.2448903,-76.82630983
31:31.3,-0.267,0.303,0.062,31:31.3,120.3546739,-76.82471738
31:31.5,-0.262,0.272,0.071,31:31.5,120.4452687,-76.82033015
31:31.7,-0.356,0.243,0.055,31:31.7,120.5481713,-76.81750281
31:32.0,-0.114,0.223,0.083,31:31.9,120.6272426,-76.81167987
31:32.2,-0.087,0.301,0.069,31:32.2,120.7530193,-76.81145262
31:32.4,-0.296,0.315,0.081,31:32.4,120.8278908,-76.81395388
31:32.6,-0.232,0.272,0.042,31:32.6,120.9060318,-76.81899193
31:32.9,-0.263,0.175,0.041,31:32.9,121.0042648,-76.82615445
31:33.1,-0.291,0.142,0.05,31:33.1,121.0781652,-76.83252513
31:33.3,-0.326,0.131,0.03,31:33.3,121.1938155,-76.83930128
31:33.6,-0.196,0.131,0.074,31:33.5,121.2663804,-76.84543203
31:33.8,-0.288,0.231,0.064,31:33.8,121.3551958,-76.85391436
31:34.0,-0.202,0.132,0.011,31:34.0,121.4276094,-76.86042914
31:34.2,-0.194,0.168,0.042,31:34.2,121.5162518,-76.86530172
31:34.5,-0.194,0.17,0.004,31:34.5,121.6098095,-76.86787593
31:34.7,-0.224,0.239,0.059,31:34.7,121.6995863,-76.86371219
31:34.9,-0.205,0.197,-0.001,31:34.9,121.7693482,-76.86473007
31:35.1,-0.137,0.291,0.008,31:35.1,121.8484066,-76.86698944
31:35.4,-0.059,0.116,-0.005,31:35.4,121.9080223,-76.86438187
31:35.6,-0.154,0.223,-0.004,31:35.6,122.0042907,-76.86674142
31:35.8,-0.005,0.177,0.019,31:35.8,122.0514767,-76.86758586
31:36.1,-0.081,0.272,0.043,31:36.1,122.1172549,-76.8681478
31:36.3,-0.038,0.111,0.038,31:36.3,122.1599938,-76.87714627
31:36.5,-0.128,0.183,0.052,31:36.5,122.218798,-76.8935733
31:36.8,-0.062,0.304,0.083,31:36.8,122.2743463,-76.89942568
31:37.0,0.055,0.172,0.112,31:37.0,122.3126197,-76.90839088
31:37.2,0.019,0.214,0.095,31:37.2,122.3613236,-76.92218478
31:37.4,-0.09,0.088,0.093,31:37.4,122.4091548,-76.94027876
31:37.6,-0.041,0.21,0.045,31:37.6,122.4530577,-76.95198748
31:37.9,-0.117,0.182,0.021,31:37.9,122.5075426,-76.96477615
31:38.1,-0.05,0.154,0.022,31:38.1,122.5482201,-76.98167409
31:38.3,0.04,0.114,0.009,31:38.3,122.5876596,-76.99119039
31:38.6,-0.026,0.159,0.011,31:38.6,122.6414422,-77.00505777
31:38.8,-0.039,0.329,0.017,31:38.8,122.6885049,-77.01854849
31:39.0,-0.158,0.31,-0.013,31:39.0,122.7611982,-77.03887482
31:39.3,-0.173,0.191,-0.019,31:39.3,122.8081953,-77.04801623
31:39.5,-0.125,0.252,0.028,31:39.5,122.8684228,-77.06647551
31:39.7,-0.064,0.16,-0.03,31:39.7,122.9231323,-77.08681031
31:39.9,-0.179,0.172,0.034,31:39.9,122.9863577,-77.11514208
31:40.2,-0.014,0.225,0.019,31:40.2,123.0497134,-77.14299372
31:40.4,-0.087,0.188,0.016,31:40.4,123.1017385,-77.15982026
31:40.6,-0.171,0.236,0.048,31:40.6,123.1598529,-77.18757047
31:40.8,0.022,0.276,0.042,31:40.8,123.2053204,-77.20814823
31:41.0,-0.159,0.196,0.035,31:41.1,123.2594804,-77.23715489
31:41.3,-0.08,0.23,0.023,31:41.3,123.3102393,-77.26640031
31:41.5,-0.018,0.211,0.07,31:41.5,123.3461216,-77.28335845
31:41.7,-0.119,0.159,0.048,31:41.7,123.3900925,-77.30880578
31:42.0,-0.028,0.297,0.036,31:41.9,123.4197261,-77.33266346
31:42.2,0.055,0.26,-0.018,31:42.2,123.4547552,-77.35275334
31:42.4,0,0.166,0.025,31:42.4,123.4915415,-77.37813734
31:42.6,-0.014,0.193,0,31:42.7,123.5201087,-77.40428818
31:42.9,0.032,0.233,0.038,31:42.9,123.5457253,-77.42167225
31:43.1,-0.096,0.369,0.058,31:43.1,123.5759239,-77.44836842
31:43.3,-0.007,0.059,0.055,31:43.3,123.5995224,-77.47369225
31:43.6,-0.026,0.27,-0.034,31:43.5,123.6293933,-77.50241213
31:43.8,-0.089,0.216,0.006,31:43.8,123.6594943,-77.54608067
31:44.0,-0.157,0.227,0.038,31:44.0,123.6899802,-77.58297965
31:44.2,-0.019,0.05,0.009,31:44.2,123.7275237,-77.62738355
31:44.4,-0.067,0.317,0.009,31:44.4,123.7572173,-77.66999911
31:44.7,-0.134,0.256,0.002,31:44.7,123.8007063,-77.73446033
31:44.9,-0.05,0.293,0.031,31:44.9,123.8260387,-77.7808326
31:45.1,-0.132,0.177,0.019,31:45.1,123.8512398,-77.81734786
31:45.3,-0.105,0.286,0.043,31:45.3,123.885384,-77.87762687
31:45.6,-0.146,0.188,-0.014,31:45.6,123.9180731,-77.92143901
31:45.8,-0.158,0.254,0.039,31:45.8,123.9514697,-77.97752193
31:46.0,-0.09,0.22,-0.002,31:46.0,123.9705827,-78.02562903
31:46.3,-0.15,0.266,0.026,31:46.3,123.989306,-78.07072573
31:46.5,-0.103,0.22,0.05,31:46.5,124.0071203,-78.1041996
31:46.7,-0.074,0.22,0.026,31:46.7,124.0195065,-78.15009008
31:47.0,-0.213,0.246,0.01,31:47.0,124.0322199,-78.19126764
31:47.2,-0.191,0.111,-0.025,31:47.2,124.0403555,-78.22659216
31:47.4,-0.127,0.167,-0.006,31:47.4,124.047064,-78.27609539
31:47.6,-0.171,0.172,0.037,31:47.6,124.0427432,-78.31303309
31:47.8,-0.179,0.167,0.028,31:47.8,124.0459865,-78.35888734
31:48.1,-0.165,0.079,0.042,31:48.1,124.0470649,-78.41290035
31:48.3,-0.171,0.114,0.007,31:48.3,124.0539928,-78.45112876
31:48.5,-0.118,0.18,0.043,31:48.5,124.053693,-78.49022778
31:48.7,-0.12,0.264,0.023,31:48.8,124.0594243,-78.53297586
31:49.0,-0.086,0.234,0.032,31:49.0,124.0647763,-78.57560054
31:49.2,-0.077,0.127,0.065,31:49.2,124.0740009,-78.62386908
31:49.4,-0.079,0.175,0.04,31:49.4,124.086673,-78.66965855
31:49.7,-0.041,0.217,0.069,31:49.6,124.1017932,-78.7040816
31:49.9,0.078,0.223,0.027,31:49.9,124.1139965,-78.74083133
31:50.1,-0.037,0.216,0.025,31:50.1,124.1243825,-78.7775134
31:50.4,-0.199,0.16,0.032,31:50.4,124.1388658,-78.81506247
31:50.6,-0.136,0.123,0.01,31:50.6,124.1542989,-78.84353045
31:50.8,0.024,0.11,0.031,31:50.8,124.1614307,-78.87954533
31:51.0,-0.205,0.169,0.011,31:51.0,124.1674342,-78.90919258
31:51.2,-0.13,0.278,-0.002,31:51.2,124.1747086,-78.94619996
31:51.5,-0.126,0.146,-0.027,31:51.5,124.1782167,-78.98582391
31:51.7,-0.287,0.138,0.013,31:51.7,124.175748,-79.02717717
31:51.9,-0.11,0.175,-0.008,31:51.9,124.1749789,-79.07726219
31:52.2,-0.203,0.21,-0.02,31:52.2,124.1630285,-79.13413256
31:52.4,-0.13,0.193,0.019,31:52.4,124.1544118,-79.18461319
31:52.6,-0.259,0.182,0.014,31:52.6,124.1462655,-79.24775565
31:52.8,-0.204,0.203,0.024,31:52.9,124.1380836,-79.30592374
31:53.1,-0.086,0.275,0.038,31:53.1,124.1260125,-79.36301286
31:53.3,-0.287,0.304,0.009,31:53.3,124.1124255,-79.42776558
31:53.5,-0.312,0.225,0.036,31:53.5,124.0987301,-79.47854663
31:53.8,-0.144,0.237,0.038,31:53.8,124.0813624,-79.55875311
31:54.0,-0.201,0.233,0.045,31:54.0,124.0733548,-79.60810465
31:54.2,-0.175,0.301,0.058,31:54.2,124.0651229,-79.65513529
31:54.4,-0.224,0.154,0.068,31:54.4,124.0400777,-79.70959215
31:54.6,-0.2,0.069,0.096,31:54.6,124.0220209,-79.75908504
31:54.9,-0.217,0.245,0.04,31:54.9,123.9963587,-79.82691662
31:55.1,-0.209,0.124,0.097,31:55.1,123.9816634,-79.87427987
31:55.3,-0.278,0.202,0.043,31:55.3,123.9623588,-79.93460681
31:55.5,-0.248,0.188,0.015,31:55.5,123.9429544,-79.98712088
31:55.8,-0.299,0.23,0.004,31:55.8,123.9168984,-80.05252437
31:56.0,-0.306,0.098,0.059,31:56.0,123.8925109,-80.12808127
31:56.2,-0.318,0.361,0.005,31:56.2,123.8694305,-80.19598711
31:56.5,-0.297,0.364,0.08,31:56.5,123.8466071,-80.29101438
31:56.7,-0.355,0.225,-0.013,31:56.7,123.8270063,-80.36910585
31:56.9,-0.281,0.286,0.015,31:56.9,123.8046224,-80.47222217
31:57.1,-0.331,0.335,0.048,31:57.1,123.7819701,-80.57924592
31:57.4,-0.227,0.402,0.034,31:57.4,123.763962,-80.67005387
31:57.6,-0.285,0.243,0.038,31:57.6,123.7385129,-80.78118146
31:57.8,-0.314,0.21,0.057,31:57.8,123.7182992,-80.8719463
31:58.0,-0.387,0.339,0.082,31:58.0,123.697596,-80.98173099
31:58.3,-0.483,0.35,0.027,31:58.3,123.6765705,-81.09348058
31:58.5,-0.295,0.153,0.108,31:58.5,123.6519325,-81.19891203
31:58.7,-0.425,0.308,0.077,31:58.7,123.6313273,-81.27970747
31:58.9,-0.315,0.314,0.063,31:59.0,123.6057079,-81.37551401
31:59.2,-0.343,0.322,0.087,31:59.2,123.5861196,-81.44602129
31:59.4,-0.473,0.232,0.046,31:59.4,123.5562771,-81.53948814
31:59.6,-0.302,0.207,0.032,31:59.6,123.52304,-81.62873353
31:59.8,-0.426,0.457,0.084,31:59.8,123.49583,-81.70123688
32:00.1,-0.429,0.267,0.018,32:00.1,123.4622541,-81.7989191
32:00.3,-0.46,0.34,-0.006,32:00.3,123.4396679,-81.87509597
32:00.5,-0.46,0.246,0.055,32:00.6,123.4035855,-82.00086171
32:00.8,-0.438,0.211,0.074,32:00.8,123.3798677,-82.0912648
32:01.0,-0.486,0.289,0.052,32:01.0,123.3556379,-82.1854256
32:01.2,-0.402,0.273,0.082,32:01.2,123.3261148,-82.3044704
32:01.4,-0.421,0.312,0.01,32:01.4,123.3067454,-82.40556062
32:01.7,-0.442,0.4,0.004,32:01.7,123.2789694,-82.56444159
32:01.9,-0.369,0.415,0.027,32:01.9,123.2708579,-82.67893723
32:02.1,-0.38,0.34,0.006,32:02.1,123.2626665,-82.81862847
32:02.3,-0.396,0.408,0.029,32:02.3,123.2587319,-82.9311407
32:02.5,-0.374,0.486,0.037,32:02.5,123.2574517,-83.04734646
32:02.8,-0.616,0.408,0.041,32:02.8,123.2572238,-83.22233497
32:03.0,-0.515,0.355,0.036,32:03.0,123.2620803,-83.34258578
32:03.2,-0.4,0.375,0.06,32:03.2,123.2681543,-83.46388687
32:03.4,-0.365,0.409,0.022,32:03.4,123.2770745,-83.60662268
32:03.7,-0.406,0.393,0.094,32:03.6,123.2905377,-83.71006864
32:03.9,-0.382,0.438,0.069,32:03.9,123.3006386,-83.870346
32:04.1,-0.376,0.353,0.088,32:04.1,123.3075376,-83.96129204
32:04.3,-0.151,0.323,0.071,32:04.4,123.3174947,-84.07069295
32:04.6,-0.35,0.302,0.088,32:04.6,123.3220536,-84.1479561
32:04.8,-0.315,0.303,0.1,32:04.8,123.3225176,-84.22612004
32:05.0,-0.303,0.299,0.119,32:05.0,123.3228797,-84.34050694
32:05.3,-0.351,0.306,0.167,32:05.2,123.3168856,-84.40659873
32:05.5,-0.374,0.262,0.059,32:05.5,123.3079845,-84.49078584
32:05.7,-0.506,0.141,0.045,32:05.7,123.2975568,-84.56051566
32:05.9,-0.377,0.232,0.079,32:05.9,123.2825345,-84.65395128
32:06.2,-0.477,0.359,0.065,32:06.2,123.2689315,-84.75299131
32:06.4,-0.56,0.39,0.033,32:06.4,123.255717,-84.86243567
32:06.6,-0.419,0.352,0.003,32:06.6,123.2464579,-84.96008755
32:06.8,-0.519,0.387,0,32:06.9,123.238123,-85.08295811
32:07.1,-0.39,0.383,0.016,32:07.0,123.2331148,-85.19519847
32:07.3,-0.387,0.396,0.03,32:07.3,123.2398744,-85.35733191
32:07.5,-0.409,0.352,-0.006,32:07.5,123.2514688,-85.48003992
32:07.8,-0.302,0.36,0.022,32:07.8,123.2749523,-85.62799544
32:08.0,-0.287,0.501,0.042,32:08.0,123.3064746,-85.75301486
32:08.2,-0.308,0.405,0.02,32:08.2,123.3342605,-85.9018091
32:08.5,-0.198,0.426,0.084,32:08.5,123.3682942,-86.04334724
32:08.7,-0.233,0.367,0.084,32:08.7,123.3950558,-86.15917254
32:08.9,-0.324,0.493,0.041,32:08.9,123.4314523,-86.28987794
32:09.1,-0.311,0.334,0.073,32:09.1,123.4634613,-86.40841229
32:09.3,-0.238,0.266,0.065,32:09.3,123.4899216,-86.49431445
32:09.6,-0.324,0.339,0.078,32:09.6,123.5094555,-86.59817193
32:09.8,-0.268,0.317,0.067,32:09.8,123.5252779,-86.6904804
32:10.0,-0.293,0.285,0.035,32:10.0,123.5322879,-86.75564401
32:10.2,-0.295,0.281,0.133,32:10.3,123.5377959,-86.84268182
32:10.5,-0.347,0.254,0.116,32:10.5,123.5313259,-86.90729539
32:10.7,-0.283,0.191,0.1,32:10.7,123.5270201,-86.99342251
32:10.9,-0.31,0.143,0.089,32:10.9,123.5175246,-87.07304758
32:11.2,-0.313,0.24,0.037,32:11.1,123.5113161,-87.14413829
32:11.4,-0.307,0.367,0.047,32:11.4,123.5016038,-87.24008104
32:11.6,-0.502,0.334,0.033,32:11.6,123.4909098,-87.32478144
32:11.9,-0.452,0.341,0.008,32:11.9,123.4868597,-87.46008894
32:12.1,-0.454,0.338,0.01,32:12.1,123.4867568,-87.56172087
32:12.3,-0.539,0.532,0.019,32:12.3,123.4856757,-87.67128123
32:12.5,-0.414,0.514,-0.005,32:12.5,123.4859665,-87.80723366
32:12.7,-0.501,0.458,-0.035,32:12.7,123.4870707,-87.93385322
32:13.0,-0.393,0.468,0.005,32:13.0,123.4893924,-88.11178408
32:13.2,-0.485,0.46,0.005,32:13.2,123.5035227,-88.24163721
32:13.4,-0.44,0.505,0.047,32:13.4,123.5169579,-88.36531612
32:13.6,-0.371,0.35,0.024,32:13.6,123.53399,-88.51561928
32:13.8,-0.441,0.469,0.094,32:13.8,123.5426907,-88.63341606
32:14.1,-0.437,0.22,0.096,32:14.1,123.5550116,-88.77495243
32:14.3,-0.388,0.359,0.108,32:14.3,123.5629942,-88.911855
32:14.5,-0.331,0.38,0.08,32:14.5,123.5683746,-89.00448033
32:14.8,-0.259,0.349,0.151,32:14.8,123.5718156,-89.11411879
32:15.0,-0.313,0.279,0.14,32:15.0,123.5762477,-89.22063637
32:15.2,-0.173,0.332,0.098,32:15.2,123.5760159,-89.28925974
32:15.4,-0.282,0.22,0.152,32:15.4,123.5739153,-89.37857469
32:15.7,-0.181,0.288,0.063,32:15.7,123.5730867,-89.45982608
32:15.9,-0.267,0.22,0.041,32:15.9,123.5687289,-89.51130248
32:16.1,-0.201,0.259,0.063,32:16.1,123.5650487,-89.58467907
32:16.3,-0.254,0.156,0.085,32:16.3,123.5603543,-89.63914419
32:16.6,-0.21,0.324,0.082,32:16.6,123.5504424,-89.72456354
32:16.8,-0.266,0.333,0.078,32:16.8,123.5430726,-89.77607206
32:17.0,-0.192,0.255,0.057,32:17.0,123.5339207,-89.85511416
32:17.2,-0.208,0.27,0.109,32:17.2,123.5189469,-89.92563084
32:17.5,-0.163,0.299,0.053,32:17.5,123.5098047,-90.01724266
32:17.7,-0.323,0.468,0.034,32:17.7,123.5028993,-90.10771525
32:17.9,-0.29,0.362,0.054,32:17.9,123.4951008,-90.20408847
32:18.1,-0.028,0.4,-0.002,32:18.1,123.4874984,-90.27919981
32:18.4,-0.148,0.403,0.014,32:18.4,123.488145,-90.3681056
32:18.6,-0.247,0.169,0.003,32:18.6,123.4783711,-90.44308276
32:18.8,-0.179,0.361,0.008,32:18.8,123.4767308,-90.51783856
32:19.1,0.02,0.23,0.108,32:19.1,123.4736004,-90.57520197
32:19.3,-0.071,0.23,0.043,32:19.3,123.4782813,-90.64105927
32:19.5,-0.054,0.208,-0.005,32:19.5,123.4816134,-90.68795741
32:19.7,0.089,0.171,0.078,32:19.7,123.4809562,-90.73640013
32:20.0,-0.009,0.225,0.035,32:20.0,123.475641,-90.78545505
32:20.2,-0.092,0.121,0.062,32:20.2,123.4770214,-90.80945504
32:20.4,-0.03,0.22,0.053,32:20.4,123.4760389,-90.84702732
32:20.6,-0.089,0.116,0.065,32:20.6,123.4679261,-90.87881072
32:20.9,-0.108,0.198,0.011,32:20.8,123.4561227,-90.92220772
32:21.1,-0.08,0.185,0.06,32:21.1,123.4444581,-90.96916055
32:21.3,0.025,0.282,0.067,32:21.3,123.4341337,-90.99963259
32:21.6,-0.158,0.243,0.021,32:21.6,123.4168979,-91.0384136
32:21.8,-0.207,0.431,0.079,32:21.8,123.4005623,-91.07090975
32:22.0,-0.104,0.28,0.048,32:22.0,123.3811452,-91.10254062
32:22.3,-0.109,0.276,0.067,32:22.3,123.3491909,-91.15288869
32:22.5,-0.254,0.234,0.069,32:22.5,123.311602,-91.19569187
32:22.7,-0.099,0.25,0.064,32:22.7,123.2794377,-91.24489789
32:22.9,-0.217,0.228,0.04,32:22.9,123.2403688,-91.30227522
32:23.1,-0.192,0.262,0.034,32:23.1,123.2074364,-91.34764726
32:23.4,-0.293,0.184,0.074,32:23.4,123.16975,-91.40161205
32:23.6,-0.164,0.269,0.097,32:23.6,123.1226163,-91.454434
32:23.8,-0.078,0.265,0.049,32:23.8,123.0825915,-91.49993885
32:24.1,-0.109,0.277,0.062,32:24.1,123.0419245,-91.55162516
32:24.3,0.021,0.253,0.115,32:24.3,123.0046348,-91.59658084
32:24.5,-0.173,0.158,0.125,32:24.5,122.9508904,-91.6531994
32:24.7,-0.064,0.124,-0.006,32:24.7,122.92052,-91.68571387
32:25.0,-0.098,0.121,0.05,32:25.0,122.8971863,-91.71794102
32:25.2,-0.087,0.193,0.005,32:25.2,122.8658862,-91.75764669
32:25.4,-0.119,0.201,0.105,32:25.4,122.8415668,-91.78171723
32:25.7,-0.134,0.213,0.015,32:25.7,122.802492,-91.81870718
32:25.9,-0.126,0.054,0.01,32:25.9,122.7741095,-91.82925697
32:26.1,-0.014,0.168,0.053,32:26.1,122.7429017,-91.84819795
32:26.3,-0.022,0.174,0.017,32:26.3,122.7144829,-91.86205707
32:26.5,-0.097,0.131,0.055,32:26.6,122.6806892,-91.87398504
32:26.8,-0.127,0.169,0.063,32:26.8,122.6423344,-91.88541316
32:27.0,-0.206,0.213,0.072,32:27.0,122.6088363,-91.89305986
32:27.2,-0.154,0.231,0.005,32:27.2,122.5654242,-91.90578216
32:27.4,-0.18,0.154,0.026,32:27.4,122.5251782,-91.9140689
32:27.7,-0.152,0.232,0.072,32:27.7,122.4763044,-91.92541212
32:27.9,-0.133,0.344,-0.018,32:27.9,122.424281,-91.93854998
32:28.1,-0.165,0.234,0.011,32:28.1,122.3820002,-91.94922032
32:28.4,-0.105,0.176,0.025,32:28.4,122.3340801,-91.96596672
32:28.6,-0.18,0.179,-0.01,32:28.6,122.2879518,-91.98008488
32:28.8,-0.126,0.256,0.005,32:28.8,122.2367185,-91.99340144
32:29.1,-0.161,0.172,0.038,32:29.0,122.1850052,-92.01434288
32:29.3,-0.241,0.182,0.026,32:29.3,122.1335669,-92.02888227
32:29.5,-0.061,0.277,0.04,32:29.5,122.0946659,-92.04861953
32:29.7,-0.073,0.305,0.057,32:29.7,122.0451599,-92.06681486
32:29.9,-0.167,0.313,0.045,32:29.9,122.0097852,-92.08417746
32:30.2,-0.214,0.244,0.026,32:30.2,121.9547966,-92.09877056
32:30.4,-0.026,0.261,0.054,32:30.4,121.920725,-92.1095514
32:30.6,-0.071,0.2,0.017,32:30.6,121.8779746,-92.11724394
32:30.8,-0.04,0.061,-0.013,32:30.8,121.853614,-92.12343729
32:31.1,-0.04,0.208,-0.004,32:31.0,121.8292334,-92.12642917
32:31.3,-0.028,0.086,0.033,32:31.3,121.7939135,-92.12633847
32:31.5,-0.031,0.047,0.023,32:31.6,121.764703,-92.12756846
32:31.8,-0.099,0.178,0,32:31.8,121.745641,-92.1253846
32:32.0,-0.087,0.028,0.014,32:32.0,121.7266062,-92.12146898
32:32.2,-0.03,0.102,0.068,32:32.2,121.7014819,-92.11842592
32:32.5,-0.105,0.149,0.06,32:32.4,121.6738227,-92.11693373
32:32.7,-0.138,0.183,0.019,32:32.7,121.6525054,-92.11072261
32:32.9,-0.172,0.184,0.029,32:32.9,121.6205622,-92.10637538
32:33.1,0.024,0.146,0.008,32:33.1,121.5826688,-92.10662736
32:33.3,-0.025,0.223,0.049,32:33.3,121.549377,-92.10786593
32:33.6,-0.166,0.197,0.068,32:33.6,121.4982301,-92.10083973
32:33.8,-0.137,0.296,-0.005,32:33.8,121.4516612,-92.09693595
32:34.0,-0.179,0.212,-0.011,32:34.0,121.408248,-92.09132832
32:34.2,-0.124,0.201,-0.019,32:34.3,121.3520632,-92.08759733
32:34.5,-0.156,0.298,0.019,32:34.4,121.3018071,-92.07685598
32:34.7,-0.285,0.292,0,32:34.7,121.2340236,-92.06573999
32:34.9,-0.193,0.165,0.006,32:34.9,121.1877518,-92.05028867
32:35.2,-0.148,0.01,-0.004,32:35.2,121.1272835,-92.03572637
32:35.4,-0.144,0.211,0.043,32:35.4,121.0760257,-92.02354666
32:35.6,-0.178,0.342,0.068,32:35.6,121.0242518,-92.00156073
32:35.9,-0.222,0.171,0.046,32:35.9,120.9515851,-91.97874702
32:36.1,-0.215,0.141,0.073,32:36.1,120.8993526,-91.95944193
32:36.3,-0.142,0.142,0.072,32:36.3,120.858803,-91.94544212
32:36.5,-0.191,0.187,0.012,32:36.5,120.826699,-91.92894692
32:36.7,-0.029,0.172,0.098,32:36.7,120.7821684,-91.91650259
32:37.0,-0.173,0.174,0.038,32:37.0,120.7374697,-91.90800172
32:37.2,-0.087,0.134,-0.003,32:37.2,120.6955395,-91.90026825
32:37.4,-0.233,0.288,0.048,32:37.5,120.6530845,-91.89471358
32:37.7,-0.174,0.254,0.042,32:37.7,120.6187435,-91.8914353
32:37.9,-0.239,0.278,0.034,32:37.9,120.5688311,-91.89132152
32:38.1,-0.175,0.238,-0.002,32:38.1,120.5177923,-91.88891395
32:38.4,-0.226,0.291,-0.036,32:38.4,120.464861,-91.88529326
32:38.6,-0.293,0.151,0,32:38.6,120.4070538,-91.88177293
32:38.8,-0.219,0.432,-0.025,32:38.8,120.3509953,-91.885277
32:39.0,-0.214,0.215,-0.064,32:39.0,120.2772667,-91.87877563
32:39.3,-0.147,0.382,-0.041,32:39.3,120.1910837,-91.87063534
32:39.5,-0.292,0.354,-0.014,32:39.5,120.1136233,-91.85464292
32:39.7,-0.349,0.392,-0.02,32:39.7,120.0188706,-91.83795541
32:39.9,-0.345,0.396,-0.012,32:39.9,119.9340078,-91.8183355
32:40.2,-0.347,0.256,0.034,32:40.2,119.8239773,-91.7970999
32:40.4,-0.477,0.4,0.034,32:40.4,119.7111054,-91.76950143
32:40.6,-0.456,0.334,0.065,32:40.6,119.5988939,-91.74000079
32:40.9,-0.43,0.269,0.018,32:40.8,119.5061796,-91.71346984
32:41.1,-0.406,0.282,0.063,32:41.1,119.3927331,-91.69074094
32:41.3,-0.481,0.317,0.045,32:41.3,119.3010937,-91.6679344
32:41.6,-0.361,0.199,0.093,32:41.6,119.1789994,-91.64568908
32:41.8,-0.367,0.292,0.069,32:41.8,119.0953923,-91.63148757
32:42.0,-0.292,0.266,0.045,32:42.0,118.9985931,-91.61908701
32:42.2,-0.307,0.292,0.074,32:42.2,118.9277308,-91.6120294
32:42.4,-0.297,0.373,0.054,32:42.4,118.8370436,-91.61293381
32:42.7,-0.339,0.412,0.067,32:42.7,118.7465267,-91.61260005
32:42.9,-0.318,0.343,0.027,32:42.9,118.6540975,-91.60811178
32:43.1,-0.342,0.256,0.031,32:43.1,118.5804276,-91.61800718
32:43.4,-0.399,0.462,0.055,32:43.3,118.5003287,-91.62547208
32:43.6,-0.334,0.23,0.017,32:43.6,118.4006866,-91.63862553
32:43.8,-0.29,0.473,0.017,32:43.8,118.287633,-91.65205077
32:44.0,-0.379,0.46,0.011,32:44.1,118.1740428,-91.66275336
32:44.3,-0.333,0.375,0.03,32:44.3,118.079862,-91.67644679
32:44.5,-0.35,0.406,0.05,32:44.5,117.9846337,-91.69031206
32:44.7,-0.405,0.478,0.022,32:44.7,117.861347,-91.69874976
32:44.9,-0.371,0.451,0.052,32:44.9,117.7346044,-91.70819384
32:45.2,-0.521,0.248,0.005,32:45.2,117.606098,-91.7137615
32:45.4,-0.426,0.483,0.061,32:45.4,117.4977876,-91.70387148
32:45.6,-0.413,0.284,0.011,32:45.6,117.3665565,-91.70446354
32:45.8,-0.519,0.324,0.035,32:45.8,117.2570643,-91.70186849
32:46.0,-0.429,0.559,0.054,32:46.0,117.1458884,-91.69596514
32:46.3,-0.463,0.341,0.067,32:46.3,116.9901433,-91.68956759
32:46.5,-0.478,0.363,0.107,32:46.5,116.8813728,-91.67825247
32:46.7,-0.427,0.405,0.077,32:46.7,116.7504941,-91.66923911
32:46.9,-0.349,0.404,0.096,32:46.9,116.6401566,-91.66267641
32:47.2,-0.356,0.309,0.079,32:47.2,116.5081627,-91.65441028
32:47.4,-0.359,0.333,0.062,32:47.4,116.3791643,-91.65397808
32:47.6,-0.345,0.364,0.06,32:47.6,116.2792918,-91.6518642
32:47.9,-0.313,0.404,0.014,32:47.9,116.1607092,-91.65337614
32:48.1,-0.392,0.442,0.032,32:48.1,116.0686978,-91.65296714
32:48.3,-0.369,0.404,0.03,32:48.3,115.9572143,-91.66090422
32:48.6,-0.31,0.546,0.05,32:48.5,115.8455968,-91.67058078
32:48.8,-0.317,0.307,-0.005,32:48.8,115.7389813,-91.6834186
32:49.0,-0.187,0.316,0.021,32:49.0,115.6563805,-91.69114092
32:49.2,-0.331,0.434,0.047,32:49.2,115.5501346,-91.69832216
32:49.4,-0.262,0.388,-0.002,32:49.4,115.468573,-91.70668156
32:49.7,-0.382,0.305,0,32:49.7,115.3604343,-91.71655874
32:49.9,-0.249,0.471,0.015,32:49.9,115.2497502,-91.73051842
32:50.1,-0.473,0.482,0.032,32:50.1,115.1592238,-91.73315592
32:50.3,-0.248,0.299,0.021,32:50.3,115.0470427,-91.74065871
32:50.6,-0.383,0.509,0.052,32:50.5,114.9574548,-91.75013944
32:50.8,-0.436,0.433,0.033,32:50.8,114.8174585,-91.75780312
32:51.0,-0.415,0.405,0.013,32:51.0,114.7167171,-91.75800225
32:51.3,-0.464,0.399,0.04,32:51.2,114.6129654,-91.76731104
32:51.5,-0.422,0.408,0.023,32:51.5,114.4849508,-91.77515715
32:51.7,-0.32,0.42,0.008,32:51.7,114.3583494,-91.76804266
32:51.9,-0.492,0.308,-0.009,32:51.9,114.2239261,-91.77336824
32:52.2,-0.477,0.556,-0.038,32:52.2,114.1164742,-91.77258319
32:52.4,-0.435,0.375,-0.002,32:52.4,113.9848249,-91.77165299
32:52.6,-0.406,0.432,0.028,32:52.6,113.852631,-91.76164848
32:52.8,-0.507,0.496,0.024,32:52.8,113.7445834,-91.75632307
32:53.1,-0.475,0.391,0.063,32:53.1,113.6122072,-91.73799859
32:53.3,-0.372,0.393,0.054,32:53.3,113.4873185,-91.72067093
32:53.5,-0.411,0.377,0.081,32:53.6,113.3636482,-91.69764479
32:53.8,-0.261,0.307,0.026,32:53.8,113.2648394,-91.68472147
32:54.0,-0.378,0.393,0.043,32:54.0,113.1730532,-91.67099746
32:54.2,-0.378,0.266,0.034,32:54.2,113.0362553,-91.65728484
32:54.5,-0.329,0.391,-0.003,32:54.4,112.9456631,-91.65280341
32:54.7,-0.344,0.329,0.016,32:54.7,112.8333675,-91.64777657
32:54.9,-0.323,0.375,0.042,32:54.9,112.746277,-91.64313022
32:55.1,-0.369,0.427,0.053,32:55.1,112.6393267,-91.63968652
32:55.4,-0.291,0.411,0.1,32:55.4,112.527896,-91.63531987
32:55.6,-0.386,0.479,0.06,32:55.6,112.4390597,-91.6348234
32:55.8,-0.383,0.357,0.04,32:55.8,112.3220413,-91.63841515
32:56.0,-0.476,0.494,0.072,32:56.0,112.207246,-91.64235597
32:56.2,-0.39,0.379,0.004,32:56.2,112.1087409,-91.64282708
32:56.5,-0.424,0.339,0.036,32:56.5,111.985645,-91.6490382
32:56.7,-0.314,0.416,0.034,32:56.7,111.8647386,-91.65021626
32:56.9,-0.436,0.49,0.033,32:56.9,111.755847,-91.65010683
32:57.2,-0.434,0.419,0.058,32:57.2,111.6206353,-91.64654031
32:57.4,-0.382,0.562,0.064,32:57.4,111.5108534,-91.64786209
32:57.6,-0.259,0.29,0.068,32:57.6,111.3558948,-91.64158729
32:57.9,-0.366,0.377,0.038,32:57.9,111.2422532,-91.63492522
32:58.1,-0.445,0.366,0.085,32:58.1,111.1122776,-91.62902573
32:58.3,-0.445,0.36,0.045,32:58.3,111.0002252,-91.62219707
32:58.5,-0.447,0.448,0.046,32:58.5,110.8615727,-91.61136316
32:58.8,-0.307,0.499,0.067,32:58.8,110.7286261,-91.60518077
32:59.0,-0.418,0.377,0.023,32:59.0,110.6210589,-91.59516196
32:59.2,-0.411,0.406,0.111,32:59.2,110.4960159,-91.58796056
32:59.4,-0.33,0.379,0.058,32:59.4,110.3971446,-91.57611411
32:59.6,-0.338,0.37,0.112,32:59.7,110.2743293,-91.56507649
32:59.9,-0.354,0.406,0.074,32:59.9,110.1546313,-91.55248401
33:00.1,-0.36,0.358,0.101,33:00.1,110.0567862,-91.54311245
33:00.3,-0.402,0.358,0.081,33:00.3,109.9446155,-91.53193181
33:00.6,-0.385,0.343,0.072,33:00.5,109.8502807,-91.51789311
33:00.8,-0.411,0.25,0.102,33:00.8,109.7347282,-91.50174027
33:01.0,-0.432,0.332,0.062,33:01.1,109.6102496,-91.48416158
33:01.3,-0.414,0.393,0.03,33:01.3,109.51684,-91.47763534
33:01.5,-0.324,0.26,-0.022,33:01.5,109.4290386,-91.47118636
33:01.7,-0.45,0.357,0.022,33:01.7,109.3170335,-91.46345536
33:01.9,-0.419,0.393,0.033,33:01.9,109.2310304,-91.4614889
33:02.2,-0.425,0.48,0.069,33:02.2,109.09658,-91.46368268
33:02.4,-0.279,0.351,0.044,33:02.4,109.0030514,-91.47218521
33:02.6,-0.309,0.431,0.024,33:02.6,108.9054478,-91.48021119
33:02.8,-0.426,0.54,0.039,33:02.8,108.7844758,-91.49225771
33:03.0,-0.427,0.442,0.019,33:03.0,108.6782976,-91.50601825
33:03.3,-0.274,0.382,0.027,33:03.3,108.5267545,-91.52121214
33:03.5,-0.313,0.466,0.055,33:03.5,108.4256461,-91.53971393
33:03.7,-0.348,0.419,0.047,33:03.7,108.3171603,-91.55642171
33:03.9,-0.271,0.493,0.057,33:03.9,108.2111171,-91.57347785
33:04.1,-0.385,0.303,0.126,33:04.1,108.0835349,-91.57839545
33:04.4,-0.33,0.246,0.122,33:04.4,107.9548204,-91.58031786
33:04.6,-0.366,0.276,0.033,33:04.6,107.822757,-91.57809596
33:04.8,-0.414,0.365,0.085,33:04.8,107.7175515,-91.56935934
33:05.1,-0.352,0.253,0.067,33:05.1,107.5933515,-91.55951536
33:05.3,-0.468,0.279,0.074,33:05.3,107.4949078,-91.54404986
33:05.5,-0.248,0.272,0.053,33:05.5,107.3686926,-91.5213249
33:05.8,-0.325,0.479,0.073,33:05.7,107.2437729,-91.50328383
33:06.0,-0.408,0.35,0.008,33:06.0,107.1187984,-91.4889786
33:06.2,-0.448,0.313,-0.002,33:06.2,107.0242461,-91.476794
33:06.4,-0.309,0.369,-0.023,33:06.4,106.9036897,-91.46803799
33:06.6,-0.481,0.344,0.034,33:06.6,106.8038694,-91.46018383
33:06.9,-0.352,0.412,0.025,33:06.9,106.6582803,-91.45545854
33:07.1,-0.336,0.392,0.033,33:07.1,106.5678146,-91.448461
33:07.3,-0.362,0.456,0.01,33:07.4,106.4556948,-91.45139509
33:07.6,-0.327,0.409,0.081,33:07.6,106.3627201,-91.452179
33:07.8,-0.405,0.359,0.048,33:07.8,106.276568,-91.45955059
33:08.0,-0.323,0.325,0.107,33:08.0,106.1421747,-91.45974978
33:08.3,-0.303,0.352,0.072,33:08.2,106.0535145,-91.46822258
33:08.5,-0.278,0.352,0.077,33:08.5,105.9455158,-91.477619
33:08.7,-0.368,0.442,0.043,33:08.7,105.8331821,-91.48004294
33:08.9,-0.489,0.423,0.071,33:08.9,105.7491899,-91.48536072
33:09.2,-0.306,0.31,0.044,33:09.2,105.6365464,-91.48391683
33:09.4,-0.421,0.334,0.066,33:09.4,105.5207873,-91.48091229
33:09.6,-0.305,0.331,0.07,33:09.6,105.4266845,-91.47094238
33:09.8,-0.319,0.357,0.049,33:09.8,105.3026574,-91.46526987
33:10.1,-0.364,0.332,0.039,33:10.0,105.1995164,-91.45485184
33:10.3,-0.454,0.369,0.034,33:10.3,105.0439763,-91.44910408
33:10.5,-0.396,0.391,0.045,33:10.5,104.9379718,-91.43802188
33:10.7,-0.504,0.312,0,33:10.8,104.8051163,-91.42366899
33:11.0,-0.361,0.317,0.032,33:11.0,104.6985054,-91.41304403
33:11.2,-0.343,0.389,0.069,33:11.2,104.5700598,-91.40680116
33:11.5,-0.38,0.301,0.056,33:11.5,104.4362248,-91.39867919
33:11.7,-0.303,0.339,0.072,33:11.7,104.3235552,-91.39786808
33:11.9,-0.38,0.371,0.059,33:11.9,104.2049665,-91.40015755
33:12.1,-0.346,0.337,0.072,33:12.1,104.1064513,-91.40028512
33:12.3,-0.398,0.326,0.07,33:12.3,103.989653,-91.39471216
33:12.6,-0.352,0.416,0.103,33:12.6,103.8776307,-91.39451769
33:12.8,-0.403,0.348,0.052,33:12.8,103.765673,-91.39800836
33:13.0,-0.339,0.325,0.06,33:13.0,103.6765424,-91.4010588
33:13.2,-0.339,0.484,0,33:13.2,103.5873674,-91.40207065
33:13.4,-0.315,0.35,0.035,33:13.5,103.4753514,-91.40344741
33:13.7,-0.363,0.439,0.051,33:13.7,103.3606264,-91.40079826
33:13.9,-0.329,0.372,0.078,33:13.9,103.26573,-91.40333971
33:14.1,-0.32,0.481,0.077,33:14.1,103.1525701,-91.4003103
33:14.3,-0.458,0.478,0.051,33:14.3,103.054525,-91.39468598
33:14.6,-0.415,0.286,0.077,33:14.6,102.9361319,-91.38883225
33:14.8,-0.46,0.459,0.097,33:14.8,102.833269,-91.38466736
33:15.0,-0.357,0.397,0.039,33:15.0,102.7082365,-91.37676797
33:15.2,-0.433,0.472,0,33:15.3,102.5881623,-91.36982112
33:15.5,-0.352,0.472,0.046,33:15.5,102.4892194,-91.36724695
33:15.7,-0.284,0.291,0.105,33:15.7,102.387527,-91.3627065
33:15.9,-0.358,0.412,0.032,33:15.9,102.2617781,-91.36215974
33:16.2,-0.291,0.531,0.047,33:16.2,102.106793,-91.36087374
33:16.4,-0.416,0.422,0.071,33:16.4,102.0053395,-91.36891005
33:16.6,-0.423,0.297,0.092,33:16.6,101.8791234,-91.37031967
33:16.8,-0.388,0.471,0.057,33:16.8,101.776005,-91.36804094
33:17.0,-0.366,0.348,0.086,33:17.0,101.6697951,-91.37123353
33:17.3,-0.335,0.393,0.094,33:17.3,101.5450742,-91.36659935
33:17.5,-0.387,0.416,0.081,33:17.5,101.4193951,-91.36575297
33:17.7,-0.311,0.298,0.036,33:17.7,101.3171864,-91.36575583
33:17.9,-0.355,0.366,0.122,33:17.9,101.1940518,-91.35776621
33:18.2,-0.34,0.387,0.062,33:18.1,101.0981983,-91.35658636
33:18.4,-0.423,0.378,0.065,33:18.4,100.9802379,-91.3476534
33:18.6,-0.391,0.349,0.108,33:18.6,100.8556463,-91.33556119
33:18.8,-0.501,0.435,0.034,33:18.8,100.7607198,-91.32638401
33:19.1,-0.399,0.418,0.088,33:19.1,100.6388846,-91.31147713
33:19.3,-0.434,0.418,0.106,33:19.3,100.5179034,-91.29839056
33:19.5,-0.487,0.287,0.051,33:19.5,100.4229052,-91.2826077
33:19.8,-0.339,0.282,0.076,33:19.7,100.3041289,-91.26176935
33:20.0,-0.44,0.259,0.058,33:20.0,100.1833815,-91.24560604
33:20.2,-0.406,0.372,0.059,33:20.2,100.0808817,-91.23596472
33:20.4,-0.402,0.314,0.017,33:20.4,99.96727481,-91.2286118
33:20.6,-0.497,0.414,0.004,33:20.6,99.86733803,-91.22861067
33:20.9,-0.38,0.432,0.034,33:20.9,99.72080156,-91.22579378
33:21.1,-0.272,0.456,0.02,33:21.1,99.62881712,-91.22923747
33:21.3,-0.411,0.493,0.05,33:21.4,99.50255363,-91.23107572
33:21.5,-0.386,0.536,0.013,33:21.5,99.39283338,-91.23434882
33:21.8,-0.35,0.477,0.05,33:21.8,99.28306524,-91.2386332
33:22.0,-0.363,0.467,0.054,33:22.0,99.12298142,-91.24080221
33:22.2,-0.364,0.452,0.07,33:22.2,99.02234345,-91.24276824
33:22.4,-0.35,0.407,0.071,33:22.4,98.91970536,-91.24194432
33:22.7,-0.27,0.44,0.096,33:22.7,98.78447636,-91.24900102
33:22.9,-0.366,0.391,0.139,33:22.9,98.64986851,-91.23916927
33:23.1,-0.371,0.447,0.112,33:23.2,98.51520841,-91.23080345
33:23.4,-0.412,0.308,0.079,33:23.4,98.40709694,-91.22553456
33:23.6,-0.529,0.434,0.11,33:23.6,98.30163549,-91.21464027
33:23.8,-0.368,0.372,0.064,33:23.8,98.17338784,-91.19977885
33:24.0,-0.404,0.38,0.095,33:24.0,98.05226945,-91.18988044
33:24.3,-0.397,0.361,0.029,33:24.3,97.92816185,-91.18031735
33:24.5,-0.419,0.359,0.019,33:24.5,97.83491161,-91.16936311
33:24.7,-0.393,0.351,0.041,33:24.7,97.7192133,-91.16255251
33:24.9,-0.384,0.307,0.036,33:24.9,97.63388269,-91.15328507
33:25.1,-0.372,0.364,0.044,33:25.2,97.51755841,-91.15262535
33:25.4,-0.378,0.32,0.031,33:25.4,97.39163881,-91.15686205
33:25.6,-0.384,0.518,0.075,33:25.6,97.28891651,-91.15981368
33:25.8,-0.392,0.372,0.03,33:25.8,97.16310444,-91.17011907
33:26.0,-0.343,0.482,0.028,33:26.0,97.05769174,-91.1742612
33:26.3,-0.428,0.381,0.079,33:26.2,96.95621016,-91.18121521
33:26.5,-0.309,0.542,0.063,33:26.5,96.82693163,-91.18784692
33:26.7,-0.359,0.336,0.07,33:26.7,96.68781144,-91.1925221
33:26.9,-0.313,0.407,0.099,33:26.9,96.58082412,-91.19847352
33:27.2,-0.385,0.461,0.054,33:27.2,96.44829605,-91.20527848
33:27.4,-0.555,0.347,0.057,33:27.4,96.31317703,-91.2058452
33:27.6,-0.407,0.408,0.082,33:27.6,96.20707121,-91.20393717
33:27.9,-0.405,0.306,0.05,33:27.8,96.07632303,-91.19952592
33:28.1,-0.481,0.348,0.075,33:28.1,95.95328185,-91.1933468
33:28.3,-0.471,0.268,0.056,33:28.3,95.85722749,-91.18355854
33:28.5,-0.438,0.316,0.113,33:28.5,95.73570267,-91.17273833
33:28.7,-0.371,0.36,0.096,33:28.7,95.64600537,-91.16351496
33:29.0,-0.363,0.426,0.089,33:29.0,95.50384255,-91.14630667
33:29.2,-0.418,0.297,0.065,33:29.2,95.41326474,-91.13012624
33:29.4,-0.335,0.275,0.08,33:29.4,95.30667157,-91.12570362
33:29.6,-0.242,0.427,0.085,33:29.6,95.2202372,-91.11799991
33:29.9,-0.223,0.311,0.015,33:29.8,95.13713852,-91.11490922
33:30.1,-0.251,0.39,0.035,33:30.1,95.00910912,-91.1077503
33:30.3,-0.382,0.503,0.058,33:30.3,94.92197396,-91.11020172
33:30.5,-0.381,0.425,0.018,33:30.5,94.83291942,-91.11328053
33:30.8,-0.413,0.296,0.043,33:30.8,94.71658565,-91.11920496
33:31.0,-0.311,0.452,0.033,33:31.0,94.62143058,-91.12784147
33:31.2,-0.333,0.48,0.03,33:31.2,94.47761971,-91.14015931
33:31.5,-0.406,0.358,0.071,33:31.5,94.37979018,-91.14825866
33:31.7,-0.302,0.426,0.032,33:31.7,94.25031549,-91.15620392
33:31.9,-0.442,0.372,0.006,33:31.9,94.14434346,-91.16579423
33:32.1,-0.387,0.348,0.075,33:32.1,94.022821,-91.1715563
33:32.4,-0.378,0.403,0.048,33:32.4,93.89983019,-91.17762672
33:32.6,-0.436,0.283,0.048,33:32.6,93.79808517,-91.17968824
33:32.8,-0.413,0.388,0.005,33:32.8,93.67133863,-91.17714369
33:33.0,-0.385,0.363,0.08,33:33.0,93.56839296,-91.17223981
33:33.2,-0.431,0.305,0.085,33:33.3,93.43988196,-91.16451969
33:33.5,-0.32,0.323,0.067,33:33.5,93.31859849,-91.15409325
33:33.7,-0.395,0.315,0.043,33:33.7,93.22216233,-91.13489618
33:33.9,-0.399,0.282,0.079,33:33.9,93.10233873,-91.11785136
33:34.1,-0.209,0.397,0.059,33:34.1,93.00041655,-91.09609714
33:34.4,-0.399,0.379,0.02,33:34.4,92.8840657,-91.08324474
33:34.6,-0.48,0.295,0.1,33:34.6,92.7650079,-91.06111202
33:34.8,-0.504,0.286,0.042,33:34.8,92.66606258,-91.04527239
33:35.1,-0.484,0.438,0.043,33:35.1,92.54392921,-91.02385968
33:35.3,-0.338,0.333,0.063,33:35.3,92.41539565,-91.01026553
33:35.5,-0.432,0.496,0.044,33:35.5,92.3150776,-91.0029902
33:35.8,-0.378,0.489,0.023,33:35.7,92.19122131,-90.98823612
33:36.0,-0.364,0.314,-0.023,33:36.0,92.07175126,-90.98331203
33:36.2,-0.386,0.361,0.032,33:36.2,91.94206349,-90.98279602
33:36.4,-0.366,0.46,0.011,33:36.4,91.84535738,-90.98557467
33:36.6,-0.304,0.472,0.009,33:36.6,91.75125375,-90.98637433
33:36.9,-0.422,0.529,-0.001,33:36.9,91.60836066,-90.99550501
33:37.1,-0.289,0.405,0.041,33:37.1,91.52006897,-91.00484535
33:37.3,-0.324,0.382,0.044,33:37.3,91.42769695,-91.02001212
33:37.5,-0.353,0.426,0.037,33:37.5,91.31236779,-91.03639801
33:37.8,-0.297,0.488,0.064,33:37.8,91.1936476,-91.05228678
33:38.0,-0.422,0.329,0.044,33:38.0,91.07091076,-91.07050278
33:38.3,-0.241,0.39,0.085,33:38.2,90.981383,-91.08149084
33:38.5,-0.384,0.372,0.139,33:38.5,90.86449744,-91.09078781
33:38.7,-0.33,0.357,0.13,33:38.7,90.76566563,-91.09806091
33:38.9,-0.391,0.332,0.145,33:38.9,90.63874768,-91.09716476
33:39.2,-0.404,0.409,0.1,33:39.2,90.47682953,-91.08262452
33:39.4,-0.393,0.454,0.129,33:39.4,90.3729285,-91.08399631
33:39.6,-0.512,0.378,0.123,33:39.6,90.26598974,-91.06885977
33:39.8,-0.485,0.313,0.088,33:39.8,90.13013643,-91.05662809
33:40.1,-0.431,0.315,0.055,33:40.0,90.01543859,-91.03571989
33:40.3,-0.472,0.378,0.07,33:40.3,89.84886598,-91.01353506
33:40.5,-0.629,0.459,0.093,33:40.5,89.73401321,-90.98772138
33:40.8,-0.502,0.324,0.081,33:40.8,89.59426954,-90.96513441
33:41.0,-0.32,0.386,0.089,33:41.0,89.47713685,-90.9488282
33:41.2,-0.491,0.333,0.068,33:41.2,89.33188393,-90.92282909
33:41.4,-0.477,0.471,0.091,33:41.4,89.19327699,-90.90806067
33:41.7,-0.326,0.345,0.081,33:41.7,89.06974468,-90.89592973
33:41.9,-0.366,0.259,0.039,33:41.9,88.97963843,-90.89398431
33:42.1,-0.388,0.344,0.069,33:42.1,88.89242779,-90.89618455
33:42.3,-0.389,0.475,0.032,33:42.3,88.78641042,-90.89670906
33:42.6,-0.283,0.338,0.05,33:42.6,88.68293388,-90.91190868
33:42.8,-0.26,0.393,0.051,33:42.8,88.60704148,-90.9266425
33:43.0,-0.281,0.391,0.045,33:43.0,88.50958342,-90.94609483
33:43.2,-0.249,0.397,0.052,33:43.2,88.43428599,-90.960552
33:43.4,-0.332,0.54,0.04,33:43.4,88.34233381,-90.98241583
33:43.6,-0.225,0.414,0.014,33:43.6,88.26073262,-91.00195266
33:43.9,-0.265,0.512,0.028,33:43.9,88.13921525,-91.0217389
33:44.1,-0.25,0.384,0.008,33:44.1,88.05092208,-91.03891585
33:44.3,-0.268,0.461,-0.031,33:44.3,87.96001463,-91.05547607
33:44.6,-0.417,0.452,0.027,33:44.6,87.84462699,-91.06236608
33:44.8,-0.295,0.329,0.027,33:44.8,87.74953377,-91.06968143
33:45.0,-0.456,0.386,0.02,33:45.1,87.61051736,-91.07078309
33:45.2,-0.392,0.258,0.015,33:45.3,87.50568578,-91.05749077
33:45.5,-0.441,0.342,0.053,33:45.5,87.39581708,-91.04511181
33:45.7,-0.522,0.25,0.029,33:45.7,87.26475376,-91.02538677
33:45.9,-0.44,0.308,0.067,33:45.9,87.15689107,-90.9991297
33:46.2,-0.485,0.354,0.042,33:46.2,86.99538241,-90.97114087
33:46.4,-0.514,0.289,0.052,33:46.4,86.88622511,-90.94176857
33:46.6,-0.487,0.42,0.064,33:46.6,86.77304409,-90.91047721
33:46.8,-0.415,0.417,0.058,33:46.8,86.63866209,-90.88422253
33:47.0,-0.428,0.439,0.058,33:47.0,86.52656086,-90.85663016
33:47.3,-0.442,0.423,-0.015,33:47.3,86.36346537,-90.83307788
33:47.5,-0.439,0.403,0,33:47.5,86.25684407,-90.82010759
33:47.7,-0.442,0.339,0.046,33:47.7,86.15118718,-90.81744235
33:47.9,-0.357,0.342,0.011,33:47.9,86.02706265,-90.80888164
33:48.1,-0.441,0.45,0.063,33:48.1,85.92872637,-90.81936996
33:48.4,-0.406,0.351,0.005,33:48.4,85.78325823,-90.82396933
33:48.6,-0.305,0.45,0.045,33:48.6,85.68492069,-90.84313783
33:48.8,-0.28,0.311,0.065,33:48.8,85.59250483,-90.86532867
33:49.0,-0.345,0.4,0.103,33:49.1,85.47192151,-90.88528703
33:49.3,-0.3,0.458,0.008,33:49.3,85.35629809,-90.90571724
33:49.5,-0.146,0.47,0.044,33:49.5,85.24607844,-90.9290914
33:49.7,-0.273,0.392,0.048,33:49.7,85.16096812,-90.9457642
33:49.9,-0.343,0.417,0.04,33:49.9,85.07458879,-90.96012179
33:50.2,-0.255,0.389,0.066,33:50.2,84.96155578,-90.97170356
33:50.4,-0.309,0.415,0.138,33:50.4,84.87422211,-90.97481808
33:50.6,-0.503,0.402,0.098,33:50.7,84.73166654,-90.97009188
33:50.9,-0.47,0.304,0.093,33:50.9,84.64037353,-90.95550404
33:51.1,-0.527,0.315,0.073,33:51.1,84.52359671,-90.93547607
33:51.3,-0.455,0.279,0.067,33:51.3,84.42603963,-90.91066248
33:51.5,-0.502,0.269,0.014,33:51.5,84.30162696,-90.88801554
33:51.8,-0.355,0.436,0.067,33:51.8,84.17544407,-90.86063082
33:52.0,-0.432,0.324,0.048,33:52.0,84.07202654,-90.82927753
33:52.2,-0.464,0.398,0.03,33:52.2,83.93741078,-90.79987228
33:52.4,-0.421,0.263,0.027,33:52.4,83.83524819,-90.77232296
33:52.7,-0.384,0.44,0.079,33:52.7,83.70528446,-90.75459593
33:52.9,-0.473,0.385,0.134,33:52.9,83.57113718,-90.73598755
33:53.1,-0.375,0.34,0.12,33:53.2,83.44119184,-90.7252904
33:53.4,-0.404,0.505,0.105,33:53.4,83.31391855,-90.71958905
33:53.6,-0.385,0.457,0.07,33:53.6,83.21331249,-90.72445252
33:53.8,-0.404,0.337,0.072,33:53.8,83.1138089,-90.73497577
33:54.1,-0.347,0.342,0.062,33:54.1,82.97101863,-90.75196621
33:54.3,-0.26,0.521,0.041,33:54.3,82.88429236,-90.77357793
33:54.5,-0.314,0.333,0.033,33:54.5,82.79534841,-90.80121002
33:54.7,-0.349,0.424,0.073,33:54.7,82.68328125,-90.82208466
33:54.9,-0.342,0.443,0.027,33:54.9,82.58922394,-90.84285943
33:55.2,-0.383,0.379,0.054,33:55.2,82.4617883,-90.85734006
33:55.4,-0.368,0.347,0.023,33:55.4,82.37263627,-90.86804171
33:55.6,-0.277,0.441,0.023,33:55.6,82.27881722,-90.87578228
33:55.8,-0.462,0.459,0.043,33:55.8,82.18274552,-90.8745423
33:56.0,-0.332,0.283,0.02,33:56.0,82.06625384,-90.87653887
33:56.3,-0.298,0.301,0.035,33:56.3,81.95149824,-90.87230906
33:56.5,-0.378,0.231,0.045,33:56.5,81.85841128,-90.86534903
33:56.7,-0.392,0.423,0.016,33:56.7,81.73916047,-90.84701137
33:56.9,-0.438,0.333,0.069,33:56.9,81.64026823,-90.82640639
33:57.1,-0.527,0.259,0.037,33:57.1,81.51700556,-90.80144067
33:57.4,-0.403,0.339,0.082,33:57.3,81.41610398,-90.77905325
33:57.6,-0.319,0.364,0.086,33:57.6,81.26931754,-90.75192968
33:57.8,-0.472,0.304,0.091,33:57.8,81.16792286,-90.73084977
33:58.0,-0.402,0.492,0.066,33:58.0,81.06374879,-90.71299007
33:58.3,-0.397,0.552,0.007,33:58.3,80.93850117,-90.69822367
33:58.5,-0.298,0.389,0.073,33:58.5,80.83779437,-90.68378099
33:58.7,-0.25,0.455,0.082,33:58.7,80.69032188,-90.66792051
33:59.0,-0.388,0.258,0.038,33:59.0,80.59228712,-90.66205737
33:59.2,-0.319,0.474,0.039,33:59.2,80.46430083,-90.66011046
33:59.4,-0.293,0.393,0.07,33:59.4,80.36149048,-90.66203525
33:59.6,-0.204,0.372,0.093,33:59.6,80.24510997,-90.66909982
33:59.9,-0.284,0.379,0.049,33:59.9,80.12001882,-90.6800226
34:00.1,-0.337,0.389,0.067,34:00.1,79.99585543,-90.68805823
34:00.3,-0.29,0.421,0.026,34:00.3,79.89765974,-90.70039751
34:00.5,-0.338,0.419,0.094,34:00.5,79.80466309,-90.71181083
34:00.8,-0.302,0.443,0.09,34:00.8,79.68525636,-90.72421183
34:01.0,-0.365,0.35,0.063,34:01.0,79.54017733,-90.74096872
34:01.2,-0.376,0.415,0.072,34:01.2,79.44555905,-90.74823918
34:01.5,-0.42,0.434,0.077,34:01.5,79.32682103,-90.75319213
34:01.7,-0.35,0.289,0.068,34:01.7,79.22820945,-90.75357074
34:01.9,-0.403,0.418,0.036,34:01.9,79.13023537,-90.75559428
34:02.2,-0.358,0.275,0.078,34:02.2,78.98651677,-90.75275436
34:02.4,-0.395,0.397,0.06,34:02.4,78.88787968,-90.74203507
34:02.6,-0.548,0.385,0.069,34:02.6,78.77095873,-90.73051009
34:02.8,-0.421,0.364,0.087,34:02.8,78.65209042,-90.71949573
34:03.0,-0.515,0.307,0.077,34:03.0,78.55553486,-90.70763803
34:03.3,-0.362,0.268,0.051,34:03.3,78.43266274,-90.69664278
34:03.5,-0.439,0.416,0.076,34:03.5,78.31248488,-90.68045436
34:03.7,-0.435,0.427,0.102,34:03.7,78.21073311,-90.66928829
34:04.0,-0.324,0.371,0.111,34:04.0,78.07797093,-90.65502294
34:04.2,-0.326,0.362,0.09,34:04.2,77.97634169,-90.64353439
34:04.4,-0.391,0.361,0.121,34:04.4,77.82314594,-90.63430361
34:04.7,-0.443,0.364,0.045,34:04.7,77.72241494,-90.63085629
34:04.9,-0.404,0.414,0.043,34:04.9,77.62106993,-90.62520138
34:05.1,-0.428,0.386,0.126,34:05.1,77.50270854,-90.61997176
34:05.3,-0.38,0.479,0.025,34:05.3,77.40460595,-90.62300761
34:05.5,-0.319,0.373,0.063,34:05.5,77.28139876,-90.62415564
34:05.8,-0.464,0.254,0.016,34:05.8,77.16068415,-90.62989454
34:06.0,-0.292,0.347,0.017,34:06.0,77.05894874,-90.63521685
34:06.2,-0.435,0.325,-0.011,34:06.2,76.93307626,-90.64114481
34:06.4,-0.415,0.411,-0.005,34:06.4,76.82673092,-90.64867007
34:06.6,-0.42,0.385,0.062,34:06.7,76.70061097,-90.65985994
34:06.9,-0.373,0.35,0.084,34:06.9,76.57145395,-90.66834039
34:07.1,-0.33,0.413,0.069,34:07.1,76.47039858,-90.67467035
34:07.3,-0.378,0.412,0.024,34:07.3,76.34327445,-90.68388312
34:07.5,-0.279,0.351,0.059,34:07.5,76.24403354,-90.69267552
34:07.8,-0.358,0.527,0.013,34:07.8,76.12148922,-90.70058662
34:08.0,-0.465,0.355,-0.003,34:08.0,75.99830452,-90.70580758
34:08.2,-0.27,0.393,0.082,34:08.2,75.90332046,-90.70815451
34:08.4,-0.337,0.345,0.014,34:08.5,75.78733879,-90.70508107
34:08.7,-0.354,0.337,0.094,34:08.7,75.69779723,-90.70029553
34:08.9,-0.43,0.365,0.042,34:08.9,75.58441202,-90.68885258
34:09.1,-0.394,0.367,0.091,34:09.1,75.46476642,-90.68059074
34:09.4,-0.364,0.31,0.073,34:09.3,75.36949249,-90.66900755
34:09.6,-0.415,0.385,0.042,34:09.6,75.25116887,-90.66136263
34:09.8,-0.311,0.448,0.036,34:09.8,75.15182767,-90.64789337
34:10.0,-0.25,0.47,0.11,34:10.0,75.02282843,-90.62814506
34:10.3,-0.327,0.408,0.093,34:10.3,74.89877877,-90.62022066
34:10.5,-0.279,0.363,0.047,34:10.5,74.78094598,-90.61312855
34:10.7,-0.379,0.43,0.068,34:10.7,74.68493126,-90.61009303
34:10.9,-0.376,0.462,0.092,34:10.9,74.56663024,-90.60983956
34:11.1,-0.287,0.352,0.055,34:11.1,74.46058258,-90.60924545
34:11.4,-0.408,0.408,0.04,34:11.4,74.30675576,-90.60488093
34:11.6,-0.251,0.352,0.082,34:11.6,74.20940641,-90.60384802
34:11.9,-0.327,0.439,0.065,34:11.9,74.09242516,-90.60201338
34:12.1,-0.446,0.378,0.1,34:12.1,73.99726628,-90.60278297
34:12.3,-0.273,0.376,0.075,34:12.3,73.88391824,-90.5973879
34:12.6,-0.396,0.417,0.065,34:12.5,73.77656108,-90.59457266
34:12.8,-0.424,0.425,0.052,34:12.8,73.68724316,-90.58721098
34:13.0,-0.37,0.289,0.09,34:13.0,73.58080023,-90.58912757
34:13.2,-0.33,0.391,0.027,34:13.2,73.47293998,-90.58298533
34:13.4,-0.29,0.393,0.097,34:13.4,73.38351419,-90.57658347
34:13.7,-0.389,0.361,0.058,34:13.7,73.27182468,-90.56607258
34:13.9,-0.489,0.45,0.015,34:13.9,73.15497118,-90.55423657
34:14.1,-0.308,0.462,0.061,34:14.1,73.0556198,-90.54402589
34:14.4,-0.394,0.368,0.099,34:14.4,72.93663791,-90.53374685
34:14.6,-0.384,0.295,0.06,34:14.6,72.8385993,-90.52774329
34:14.8,-0.459,0.407,0.072,34:14.8,72.68684873,-90.51723433
34:15.0,-0.43,0.385,0.038,34:15.0,72.58205925,-90.50819584
34:15.3,-0.366,0.402,0.048,34:15.3,72.4714989,-90.50218274
34:15.5,-0.445,0.394,0.089,34:15.5,72.33734226,-90.50280642
34:15.7,-0.459,0.388,0.071,34:15.7,72.2281499,-90.49790079
34:16.0,-0.588,0.456,0.061,34:16.0,72.06268111,-90.49385068
34:16.2,-0.521,0.362,0.052,34:16.2,71.94733856,-90.4871235
34:16.4,-0.397,0.38,0.112,34:16.4,71.82422988,-90.48525044
34:16.6,-0.492,0.466,0.088,34:16.6,71.68058909,-90.47888158
34:16.8,-0.399,0.401,0.082,34:16.8,71.55893563,-90.47777695
34:17.1,-0.489,0.317,0.038,34:17.1,71.39210512,-90.4713409
34:17.3,-0.478,0.497,0,34:17.3,71.28317245,-90.47227355
34:17.5,-0.521,0.423,0.063,34:17.5,71.14625422,-90.47102905
34:17.7,-0.35,0.47,0.027,34:17.7,71.02874488,-90.46426727
34:17.9,-0.417,0.434,0.079,34:18.0,70.89348848,-90.46060546
34:18.2,-0.41,0.459,0.062,34:18.2,70.74901907,-90.45023031
34:18.4,-0.45,0.426,0.114,34:18.4,70.64667128,-90.44245313
34:18.6,-0.376,0.321,0.048,34:18.7,70.524553,-90.43307439
34:18.9,-0.544,0.442,0.088,34:18.8,70.42916581,-90.43023256
34:19.1,-0.378,0.267,0.051,34:19.1,70.30926465,-90.41955242
34:19.3,-0.429,0.294,0.055,34:19.3,70.19046663,-90.41446121
34:19.5,-0.355,0.412,0.083,34:19.6,70.07441776,-90.41007498
34:19.8,-0.3,0.439,0.11,34:19.8,69.98344138,-90.40932136
34:20.0,-0.397,0.43,0.035,34:20.0,69.85956913,-90.41157218
34:20.2,-0.487,0.401,0.04,34:20.2,69.76649886,-90.41408471
34:20.5,-0.294,0.414,0.083,34:20.4,69.64859112,-90.42049803
34:20.7,-0.337,0.49,0.029,34:20.7,69.55667805,-90.4259628
34:20.9,-0.296,0.371,0.069,34:20.9,69.43631758,-90.43273408
34:21.1,-0.291,0.434,0.073,34:21.1,69.33995787,-90.43787282
34:21.3,-0.327,0.364,0.015,34:21.3,69.22133533,-90.43900128
34:21.6,-0.332,0.412,0.042,34:21.6,69.09273169,-90.44146386
34:21.8,-0.368,0.325,0.047,34:21.8,68.96576211,-90.44615707
34:22.0,-0.44,0.385,0.056,34:22.0,68.86146405,-90.44687003
34:22.2,-0.327,0.386,0.035,34:22.3,68.73491303,-90.44967007
34:22.5,-0.318,0.33,0.074,34:22.5,68.62932785,-90.4479783
34:22.7,-0.255,0.391,0.072,34:22.7,68.47564634,-90.4505542
34:22.9,-0.335,0.426,0.065,34:22.9,68.37843784,-90.44618192
34:23.1,-0.354,0.419,0.083,34:23.1,68.28124197,-90.44194977
34:23.4,-0.303,0.352,0.099,34:23.4,68.15498655,-90.43413254
34:23.6,-0.413,0.485,0.088,34:23.6,68.05435923,-90.42346286
34:23.8,-0.494,0.399,0.121,34:23.9,67.90099712,-90.40967089
34:24.1,-0.372,0.409,0.056,34:24.1,67.80671719,-90.39548279
34:24.3,-0.492,0.306,0.002,34:24.3,67.68972866,-90.38002582
34:24.5,-0.386,0.278,0.048,34:24.5,67.60048829,-90.36831534
34:24.7,-0.349,0.326,0.039,34:24.7,67.51358192,-90.35242954
34:25.0,-0.466,0.333,0.028,34:25.0,67.37546342,-90.34256691
34:25.2,-0.386,0.334,0.051,34:25.2,67.28868515,-90.33322676
34:25.4,-0.272,0.337,0.049,34:25.4,67.18044479,-90.32977143
34:25.6,-0.428,0.466,0.055,34:25.6,67.08528478,-90.33264439
34:25.8,-0.403,0.361,0.065,34:25.9,66.97552026,-90.32804738
34:26.1,-0.414,0.453,0.04,34:26.1,66.85692935,-90.3316008
34:26.3,-0.34,0.404,0.028,34:26.3,66.77223564,-90.34337712
34:26.5,-0.351,0.324,0.054,34:26.5,66.67606992,-90.35083693
34:26.7,-0.431,0.425,0.055,34:26.7,66.55747676,-90.36261734
34:27.0,-0.301,0.481,0.071,34:27.0,66.43205647,-90.37083387
34:27.2,-0.368,0.38,0.086,34:27.2,66.30087915,-90.38318745
34:27.4,-0.415,0.479,0.052,34:27.4,66.18988804,-90.39669436
34:27.6,-0.312,0.411,0.06,34:27.6,66.08473842,-90.40527107
34:27.9,-0.376,0.439,0.087,34:27.9,65.95123617,-90.40997062
34:28.1,-0.459,0.397,0.077,34:28.1,65.83775617,-90.4132228
34:28.3,-0.337,0.308,0.047,34:28.3,65.7011449,-90.41581667
34:28.5,-0.288,0.475,0.09,34:28.5,65.56604835,-90.41304261
34:28.8,-0.356,0.319,0.08,34:28.7,65.45980478,-90.40866621
34:29.0,-0.44,0.324,0.087,34:28.9,65.35422106,-90.40083974
34:29.2,-0.443,0.259,0.083,34:29.2,65.22678028,-90.39035948
34:29.4,-0.437,0.453,0.099,34:29.4,65.1248142,-90.3777183
34:29.6,-0.45,0.352,0.078,34:29.7,64.976401,-90.368657
34:29.9,-0.375,0.387,0.018,34:29.9,64.8835302,-90.35080918
34:30.1,-0.484,0.4,0.043,34:30.1,64.78623889,-90.33468518
34:30.3,-0.36,0.379,0.019,34:30.3,64.67014315,-90.31632439
34:30.5,-0.427,0.302,0.054,34:30.5,64.58273798,-90.30208609
34:30.8,-0.444,0.387,0.036,34:30.8,64.44565956,-90.28485376
34:31.0,-0.373,0.408,0.038,34:31.0,64.35600836,-90.27835695
34:31.2,-0.305,0.298,0.082,34:31.2,64.25898753,-90.27009847
34:31.4,-0.303,0.357,0.073,34:31.4,64.16945717,-90.26632363
34:31.6,-0.281,0.407,0.04,34:31.6,64.04976081,-90.26542982
34:31.9,-0.426,0.338,0.058,34:31.9,63.90904501,-90.26249101
34:32.1,-0.396,0.447,0.045,34:32.1,63.81335456,-90.26901052
34:32.3,-0.365,0.426,0.029,34:32.3,63.71949433,-90.28249309
34:32.5,-0.301,0.365,0.019,34:32.6,63.59818984,-90.290111
34:32.8,-0.434,0.499,0.012,34:32.7,63.49524548,-90.29860991
34:33.0,-0.359,0.327,0.075,34:33.0,63.37076441,-90.30952742
34:33.2,-0.395,0.416,0.054,34:33.2,63.24106458,-90.32452248
34:33.4,-0.392,0.379,0.046,34:33.4,63.14193999,-90.33052846
34:33.6,-0.443,0.258,0.077,34:33.6,63.0400538,-90.33074442
34:33.8,-0.425,0.356,0.118,34:33.9,62.91248905,-90.33039619
34:34.1,-0.375,0.391,0.078,34:34.1,62.78442771,-90.32621821
34:34.3,-0.382,0.4,0.063,34:34.3,62.67911132,-90.3127466
34:34.5,-0.361,0.376,0.101,34:34.5,62.5873828,-90.30012004
34:34.7,-0.4,0.279,0.114,34:34.7,62.46724389,-90.28382426
34:34.9,-0.455,0.344,0.09,34:34.9,62.36941686,-90.27206817
34:35.2,-0.367,0.447,0.09,34:35.2,62.24965246,-90.25378706
34:35.4,-0.431,0.498,0.051,34:35.4,62.12547468,-90.23035425
34:35.6,-0.453,0.357,0.063,34:35.6,62.02399318,-90.2204175
34:35.8,-0.471,0.313,0.053,34:35.8,61.93337563,-90.20595238
34:36.1,-0.401,0.476,0.053,34:36.1,61.81559479,-90.19324142
34:36.3,-0.429,0.263,0.033,34:36.3,61.71627059,-90.18771244
34:36.5,-0.397,0.428,0.051,34:36.5,61.57060426,-90.17960691
34:36.7,-0.311,0.467,0.024,34:36.7,61.46747678,-90.17686308
34:37.0,-0.219,0.384,0.04,34:37.0,61.34913991,-90.18119532
34:37.2,-0.345,0.372,0.004,34:37.2,61.24760271,-90.18297632
34:37.4,-0.347,0.405,0.093,34:37.4,61.13059324,-90.18913356
34:37.7,-0.37,0.451,0.131,34:37.7,61.00159878,-90.19861808
34:37.9,-0.354,0.359,0.049,34:37.9,60.91172755,-90.19918117
34:38.1,-0.374,0.655,0.099,34:38.1,60.7946829,-90.20418801
34:38.3,-0.48,0.412,0.1,34:38.3,60.69161233,-90.20991865
34:38.5,-0.427,0.361,0.118,34:38.5,60.56483072,-90.21418617
34:38.8,-0.366,0.406,0.04,34:38.8,60.43747212,-90.21571264
34:39.0,-0.312,0.325,0.056,34:39.0,60.32913613,-90.20761317
34:39.2,-0.488,0.298,0.059,34:39.2,60.20195347,-90.19883608
34:39.4,-0.408,0.387,0.056,34:39.4,60.09606347,-90.18837488
34:39.7,-0.399,0.414,0.069,34:39.7,59.96939147,-90.17450196
34:39.9,-0.441,0.381,0.099,34:39.9,59.83553335,-90.15684559
34:40.1,-0.557,0.307,0.083,34:40.1,59.73604102,-90.14673716
34:40.3,-0.448,0.336,0.109,34:40.3,59.61266175,-90.13271631
34:40.6,-0.422,0.21,0.1,34:40.5,59.51201028,-90.11359036
34:40.8,-0.34,0.475,0.088,34:40.8,59.38647793,-90.10334677
34:41.0,-0.491,0.354,0.075,34:41.0,59.26122487,-90.09245235
34:41.2,-0.465,0.229,0.019,34:41.2,59.16457463,-90.0834081
34:41.5,-0.437,0.404,0.076,34:41.5,59.05068915,-90.08358739
34:41.7,-0.405,0.501,0.029,34:41.7,58.95742819,-90.08652375
34:41.9,-0.374,0.445,0.012,34:41.9,58.86463078,-90.08958939
34:42.1,-0.316,0.382,0.022,34:42.1,58.75454769,-90.09564668
34:42.3,-0.356,0.42,0.049,34:42.3,58.64374904,-90.10027595
34:42.6,-0.308,0.464,0.047,34:42.5,58.55151626,-90.10714897
34:42.8,-0.38,0.34,0.037,34:42.8,58.43066471,-90.1122146
34:43.0,-0.389,0.449,0.033,34:43.0,58.33466605,-90.11453125
34:43.2,-0.448,0.381,0.042,34:43.2,58.22634147,-90.12202812
34:43.5,-0.376,0.426,0.054,34:43.5,58.07408486,-90.12658361
34:43.7,-0.277,0.438,0.037,34:43.7,57.96625535,-90.12891752
34:43.9,-0.337,0.407,0.07,34:43.9,57.85545305,-90.13107505
34:44.1,-0.351,0.339,0.09,34:44.1,57.72081949,-90.13038126
34:44.3,-0.344,0.404,0.07,34:44.3,57.59461123,-90.1277589
34:44.6,-0.359,0.382,0.074,34:44.6,57.46502094,-90.11410811
34:44.8,-0.419,0.427,0.029,34:44.8,57.36261121,-90.10817544
34:45.0,-0.37,0.364,0.073,34:45.0,57.2350204,-90.09416519
34:45.2,-0.367,0.302,0.068,34:45.2,57.12865834,-90.08633987
34:45.5,-0.478,0.372,0.125,34:45.5,57.00420548,-90.07332739
34:45.7,-0.494,0.384,0.052,34:45.7,56.86716268,-90.06625544
34:45.9,-0.392,0.381,0.068,34:45.9,56.7688424,-90.05552917
34:46.1,-0.4,0.373,0.06,34:46.1,56.65323922,-90.04732435
34:46.4,-0.314,0.388,0.086,34:46.4,56.53552828,-90.04226531
34:46.6,-0.426,0.42,0.026,34:46.6,56.44308039,-90.03926765
34:46.8,-0.329,0.386,0.055,34:46.9,56.31647403,-90.03678746
34:47.1,-0.398,0.337,0.019,34:47.1,56.21922895,-90.03220901
34:47.3,-0.34,0.409,0.027,34:47.3,56.13322645,-90.03461153
34:47.5,-0.417,0.41,0.05,34:47.5,56.04459264,-90.03979179
34:47.7,-0.381,0.49,0.073,34:47.7,55.93252327,-90.04712272
34:48.0,-0.272,0.479,0.023,34:47.9,55.81548544,-90.05240473
34:48.2,-0.369,0.389,0.043,34:48.2,55.72591933,-90.06038817
34:48.4,-0.39,0.335,0.114,34:48.4,55.61652873,-90.06148569
34:48.6,-0.277,0.315,0.007,34:48.6,55.5191585,-90.06275556
34:48.8,-0.463,0.189,0.093,34:48.8,55.40014201,-90.06141189
34:49.1,-0.285,0.449,0.055,34:49.1,55.28394899,-90.05930213
34:49.3,-0.362,0.377,0.046,34:49.3,55.1707568,-90.05758725
34:49.5,-0.429,0.263,0.051,34:49.5,55.06916312,-90.05111656
34:49.7,-0.458,0.447,0.095,34:49.7,54.96903499,-90.04403055
34:50.0,-0.388,0.401,0.105,34:50.0,54.84079416,-90.03616931
34:50.2,-0.294,0.465,0.054,34:50.2,54.71054965,-90.022968
34:50.4,-0.396,0.308,0.06,34:50.4,54.57834877,-90.01845831
34:50.6,-0.397,0.539,0.1,34:50.6,54.47167955,-90.01355072
34:50.9,-0.397,0.489,0.031,34:50.9,54.33671224,-90.00328285
34:51.1,-0.491,0.378,-0.01,34:51.1,54.23106145,-89.99025094
34:51.3,-0.528,0.422,0.065,34:51.4,54.07081305,-89.98076251
34:51.6,-0.419,0.347,0.077,34:51.6,53.96303756,-89.96830558
34:51.8,-0.538,0.358,0.078,34:51.8,53.85888497,-89.96401538
34:52.0,-0.367,0.437,0.064,34:52.0,53.72462046,-89.95031243
34:52.2,-0.338,0.393,0.025,34:52.2,53.62497273,-89.94584359
34:52.4,-0.332,0.397,0.067,34:52.4,53.50411762,-89.93902971
34:52.7,-0.355,0.389,-0.015,34:52.7,53.38218723,-89.93530936
34:52.9,-0.394,0.468,0.047,34:52.9,53.29122705,-89.93245591
34:53.1,-0.317,0.414,0.059,34:53.1,53.20056876,-89.93884903
34:53.3,-0.283,0.427,0.084,34:53.3,53.09306998,-89.94419037
34:53.5,-0.344,0.411,0.063,34:53.6,52.98230645,-89.95273464
34:53.8,-0.252,0.43,0.02,34:53.8,52.87410431,-89.96117077
34:54.0,-0.337,0.414,0.019,34:54.0,52.79203982,-89.96975808
34:54.2,-0.447,0.468,0.091,34:54.2,52.69927024,-89.98228913
34:54.4,-0.415,0.349,0.034,34:54.4,52.58146072,-89.99474842
34:54.7,-0.434,0.267,0.104,34:54.7,52.46712479,-90.00684691
34:54.9,-0.3,0.461,0.099,34:54.9,52.34789268,-90.01251719
34:55.1,-0.405,0.335,0.095,34:55.1,52.2508312,-90.01195528
34:55.4,-0.392,0.401,0.08,34:55.4,52.12807994,-90.01560648
34:55.6,-0.511,0.448,0.029,34:55.6,52.02736433,-90.01100435
34:55.8,-0.421,0.301,0.049,34:55.8,51.91979531,-90.00539089
34:56.0,-0.323,0.394,0.112,34:56.0,51.77045447,-89.99015877
34:56.2,-0.465,0.282,0.034,34:56.2,51.6616379,-89.97521884
34:56.5,-0.357,0.3,0.012,34:56.4,51.5667428,-89.96632381
34:56.7,-0.418,0.276,0.092,34:56.7,51.43462288,-89.95289824
34:56.9,-0.36,0.353,0.048,34:56.9,51.3345197,-89.9394275
34:57.1,-0.402,0.44,0.037,34:57.1,51.24309703,-89.92325403
34:57.4,-0.423,0.374,0.101,34:57.4,51.0998154,-89.90172358
34:57.6,-0.402,0.483,0.038,34:57.6,51.00585914,-89.88482514
34:57.8,-0.292,0.375,0.034,34:57.8,50.90886174,-89.87706567
34:58.0,-0.321,0.379,0.022,34:58.0,50.79675139,-89.87516829
34:58.2,-0.214,0.391,0.064,34:58.2,50.68669044,-89.86587702
34:58.5,-0.199,0.45,0.092,34:58.5,50.5769681,-89.87016835
34:58.7,-0.361,0.313,0.089,34:58.7,50.48364405,-89.86798796
34:58.9,-0.363,0.465,0.039,34:58.9,50.39302114,-89.87596242
34:59.1,-0.409,0.226,0.079,34:59.1,50.28489,-89.87996814
34:59.4,-0.354,0.414,0.067,34:59.4,50.17834554,-89.88714589
34:59.6,-0.298,0.382,0.014,34:59.6,50.06578969,-89.89323942
34:59.8,-0.318,0.454,0.051,34:59.8,49.97779274,-89.90114255
35:00.0,-0.397,0.38,0.031,35:00.0,49.86414882,-89.90729916
35:00.3,-0.362,0.432,0.046,35:00.2,49.77018992,-89.90976299
35:00.5,-0.434,0.324,0.023,35:00.5,49.65707089,-89.91266224
35:00.7,-0.264,0.473,0.055,35:00.7,49.53281494,-89.91644594
35:00.9,-0.468,0.435,0.045,35:00.9,49.43067411,-89.91900011
35:01.1,-0.595,0.439,0.025,35:01.1,49.32531752,-89.91759252
35:01.4,-0.427,0.302,0.056,35:01.4,49.19834601,-89.91596352
35:01.6,-0.404,0.345,0.06,35:01.6,49.07300419,-89.90542632
35:01.8,-0.405,0.42,0.104,35:01.8,48.9396025,-89.89188928
35:02.1,-0.394,0.402,0.107,35:02.1,48.83056705,-89.88173495
35:02.3,-0.471,0.25,0.036,35:02.3,48.69613379,-89.86327944
35:02.5,-0.367,0.342,0.065,35:02.5,48.56377204,-89.83754998
35:02.7,-0.557,0.378,0.082,35:02.7,48.44717578,-89.83158347
35:03.0,-0.469,0.514,0.072,35:02.9,48.31274737,-89.8117378
35:03.2,-0.519,0.468,0.031,35:03.2,48.18490281,-89.79415622
35:03.4,-0.409,0.323,0.041,35:03.4,48.06964916,-89.78672092
35:03.6,-0.397,0.222,0.08,35:03.6,47.96467114,-89.77382358
35:03.8,-0.445,0.341,0.107,35:03.8,47.86289387,-89.76224628
35:04.1,-0.337,0.527,0.101,35:04.0,47.74047019,-89.75618813
35:04.3,-0.317,0.376,0.093,35:04.3,47.62049679,-89.74946989
35:04.5,-0.382,0.294,0.066,35:04.5,47.5298331,-89.7478768
35:04.7,-0.3,0.327,0.115,35:04.7,47.44193964,-89.74725093
35:04.9,-0.402,0.431,0.068,35:04.9,47.33383589,-89.75436992
35:05.1,-0.369,0.427,0.035,35:05.1,47.25111219,-89.75868562
35:05.4,-0.361,0.37,0.045,35:05.4,47.12760373,-89.77101627
35:05.6,-0.31,0.402,0.037,35:05.6,47.04355617,-89.78485577
35:05.8,-0.375,0.439,0.024,35:05.8,46.96121379,-89.80152232
35:06.0,-0.278,0.436,0.037,35:06.0,46.85186029,-89.82137467
35:06.3,-0.276,0.378,0.035,35:06.2,46.76156177,-89.83388509
35:06.5,-0.39,0.427,0.029,35:06.5,46.64879264,-89.84833771
35:06.7,-0.329,0.446,0.039,35:06.7,46.53701619,-89.86058852
35:06.9,-0.348,0.481,0.044,35:06.9,46.44583297,-89.86401926
35:07.1,-0.388,0.312,0.032,35:07.1,46.34794194,-89.86978671
35:07.3,-0.387,0.331,0.069,35:07.4,46.23182305,-89.86541277
35:07.6,-0.566,0.255,0.033,35:07.6,46.11142071,-89.87401146
35:07.8,-0.432,0.37,0.041,35:07.8,46.01410766,-89.86661067
35:08.0,-0.414,0.364,0.062,35:08.0,45.88983199,-89.85538344
35:08.2,-0.358,0.46,0.043,35:08.2,45.78489572,-89.84466602
35:08.5,-0.382,0.449,0.035,35:08.5,45.66126647,-89.82906745
35:08.7,-0.425,0.376,0.037,35:08.7,45.56085533,-89.81773594
35:08.9,-0.345,0.394,0.03,35:08.9,45.43769369,-89.80487389
35:09.2,-0.413,0.278,0.047,35:09.2,45.31635938,-89.78957637
35:09.4,-0.314,0.39,0.064,35:09.4,45.21607271,-89.77988281
35:09.6,-0.408,0.333,0.034,35:09.6,45.08653726,-89.77709548
35:09.8,-0.462,0.514,0.006,35:09.8,44.98054488,-89.77411766
35:10.1,-0.323,0.526,0.039,35:10.1,44.8283325,-89.7683134
35:10.3,-0.516,0.401,0.077,35:10.3,44.72715913,-89.76292923
35:10.5,-0.335,0.39,0.025,35:10.5,44.62655339,-89.7640038
35:10.7,-0.33,0.306,0.07,35:10.7,44.50751638,-89.76345892
35:10.9,-0.276,0.335,0.039,35:10.9,44.40939372,-89.76213591
35:11.2,-0.294,0.462,0.054,35:11.2,44.29166126,-89.7561932
35:11.4,-0.326,0.394,0.035,35:11.4,44.16955383,-89.75513212
35:11.6,-0.384,0.338,0.008,35:11.6,44.07744973,-89.74815053
35:11.8,-0.362,0.383,0.057,35:11.8,43.98554313,-89.74162843
35:12.0,-0.464,0.345,0.033,35:12.0,43.86568408,-89.73571464
35:12.3,-0.382,0.289,0.05,35:12.3,43.75134568,-89.72269783
35:12.5,-0.426,0.296,0.043,35:12.5,43.64043335,-89.7155195
35:12.7,-0.426,0.437,0.066,35:12.7,43.54758181,-89.71521744
35:12.9,-0.42,0.445,0.061,35:12.9,43.46297967,-89.71178951
35:13.2,-0.43,0.352,0.073,35:13.2,43.35479538,-89.70788072
35:13.4,-0.293,0.283,0.105,35:13.4,43.24388486,-89.70358523
35:13.6,-0.443,0.409,0.1,35:13.6,43.14965011,-89.69405537
35:13.8,-0.292,0.415,0.043,35:13.8,43.03713027,-89.69373801
35:14.1,-0.4,0.256,0.089,35:14.0,42.93901779,-89.68732969
35:14.3,-0.496,0.486,0.041,35:14.3,42.82434721,-89.68698832
35:14.5,-0.442,0.438,0.063,35:14.5,42.71492926,-89.68335548
35:14.7,-0.318,0.418,-0.017,35:14.7,42.58097328,-89.68195759
35:15.0,-0.444,0.471,0.011,35:15.0,42.44001141,-89.68745507
35:15.2,-0.329,0.439,-0.018,35:15.2,42.33075864,-89.69454489
35:15.4,-0.471,0.502,0.043,35:15.4,42.1955887,-89.69651814
35:15.6,-0.309,0.459,0.024,35:15.6,42.08055268,-89.69958816
35:15.8,-0.397,0.398,0.073,35:15.8,41.9329586,-89.69718309
35:16.1,-0.356,0.484,0.064,35:16.1,41.78036728,-89.69498055
35:16.3,-0.476,0.453,0.085,35:16.3,41.6561312,-89.69107117
35:16.5,-0.467,0.384,0.094,35:16.5,41.50919686,-89.68738878
35:16.7,-0.452,0.493,0.07,35:16.7,41.39547626,-89.67770519
35:17.0,-0.463,0.364,0.097,35:17.0,41.24762514,-89.66594496
35:17.2,-0.462,0.385,0.11,35:17.2,41.10783415,-89.65218944
35:17.4,-0.484,0.494,0.093,35:17.4,41.00050523,-89.63414471
35:17.6,-0.386,0.343,0.07,35:17.6,40.86900803,-89.61791726
35:17.9,-0.37,0.381,0.079,35:17.8,40.77608566,-89.60955272
35:18.1,-0.323,0.404,0.086,35:18.1,40.65473815,-89.59262559
35:18.3,-0.306,0.382,0.137,35:18.3,40.53681409,-89.5748086
35:18.5,-0.343,0.419,0.088,35:18.5,40.44463765,-89.56008343
35:18.8,-0.428,0.337,0.01,35:18.8,40.33510789,-89.54780568
35:19.0,-0.383,0.376,0,35:19.0,40.24924523,-89.54183478
35:19.2,-0.339,0.503,0.013,35:19.2,40.13470347,-89.53645983
35:19.4,-0.412,0.297,0.041,35:19.4,40.05145637,-89.54071612
35:19.7,-0.382,0.37,0.069,35:19.7,39.92197536,-89.54193022
35:19.9,-0.378,0.349,0.042,35:19.9,39.8266766,-89.5452808
35:20.1,-0.296,0.45,0.083,35:20.1,39.72838209,-89.55330068
35:20.3,-0.419,0.471,0.061,35:20.3,39.60873922,-89.55727875
35:20.5,-0.36,0.517,0.051,35:20.5,39.50733837,-89.57194309
35:20.8,-0.317,0.443,0.067,35:20.8,39.37587234,-89.58627956
35:21.0,-0.443,0.438,0.08,35:21.0,39.24847562,-89.60023552
35:21.2,-0.4,0.514,0.101,35:21.2,39.13630883,-89.61212112
35:21.4,-0.302,0.465,0.105,35:21.5,38.99966381,-89.62601472
35:21.7,-0.319,0.434,0.112,35:21.6,38.8822436,-89.63968397
35:21.9,-0.472,0.472,0.12,35:21.9,38.70405578,-89.65174754
35:22.1,-0.318,0.354,0.088,35:22.1,38.58546477,-89.6505102
35:22.3,-0.368,0.333,0.041,35:22.3,38.47751291,-89.64588661
35:22.6,-0.501,0.409,0.122,35:22.6,38.3407453,-89.63849044
35:22.8,-0.377,0.511,0.027,35:22.8,38.22933008,-89.62866001
35:23.0,-0.35,0.268,0.121,35:23.1,38.07268685,-89.61452315
35:23.3,-0.289,0.316,0.03,35:23.3,37.97645717,-89.59691944
35:23.5,-0.408,0.355,0.093,35:23.5,37.84997106,-89.57191359
35:23.7,-0.502,0.23,0.077,35:23.7,37.7529648,-89.54527342
35:23.9,-0.465,0.256,0.024,35:23.9,37.66562503,-89.52641701
35:24.2,-0.52,0.365,0.052,35:24.2,37.52305445,-89.50128217
35:24.4,-0.418,0.211,0.012,35:24.4,37.4268081,-89.47940778
35:24.6,-0.397,0.343,0.055,35:24.6,37.31326015,-89.45594518
35:24.8,-0.446,0.3,0.007,35:24.8,37.22358725,-89.4407702
35:25.0,-0.488,0.37,0.033,35:25.1,37.11055495,-89.42918343
35:25.3,-0.334,0.385,-0.028,35:25.3,37.00065827,-89.42276383
35:25.5,-0.391,0.227,-0.034,35:25.5,36.9141713,-89.4276239
35:25.7,-0.253,0.412,0.028,35:25.7,36.80393515,-89.43318516
35:25.9,-0.226,0.365,0.072,35:25.9,36.71567337,-89.44543243
35:26.2,-0.329,0.436,0.015,35:26.1,36.63499548,-89.45559807
35:26.4,-0.368,0.461,0.032,35:26.4,36.52663404,-89.47630567
35:26.6,-0.427,0.25,0,35:26.6,36.41290331,-89.49803494
35:26.8,-0.302,0.446,0.026,35:26.8,36.32500171,-89.51948005
35:27.1,-0.442,0.378,0.014,35:27.1,36.20403412,-89.53954797
35:27.3,-0.369,0.403,0.066,35:27.3,36.08586188,-89.55701451
35:27.5,-0.341,0.506,0.003,35:27.5,35.98614644,-89.57404503
35:27.7,-0.333,0.348,0.041,35:27.7,35.86211197,-89.57987875
35:27.9,-0.295,0.366,0.041,35:27.9,35.76082072,-89.58293649
35:28.2,-0.337,0.335,0.052,35:28.2,35.64044817,-89.57817397
35:28.4,-0.35,0.226,0.111,35:28.4,35.54098413,-89.57229197
35:28.6,-0.382,0.447,0.061,35:28.6,35.41975303,-89.55600492
35:28.8,-0.392,0.254,0.075,35:28.9,35.29895303,-89.52973468
35:29.1,-0.392,0.308,0.078,35:29.1,35.19671115,-89.50880113
35:29.3,-0.418,0.356,0.046,35:29.3,35.0944728,-89.48467838
35:29.5,-0.466,0.463,0.105,35:29.5,34.97340546,-89.45943531
35:29.7,-0.564,0.309,0.048,35:29.7,34.87030356,-89.42918714
35:29.9,-0.517,0.327,0.046,35:29.9,34.73952768,-89.40093551
35:30.2,-0.399,0.334,0.012,35:30.1,34.63693988,-89.37904888
35:30.4,-0.414,0.4,0.039,35:30.4,34.51935218,-89.35716898
35:30.6,-0.471,0.292,0.027,35:30.6,34.42388111,-89.34914183
35:30.8,-0.341,0.336,0,35:30.8,34.33050149,-89.34081826
35:31.0,-0.348,0.267,-0.029,35:31.0,34.22021671,-89.33982123
35:31.3,-0.311,0.265,0.029,35:31.2,34.11241317,-89.34452082
35:31.5,-0.402,0.444,-0.016,35:31.5,33.99696261,-89.35748862
35:31.7,-0.383,0.376,-0.006,35:31.7,33.90950669,-89.37461243
35:31.9,-0.344,0.402,0.063,35:31.9,33.80504748,-89.39897016
35:32.1,-0.359,0.38,0.045,35:32.1,33.72081326,-89.42316644
35:32.4,-0.308,0.425,0.039,35:32.4,33.60779695,-89.45050028
35:32.6,-0.339,0.449,0.029,35:32.6,33.51192125,-89.47303725
35:32.8,-0.323,0.415,0,35:32.8,33.39838722,-89.49326088
35:33.0,-0.289,0.412,0.029,35:33.0,33.29624785,-89.50600798
35:33.2,-0.509,0.441,0.008,35:33.2,33.20560904,-89.51497889
35:33.5,-0.351,0.362,-0.009,35:33.4,33.09066431,-89.51918735
35:33.7,-0.522,0.353,0.006,35:33.7,32.97542528,-89.51626887
35:33.9,-0.293,0.325,0.021,35:33.9,32.85597995,-89.51010523
35:34.1,-0.403,0.298,0.014,35:34.1,32.75834913,-89.49834826
35:34.3,-0.512,0.369,0.013,35:34.3,32.6611892,-89.48039852
35:34.5,-0.373,0.428,0.037,35:34.5,32.55759799,-89.4592356
35:34.8,-0.429,0.278,0.067,35:34.8,32.41470239,-89.4352122
35:35.0,-0.382,0.414,0.061,35:35.0,32.31212493,-89.41399429
35:35.2,-0.229,0.306,0.08,35:35.2,32.1858868,-89.38388821
35:35.5,-0.372,0.457,0.086,35:35.4,32.07656674,-89.36409434
35:35.7,-0.498,0.335,0.027,35:35.7,31.97290251,-89.34432478
35:35.9,-0.479,0.454,0.02,35:35.9,31.84727135,-89.31946048
35:36.1,-0.389,0.34,0,35:36.1,31.71622961,-89.30319085
35:36.3,-0.405,0.507,0.018,35:36.3,31.60936239,-89.29515696
35:36.6,-0.395,0.412,0.065,35:36.6,31.48796473,-89.28853157
35:36.8,-0.309,0.324,0.035,35:36.8,31.3868569,-89.28730071
35:37.0,-0.297,0.433,0.006,35:37.0,31.28867564,-89.29508396
35:37.2,-0.382,0.342,-0.009,35:37.2,31.14886015,-89.30470347
35:37.4,-0.381,0.545,0.026,35:37.4,31.06077419,-89.32222525
35:37.7,-0.305,0.521,0.049,35:37.6,30.97390152,-89.34169561
35:37.9,-0.262,0.45,0.038,35:37.9,30.86056779,-89.36409062
35:38.1,-0.368,0.406,0.044,35:38.1,30.77609936,-89.3880298
35:38.3,-0.29,0.497,0.055,35:38.4,30.64236076,-89.40681595
35:38.6,-0.283,0.408,0.028,35:38.6,30.5481646,-89.4244458
35:38.8,-0.354,0.327,0.066,35:38.8,30.45675399,-89.44529328
35:39.0,-0.371,0.411,0.063,35:39.0,30.3383591,-89.45641789
35:39.2,-0.306,0.388,0.046,35:39.2,30.25162977,-89.45823069
35:39.5,-0.421,0.322,0.08,35:39.5,30.10627352,-89.46246966
35:39.7,-0.388,0.326,0.067,35:39.7,30.01510135,-89.45095094
35:39.9,-0.548,0.321,0.1,35:39.9,29.9180085,-89.4356406
35:40.1,-0.403,0.233,0.068,35:40.1,29.79270574,-89.41876359
35:40.3,-0.481,0.277,0.081,35:40.4,29.66928113,-89.39058348
35:40.6,-0.563,0.319,0.066,35:40.6,29.53893464,-89.36035005
35:40.8,-0.518,0.314,-0.014,35:40.8,29.43317456,-89.33313574
35:41.0,-0.494,0.327,0.011,35:41.0,29.32228014,-89.30727646
35:41.2,-0.424,0.447,0.038,35:41.2,29.21729431,-89.28079318
35:41.4,-0.593,0.293,0.056,35:41.4,29.08399157,-89.25265144
35:41.7,-0.382,0.363,0.042,35:41.7,28.94740686,-89.22485873
35:41.9,-0.391,0.385,0.084,35:41.9,28.84008818,-89.20631616
35:42.1,-0.318,0.392,0.028,35:42.1,28.73912267,-89.19589201
35:42.3,-0.361,0.438,0.044,35:42.3,28.62114471,-89.19567501
35:42.5,-0.334,0.452,0.065,35:42.5,28.53338563,-89.19300138
35:42.7,-0.17,0.337,0.036,35:42.8,28.42455084,-89.19504414
35:43.0,-0.231,0.257,0.032,35:43.0,28.31611082,-89.20357976
35:43.2,-0.392,0.324,0.057,35:43.2,28.23506906,-89.2206228
35:43.4,-0.288,0.307,0.056,35:43.4,28.13496838,-89.24802398
35:43.7,-0.257,0.36,0.08,35:43.6,28.05074886,-89.2776327
35:43.9,-0.331,0.356,0.049,35:43.9,27.94448242,-89.29888234
35:44.1,-0.27,0.547,0.007,35:44.1,27.83520816,-89.32552878
35:44.3,-0.408,0.487,0.038,35:44.3,27.74534205,-89.34723307
35:44.5,-0.247,0.358,0.036,35:44.5,27.65330492,-89.36465585
35:44.7,-0.295,0.307,0.053,35:44.8,27.53365,-89.37551667
35:45.0,-0.354,0.299,0.028,35:45.0,27.43397382,-89.37875847
35:45.2,-0.386,0.385,0.002,35:45.2,27.31224076,-89.3767975
35:45.4,-0.373,0.329,0.059,35:45.4,27.18428459,-89.3666796
35:45.6,-0.497,0.372,-0.037,35:45.6,27.07714011,-89.34643391
35:45.9,-0.47,0.353,-0.016,35:45.9,26.95416765,-89.32463513
35:46.1,-0.39,0.237,0.011,35:46.1,26.84927569,-89.3000719
35:46.3,-0.55,0.306,0.048,35:46.3,26.7232385,-89.27157566
35:46.6,-0.507,0.452,0.048,35:46.6,26.59052835,-89.23585448
35:46.8,-0.502,0.472,0.065,35:46.8,26.49007795,-89.21059451
35:47.0,-0.385,0.378,0.059,35:47.0,26.36581139,-89.18191212
35:47.2,-0.302,0.391,0.052,35:47.2,26.26476423,-89.16202206
35:47.4,-0.431,0.373,0.043,35:47.4,26.16731372,-89.14975469
35:47.7,-0.352,0.409,0.053,35:47.7,26.01810689,-89.13413335
35:47.9,-0.321,0.452,0.05,35:47.9,25.92989009,-89.1332199
35:48.1,-0.425,0.402,-0.007,35:48.1,25.81649009,-89.14120576
35:48.3,-0.354,0.465,0.083,35:48.3,25.72316517,-89.15704793
35:48.5,-0.306,0.413,0.066,35:48.6,25.61405272,-89.17427093
35:48.8,-0.181,0.479,0.037,35:48.8,25.52642208,-89.19566062
35:49.0,-0.325,0.443,-0.017,35:49.0,25.41568232,-89.21786606
35:49.2,-0.443,0.402,0.022,35:49.2,25.30318822,-89.24458669
35:49.5,-0.403,0.504,-0.003,35:49.4,25.2101037,-89.26828157
35:49.7,-0.345,0.49,0.036,35:49.7,25.09216738,-89.28769813
35:49.9,-0.309,0.3,0.055,35:49.9,25.00082608,-89.30335426
35:50.1,-0.302,0.343,-0.003,35:50.1,24.88815696,-89.3146618
35:50.3,-0.289,0.276,0.051,35:50.3,24.80235015,-89.31751935
35:50.6,-0.326,0.316,-0.013,35:50.6,24.69473475,-89.31630624
35:50.8,-0.32,0.232,0.034,35:50.8,24.6088047,-89.30899572
35:51.0,-0.41,0.262,0.013,35:51.0,24.5044772,-89.29237416
35:51.2,-0.319,0.266,0.049,35:51.2,24.42108564,-89.2720076
35:51.5,-0.302,0.167,0.053,35:51.5,24.30591508,-89.24567952
35:51.7,-0.376,0.137,0.046,35:51.7,24.22978086,-89.22146056
35:51.9,-0.282,0.217,0.071,35:51.9,24.14926053,-89.19527868
35:52.1,-0.41,0.243,0.074,35:52.1,24.07152423,-89.17541223
35:52.3,-0.263,0.295,0.106,35:52.3,23.97775483,-89.15200163
35:52.6,-0.302,0.319,0.046,35:52.6,23.89081872,-89.13441287
35:52.8,-0.208,0.318,0.087,35:52.8,23.81784026,-89.11786748
35:53.0,-0.321,0.331,0.066,35:53.0,23.73296129,-89.10648536
35:53.2,-0.318,0.146,0.049,35:53.2,23.65026222,-89.09500624
35:53.4,-0.237,0.148,0.094,35:53.4,23.58715261,-89.09071828
35:53.7,-0.288,0.33,0.007,35:53.7,23.51233167,-89.08683824
35:53.9,-0.247,0.173,0.052,35:53.9,23.439328,-89.09033277
35:54.1,-0.318,0.283,0.055,35:54.1,23.38206398,-89.09691297
35:54.3,-0.322,0.237,0.12,35:54.4,23.31704411,-89.10943882
35:54.6,-0.17,0.14,0.079,35:54.6,23.26986499,-89.12580164
35:54.8,-0.184,0.054,0.066,35:54.8,23.21850824,-89.13824618
35:55.0,-0.242,0.227,0.045,35:55.0,23.14899394,-89.15484116
35:55.3,-0.384,0.09,0.008,35:55.3,23.08913527,-89.16746664
35:55.5,-0.218,0.267,0.008,35:55.5,23.04568535,-89.1851742
35:55.7,-0.202,0.232,0.035,35:55.7,23.00237178,-89.20280453
35:55.9,-0.274,0.15,0.007,35:55.9,22.94681522,-89.23381729
35:56.2,-0.239,0.138,0.047,35:56.2,22.88687477,-89.25687632
35:56.4,-0.262,0.132,0.007,35:56.4,22.83009399,-89.27745289
35:56.6,-0.243,0.146,0.013,35:56.6,22.78443822,-89.29338317
35:56.8,-0.218,0.084,0.037,35:56.9,22.73024874,-89.31850718
35:57.1,-0.372,0.032,-0.027,35:57.0,22.6815824,-89.33260909
35:57.3,-0.408,0.127,0.046,35:57.3,22.61061187,-89.35491154
35:57.5,-0.208,0.112,-0.009,35:57.5,22.55883837,-89.36774198
35:57.7,-0.212,0.061,0.055,35:57.7,22.50687282,-89.37510349
35:58.0,-0.344,0.069,0.086,35:58.0,22.43963424,-89.39196278
35:58.2,-0.283,0.048,0.038,35:58.2,22.38482062,-89.40280277
35:58.4,-0.208,0.186,0.038,35:58.4,22.31371179,-89.42295659
35:58.7,-0.244,0.12,0.03,35:58.7,22.25945304,-89.43798246
35:58.9,-0.36,0.167,0.052,35:58.9,22.20794499,-89.45298262
35:59.1,-0.232,0.181,0.066,35:59.1,22.15202493,-89.48447534
35:59.3,-0.318,0.04,0.06,35:59.3,22.10555498,-89.51054828
35:59.5,-0.218,0.166,0.066,35:59.5,22.0550201,-89.54612127
35:59.8,-0.212,0.185,0.098,35:59.8,22.00601631,-89.58678316
36:00.0,-0.329,0.227,0.096,36:00.0,21.97248736,-89.62423915
36:00.2,-0.228,0.36,0.029,36:00.2,21.92642011,-89.68199528
36:00.4,-0.222,0.206,0.087,36:00.4,21.89202945,-89.73819489
36:00.6,-0.297,0.103,0.071,36:00.7,21.85426824,-89.80726031
36:00.9,-0.299,0.218,0.003,36:00.9,21.82191685,-89.87585337
36:01.1,-0.199,0.205,0.018,36:01.1,21.79901977,-89.93990719
36:01.3,-0.166,0.267,0.009,36:01.3,21.77808653,-90.00351435
36:01.5,-0.177,0.204,0,36:01.5,21.75027546,-90.07832657
36:01.7,-0.257,0.268,-0.033,36:01.7,21.73045257,-90.13797677
36:02.0,-0.388,0.208,0.001,36:02.0,21.70409585,-90.20991482
36:02.2,-0.297,0.074,0.013,36:02.2,21.67685343,-90.27312921
36:02.4,-0.273,0.162,-0.002,36:02.4,21.6558992,-90.32036364
36:02.6,-0.281,0.071,0.016,36:02.6,21.63820601,-90.36060871
36:02.8,-0.149,0.088,0.047,36:02.8,21.61447391,-90.41068859
36:03.1,-0.265,0.045,-0.02,36:03.1,21.5877634,-90.46319729
36:03.3,-0.397,0.157,0.052,36:03.3,21.56733874,-90.50371869
36:03.5,-0.26,0.018,0.075,36:03.5,21.54505325,-90.53663501
36:03.8,-0.215,0.01,0.041,36:03.7,21.52475382,-90.55799383
36:04.0,-0.144,0.039,0.091,36:04.0,21.50266776,-90.59079768
36:04.2,-0.28,0.048,0.073,36:04.2,21.48825076,-90.61961502
36:04.4,-0.179,0.137,0.073,36:04.4,21.47006591,-90.65389232
36:04.6,-0.242,0.052,0.051,36:04.7,21.4565336,-90.68791068
36:04.9,-0.198,0.119,0.018,36:04.8,21.44255889,-90.71456164
36:05.1,-0.259,-0.006,0.014,36:05.1,21.43342402,-90.74869107
36:05.3,-0.17,0.08,0.048,36:05.3,21.42635197,-90.79504674
36:05.5,-0.196,0.055,0.067,36:05.5,21.42396532,-90.83615216
36:05.8,-0.254,0.109,-0.012,36:05.8,21.41569126,-90.89409748
36:06.0,-0.276,0.124,0.003,36:06.0,21.4150515,-90.9427925
36:06.2,-0.188,0.093,0.031,36:06.2,21.41810467,-90.99508776
36:06.4,-0.257,0.203,0.012,36:06.4,21.42675854,-91.05912046
36:06.6,-0.108,0.253,0.075,36:06.6,21.43277741,-91.1146868
36:06.9,-0.21,0.25,0.003,36:06.8,21.4414666,-91.18142429
36:07.1,-0.184,0.26,-0.002,36:07.1,21.4543059,-91.25001866
36:07.3,-0.085,0.248,-0.053,36:07.3,21.47050016,-91.30567136
36:07.5,-0.198,0.26,0.022,36:07.5,21.48239668,-91.37338478
36:07.7,-0.157,0.166,-0.002,36:07.7,21.49959082,-91.43297256
36:07.9,-0.134,0.14,-0.083,36:08.0,21.51566533,-91.49205605
36:08.2,-0.25,0.226,-0.026,36:08.2,21.53004881,-91.56320306
36:08.4,-0.198,0.133,0.001,36:08.4,21.54909711,-91.61343748
36:08.6,-0.096,0.167,0.07,36:08.6,21.56740897,-91.65619717
36:08.9,-0.137,0.154,0.043,36:08.8,21.58054489,-91.71056848
36:09.1,-0.178,0.114,0.027,36:09.0,21.59193941,-91.75299532
36:09.3,-0.074,0.097,0.061,36:09.3,21.60227163,-91.80259641
36:09.5,-0.121,0.086,0.063,36:09.5,21.60704105,-91.85917645
36:09.7,-0.27,0.151,0.077,36:09.8,21.6167311,-91.91820452
36:10.0,-0.209,0.169,0.036,36:10.0,21.62066838,-91.96105672
36:10.2,-0.253,0.223,0.092,36:10.2,21.61944973,-92.00258115
36:10.4,-0.245,0.231,0.022,36:10.4,21.62616771,-92.0633573
36:10.6,-0.205,0.26,0.051,36:10.6,21.63107363,-92.12817251
36:10.9,-0.288,0.382,0.01,36:10.9,21.63253088,-92.19439441
36:11.1,-0.293,0.313,-0.049,36:11.1,21.63699486,-92.27517638
36:11.3,-0.425,0.267,-0.012,36:11.3,21.63934106,-92.34934135
36:11.5,-0.392,0.384,-0.032,36:11.5,21.64542975,-92.44131092
36:11.8,-0.328,0.391,-0.03,36:11.8,21.65384942,-92.54466103
36:12.0,-0.384,0.427,0.028,36:12.0,21.67022015,-92.63376197
36:12.2,-0.369,0.287,0.023,36:12.2,21.68479694,-92.74900336
36:12.4,-0.306,0.284,-0.036,36:12.4,21.69963897,-92.84470286
36:12.6,-0.308,0.455,0.005,36:12.7,21.71622534,-92.96653536
36:12.9,-0.363,0.34,0.023,36:12.9,21.73553561,-93.08295895
36:13.1,-0.232,0.388,0.056,36:13.1,21.7543305,-93.18472169
36:13.3,-0.282,0.358,0.03,36:13.3,21.77191014,-93.27753428
36:13.5,-0.341,0.377,0,36:13.5,21.79057342,-93.39575638
36:13.8,-0.287,0.359,0.037,36:13.8,21.81164458,-93.51052259
36:14.0,-0.233,0.36,0.041,36:14.0,21.83041172,-93.60418824
36:14.2,-0.17,0.328,0.048,36:14.2,21.84478693,-93.71226262
36:14.4,-0.242,0.353,0.056,36:14.4,21.85682032,-93.79789982
36:14.6,-0.344,0.254,0.11,36:14.7,21.86336537,-93.9009169
36:14.9,-0.334,0.385,0.125,36:14.8,21.86391737,-93.98237004
36:15.1,-0.322,0.288,0.092,36:15.1,21.86285935,-94.0864087
36:15.3,-0.33,0.296,0.053,36:15.3,21.8594423,-94.18822864
36:15.6,-0.619,0.276,0.096,36:15.5,21.85525469,-94.27007742
36:15.8,-0.314,0.233,0.042,36:15.8,21.84612445,-94.37514298
36:16.0,-0.337,0.421,0.041,36:16.0,21.83267232,-94.46508982
36:16.2,-0.344,0.385,0.054,36:16.2,21.82304845,-94.58525865
36:16.5,-0.484,0.505,0.052,36:16.5,21.80504183,-94.70475638
36:16.7,-0.464,0.364,0.033,36:16.7,21.7890145,-94.83134011
36:16.9,-0.404,0.349,-0.013,36:16.9,21.77800126,-94.93477458
36:17.1,-0.358,0.414,0.01,36:17.1,21.77200774,-95.06631513
36:17.3,-0.409,0.441,-0.006,36:17.3,21.75966056,-95.17212538
36:17.6,-0.394,0.445,-0.028,36:17.6,21.74239198,-95.33550371
36:17.8,-0.51,0.475,-0.007,36:17.8,21.7372932,-95.45473007
36:18.0,-0.395,0.549,0.017,36:18.0,21.7334287,-95.57268863
36:18.2,-0.379,0.431,0.002,36:18.3,21.73288648,-95.71522524
36:18.4,-0.434,0.433,0.035,36:18.4,21.73522644,-95.83320254
36:18.7,-0.427,0.35,0.104,36:18.7,21.73547944,-95.97646328
36:18.9,-0.375,0.346,0.063,36:18.9,21.73865516,-96.0895567
36:19.1,-0.384,0.331,0.053,36:19.1,21.74063905,-96.20053072
36:19.3,-0.367,0.491,0.033,36:19.3,21.74106875,-96.33165692
36:19.5,-0.329,0.41,0.063,36:19.5,21.74285962,-96.42966878
36:19.7,-0.396,0.356,0.069,36:19.7,21.74007392,-96.5275767
36:20.0,-0.324,0.371,0.059,36:20.0,21.74275708,-96.65974789
36:20.2,-0.304,0.215,0.092,36:20.2,21.741269,-96.74756021
36:20.4,-0.299,0.155,0.042,36:20.4,21.73742165,-96.82235139
36:20.6,-0.299,0.241,0.053,36:20.6,21.72768196,-96.92289023
36:20.9,-0.301,0.279,0.025,36:20.8,21.71781333,-97.00489278
36:21.1,-0.37,0.421,0.033,36:21.1,21.70654031,-97.10980178
36:21.3,-0.342,0.328,0.047,36:21.3,21.6915217,-97.21582938
36:21.5,-0.456,0.3,0.043,36:21.6,21.67642578,-97.32696224
36:21.8,-0.39,0.372,0.025,36:21.8,21.65980503,-97.42052643
36:22.0,-0.277,0.423,0.048,36:22.0,21.64360542,-97.54529372
36:22.2,-0.344,0.452,0.046,36:22.2,21.62620207,-97.64817569
36:22.4,-0.247,0.496,0.027,36:22.4,21.60978005,-97.78053381
36:22.7,-0.495,0.377,0.097,36:22.7,21.59114741,-97.90019988
36:22.9,-0.465,0.459,0.08,36:22.8,21.57388965,-98.01074562
36:23.1,-0.253,0.412,0.024,36:23.1,21.55481558,-98.14578406
36:23.3,-0.297,0.42,0.077,36:23.3,21.54412998,-98.25250837
36:23.5,-0.391,0.475,0.062,36:23.5,21.53298241,-98.38967984
36:23.8,-0.457,0.302,0.057,36:23.8,21.52753352,-98.52237142
36:24.0,-0.317,0.382,0.089,36:24.0,21.5231955,-98.62891214
36:24.2,-0.243,0.309,0.099,36:24.2,21.5164375,-98.75257569
36:24.4,-0.365,0.301,0.104,36:24.4,21.51473861,-98.84841056
36:24.6,-0.25,0.193,0.112,36:24.6,21.5116873,-98.96808602
36:24.9,-0.285,0.247,0.056,36:24.9,21.51171767,-99.07622011
36:25.1,-0.316,0.476,0.089,36:25.1,21.51093065,-99.17002581
36:25.3,-0.284,0.329,0.124,36:25.3,21.50492657,-99.27788555
36:25.5,-0.286,0.26,0.079,36:25.6,21.49994568,-99.39366939
36:25.8,-0.459,0.333,0.094,36:25.8,21.49289147,-99.49179364
36:26.0,-0.332,0.481,0.067,36:26.0,21.48708085,-99.60911435
36:26.2,-0.4,0.314,0.012,36:26.2,21.48710371,-99.70325429
36:26.4,-0.407,0.368,0.069,36:26.4,21.48545208,-99.79681223
36:26.6,-0.356,0.236,0.074,36:26.6,21.47903663,-99.91885068
36:26.9,-0.339,0.456,0.011,36:26.8,21.47457145,-100.0200949
36:27.1,-0.268,0.382,0.037,36:27.1,21.46884965,-100.1473283
36:27.3,-0.358,0.369,0.077,36:27.3,21.46775367,-100.2804991
36:27.5,-0.363,0.28,0.038,36:27.5,21.4587323,-100.3867007
36:27.8,-0.418,0.454,0.026,36:27.8,21.45250083,-100.5220338
36:28.0,-0.491,0.45,0.01,36:28.0,21.44861783,-100.631545
36:28.2,-0.386,0.326,0.017,36:28.2,21.43988691,-100.7560346
36:28.4,-0.327,0.384,0.033,36:28.4,21.44479383,-100.8805459
36:28.6,-0.238,0.486,0.058,36:28.6,21.44328447,-100.9775661
36:28.9,-0.274,0.344,0.11,36:28.8,21.44043857,-101.073381
36:29.1,-0.392,0.28,0.076,36:29.1,21.4356181,-101.1905839
36:29.3,-0.303,0.327,0.047,36:29.3,21.42916734,-101.2809632
36:29.6,-0.355,0.18,0.038,36:29.6,21.42626764,-101.4240313
36:29.8,-0.279,0.301,0.092,36:29.8,21.41998524,-101.5165569
36:30.0,-0.386,0.382,0.042,36:30.0,21.41741455,-101.6278161
36:30.2,-0.384,0.301,0.037,36:30.2,21.41365047,-101.7134666
36:30.4,-0.28,0.286,0.063,36:30.4,21.41159661,-101.7999504
36:30.7,-0.39,0.3,0.063,36:30.6,21.41016031,-101.9046983
36:30.9,-0.437,0.302,0.05,36:30.9,21.41252994,-102.005185
36:31.1,-0.294,0.325,0.065,36:31.1,21.41943651,-102.0974838
36:31.3,-0.301,0.275,0.086,36:31.3,21.42205991,-102.1720382
36:31.5,-0.263,0.208,0.064,36:31.6,21.42802498,-102.2538135
36:31.8,-0.291,0.241,0.09,36:31.8,21.43865948,-102.3108662
36:32.0,-0.189,0.182,0.119,36:32.0,21.44658284,-102.3882459
36:32.2,-0.237,0.256,0.071,36:32.2,21.45346497,-102.4449384
36:32.4,-0.253,0.221,0.101,36:32.4,21.46371686,-102.5160887
36:32.6,-0.348,0.132,0.088,36:32.6,21.47474957,-102.5695515
36:32.9,-0.252,0.162,0.096,36:32.8,21.49227417,-102.6246229
36:33.1,-0.264,0.092,0.135,36:33.1,21.51115997,-102.7043731
36:33.3,-0.204,0.231,0.095,36:33.3,21.52514561,-102.7587931
36:33.6,-0.252,0.242,0.088,36:33.6,21.53860469,-102.8265749
36:33.8,-0.323,0.088,0.021,36:33.8,21.55239124,-102.8799387
36:34.0,-0.321,0.077,0.048,36:34.0,21.56731145,-102.9272587
36:34.2,-0.191,0.013,0.073,36:34.2,21.58109168,-102.9895597
36:34.4,-0.301,0.202,0.059,36:34.4,21.60136213,-103.0497333
36:34.7,-0.274,0.126,0.02,36:34.7,21.62238007,-103.107328
36:34.9,-0.297,0.052,-0.059,36:34.9,21.64073358,-103.1485592
36:35.1,-0.296,0.067,0.058,36:35.1,21.65901216,-103.1864624
36:35.3,-0.222,0.064,0.034,36:35.3,21.68652843,-103.2354462
36:35.6,-0.23,0.148,-0.002,36:35.6,21.71575738,-103.2869714
36:35.8,-0.195,0.197,0.06,36:35.8,21.75112871,-103.3404115
36:36.0,-0.265,0.114,0.016,36:36.0,21.78434485,-103.3841285
36:36.2,-0.223,0.047,0.052,36:36.2,21.82832598,-103.442151
36:36.5,-0.27,0.201,0.032,36:36.4,21.86512899,-103.4915006
36:36.7,-0.255,0.217,0.021,36:36.7,21.92523446,-103.5609198
36:36.9,-0.402,0.08,0.014,36:36.9,21.9654771,-103.6114032
36:37.1,-0.105,0.069,0.019,36:37.1,22.00568231,-103.6617068
36:37.4,-0.243,0.133,0.027,36:37.4,22.06905922,-103.7231241
36:37.6,-0.205,0.05,0.015,36:37.6,22.11531586,-103.7697018
36:37.8,-0.12,-0.01,0.014,36:37.8,22.16745862,-103.820518
36:38.0,-0.192,0.044,0.063,36:38.0,22.21782514,-103.8675023
36:38.3,-0.205,-0.028,0.063,36:38.2,22.26151551,-103.8962374
36:38.5,-0.171,0.077,0.08,36:38.5,22.29890656,-103.9199542
36:38.7,-0.23,0.014,0.064,36:38.7,22.35284616,-103.9502674
36:38.9,-0.11,0.032,0.056,36:38.9,22.40113086,-103.9718065
36:39.2,-0.073,0.007,0.049,36:39.2,22.44614319,-103.9871166
36:39.4,-0.089,0.112,0.044,36:39.4,22.48326617,-103.995814
36:39.6,-0.1,0.19,0.033,36:39.6,22.52950798,-104.0079919
36:39.8,-0.061,0.222,0.036,36:39.8,22.56895362,-104.0200452
36:40.0,-0.206,0.102,0.014,36:40.0,22.61741812,-104.0305058
36:40.3,-0.073,0.081,0.034,36:40.3,22.66618983,-104.0415929
36:40.5,-0.179,0.025,0.019,36:40.5,22.70188329,-104.0514701
36:40.7,-0.273,0.249,0.04,36:40.7,22.75452937,-104.0697444
36:40.9,-0.227,0.181,0.076,36:40.9,22.78972453,-104.0882267
36:41.2,-0.298,0.047,0.048,36:41.2,22.84028072,-104.1124025
36:41.4,-0.235,0.126,0.002,36:41.4,22.89492005,-104.1366501
36:41.6,-0.166,0.117,-0.018,36:41.6,22.94602935,-104.1566242
36:41.8,-0.227,0.105,0.014,36:41.9,22.99606653,-104.1830694
36:42.0,-0.369,0.178,0.024,36:42.0,23.04051996,-104.202686
36:42.3,-0.181,0.079,0,36:42.3,23.08168279,-104.2254525
36:42.5,-0.225,0.101,-0.042,36:42.5,23.14530276,-104.2516838
36:42.7,-0.217,0.181,-0.006,36:42.8,23.21973539,-104.2792704
36:43.0,-0.205,0.196,-0.004,36:43.0,23.27395668,-104.2924734
36:43.2,-0.27,0.221,0.01,36:43.2,23.32655927,-104.3083626
36:43.4,-0.154,0.191,0.059,36:43.4,23.37640963,-104.3183305
36:43.6,-0.19,0.036,-0.013,36:43.6,23.44189698,-104.3338344
36:43.9,-0.122,0.164,0.03,36:43.9,23.51187475,-104.3450422
36:44.1,-0.129,0.018,0.005,36:44.1,23.57812932,-104.3480156
36:44.3,-0.148,0.098,0.017,36:44.3,23.62776536,-104.3440221
36:44.5,-0.145,0.105,0.044,36:44.5,23.69801622,-104.3412452
36:44.7,-0.152,0.12,0.026,36:44.7,23.74828546,-104.3421429
36:45.0,-0.108,0.094,0.005,36:45.0,23.81645039,-104.3389172
36:45.2,-0.131,0.25,-0.016,36:45.2,23.87777364,-104.339552
36:45.4,-0.18,0.246,0.088,36:45.4,23.92501776,-104.3398418
36:45.6,-0.099,0.166,-0.001,36:45.6,23.97875271,-104.3339269
36:45.8,-0.148,0.119,0.065,36:45.8,24.03031981,-104.3262132
36:46.0,-0.264,0.106,0.021,36:46.0,24.09106039,-104.327233
36:46.3,-0.176,0.164,0.056,36:46.3,24.15266484,-104.3221928
36:46.5,-0.29,0.241,0.025,36:46.5,24.2098142,-104.3199245
36:46.7,-0.245,0.191,0.063,36:46.7,24.28337539,-104.3182419
36:47.0,-0.37,0.234,0.021,36:46.9,24.3486737,-104.3194774
36:47.2,-0.194,0.168,0.016,36:47.2,24.42994752,-104.3196047
36:47.4,-0.267,0.216,0,36:47.4,24.51861456,-104.3264482
36:47.6,-0.208,0.241,0.034,36:47.7,24.60857546,-104.3338398
36:47.9,-0.192,0.306,0.014,36:47.9,24.69277186,-104.3398232
36:48.1,-0.318,0.135,0.015,36:48.1,24.79013293,-104.3486101
36:48.3,-0.289,0.195,0,36:48.3,24.86926927,-104.3553464
36:48.6,-0.272,0.331,0.084,36:48.6,24.98820248,-104.3609215
36:48.8,-0.327,0.196,0.054,36:48.8,25.07593542,-104.3604492
36:49.0,-0.323,0.287,0.028,36:49.0,25.16831766,-104.3552924
36:49.2,-0.341,0.384,0.047,36:49.2,25.27992741,-104.3506812
36:49.4,-0.325,0.458,0.052,36:49.4,25.36985127,-104.344558
36:49.7,-0.289,0.271,0.037,36:49.7,25.50080126,-104.3388572
36:49.9,-0.185,0.408,0.062,36:49.9,25.59687648,-104.3321925
36:50.1,-0.229,0.274,0.036,36:50.1,25.69049092,-104.3217433
36:50.3,-0.209,0.236,0.04,36:50.3,25.80587583,-104.3118267
36:50.6,-0.301,0.339,0.058,36:50.6,25.89533605,-104.3022735
36:50.8,-0.219,0.261,0.077,36:50.8,26.02451525,-104.2884057
36:51.0,-0.231,0.389,0.092,36:51.0,26.11258298,-104.2739911
36:51.2,-0.244,0.265,0.124,36:51.2,26.218734,-104.26032
36:51.5,-0.353,0.443,0.069,36:51.5,26.32697013,-104.246608
36:51.7,-0.327,0.323,0.069,36:51.7,26.42528619,-104.239617
36:51.9,-0.261,0.368,0.077,36:51.9,26.54415564,-104.2288886
36:52.2,-0.378,0.311,0.034,36:52.2,26.65966473,-104.2135143
36:52.4,-0.343,0.323,-0.013,36:52.4,26.7580098,-104.2070504
36:52.6,-0.264,0.469,-0.031,36:52.6,26.88389765,-104.2068739
36:52.8,-0.458,0.351,-0.003,36:52.8,26.98450079,-104.2018202
36:53.1,-0.261,0.352,0,36:53.1,27.11364484,-104.1976167
36:53.3,-0.399,0.501,0.034,36:53.3,27.22463707,-104.1991715
36:53.5,-0.49,0.363,0.006,36:53.5,27.36416206,-104.2009407
36:53.7,-0.374,0.33,0.033,36:53.7,27.48379274,-104.2028161
36:53.9,-0.429,0.441,0.071,36:53.9,27.62380976,-104.1997275
36:54.2,-0.392,0.413,0.078,36:54.2,27.7943773,-104.2057133
36:54.4,-0.31,0.349,0.073,36:54.4,27.91204952,-104.2058454
36:54.6,-0.343,0.383,0.046,36:54.6,28.02168435,-104.2090801
36:54.9,-0.284,0.231,0.047,36:54.8,28.12889737,-104.2097904
36:55.1,-0.301,0.35,0.142,36:55.1,28.25678166,-104.2084884
36:55.3,-0.149,0.372,0.101,36:55.3,28.38324378,-104.2078591
36:55.5,-0.252,0.406,0.101,36:55.5,28.47847139,-104.1993442
36:55.7,-0.18,0.336,0.104,36:55.8,28.59156391,-104.1950855
36:56.0,-0.481,0.468,0.109,36:55.9,28.67957209,-104.1922774
36:56.2,-0.33,0.395,0.056,36:56.2,28.79256455,-104.1940054
36:56.4,-0.204,0.333,0.11,36:56.4,28.883461,-104.1891299
36:56.7,-0.377,0.357,0.066,36:56.7,29.01932157,-104.1889518
36:56.9,-0.35,0.341,0.066,36:56.9,29.11095712,-104.1892183
36:57.1,-0.209,0.367,0.099,36:57.1,29.20356091,-104.1895214
36:57.3,-0.277,0.356,0.092,36:57.3,29.3192723,-104.1890821
36:57.5,-0.365,0.456,0.059,36:57.5,29.41911161,-104.1933557
36:57.8,-0.403,0.444,0.065,36:57.8,29.56276636,-104.2017431
36:58.0,-0.391,0.25,0.018,36:58.0,29.66784189,-104.205564
36:58.2,-0.361,0.404,0.045,36:58.2,29.77660697,-104.2164914
36:58.4,-0.368,0.217,0.079,36:58.4,29.90013877,-104.2266839
36:58.6,-0.347,0.419,0.091,36:58.6,30.00979843,-104.2365131
36:58.9,-0.316,0.322,0.036,36:58.9,30.14133832,-104.2464885
36:59.1,-0.357,0.324,0.039,36:59.1,30.26255616,-104.2530686
36:59.3,-0.304,0.277,0.071,36:59.3,30.36732655,-104.2623436
36:59.5,-0.4,0.261,0.074,36:59.5,30.467696,-104.2704583
36:59.7,-0.332,0.392,0.029,36:59.8,30.59903852,-104.2814603
37:00.0,-0.403,0.296,0.101,36:59.9,30.70498296,-104.2890726
37:00.2,-0.187,0.464,0.045,37:00.2,30.8373978,-104.3021269
37:00.4,-0.343,0.35,0.007,37:00.4,30.96734373,-104.3144581
37:00.6,-0.343,0.318,0.102,37:00.6,31.06424975,-104.3238526
37:00.8,-0.343,0.311,0.081,37:00.8,31.16528516,-104.3335523
37:01.1,-0.425,0.237,0.09,37:01.1,31.28232105,-104.3460093
37:01.3,-0.351,0.278,0.091,37:01.3,31.40495384,-104.3603032
37:01.5,-0.361,0.262,0.127,37:01.5,31.50209738,-104.3640835
37:01.7,-0.343,0.304,0.067,37:01.8,31.62330729,-104.3740993
37:02.0,-0.398,0.15,0.074,37:01.9,31.71610164,-104.3795558
37:02.2,-0.321,0.259,0.078,37:02.2,31.82034729,-104.383261
37:02.4,-0.222,0.243,0.11,37:02.4,31.91253831,-104.3883704
37:02.6,-0.308,0.259,0.083,37:02.6,32.02839378,-104.3914476
37:02.8,-0.371,0.273,0.044,37:02.8,32.11868857,-104.3937134
37:03.1,-0.324,0.354,0.081,37:03.1,32.23371545,-104.3955962
37:03.3,-0.286,0.355,0.087,37:03.3,32.33147505,-104.3957053
37:03.5,-0.258,0.292,0.033,37:03.5,32.44625598,-104.4007132
37:03.7,-0.31,0.336,0.082,37:03.7,32.56831637,-104.4019812
37:04.0,-0.324,0.312,0.014,37:04.0,32.66881508,-104.4039339
37:04.2,-0.381,0.343,0.005,37:04.2,32.79377392,-104.4142366
37:04.4,-0.318,0.369,0.093,37:04.4,32.89902219,-104.4190054
37:04.6,-0.408,0.227,0.049,37:04.6,33.02813477,-104.4255243
37:04.9,-0.401,0.45,0.057,37:04.9,33.16598761,-104.4417647
37:05.1,-0.394,0.334,0.029,37:05.1,33.27957925,-104.456529
37:05.3,-0.425,0.352,0.093,37:05.3,33.41530596,-104.4724844
37:05.5,-0.374,0.329,0.062,37:05.5,33.52965041,-104.4775361
37:05.8,-0.416,0.349,0.044,37:05.7,33.66331555,-104.4940761
37:06.0,-0.457,0.358,0.016,37:06.0,33.80102858,-104.5041365
37:06.2,-0.377,0.24,0.095,37:06.2,33.90954436,-104.5135395
37:06.4,-0.28,0.363,0.082,37:06.4,34.04625122,-104.5298757
37:06.6,-0.374,0.3,0.087,37:06.6,34.15710528,-104.5395512
37:06.8,-0.41,0.275,0.094,37:06.8,34.26415605,-104.5475639
37:07.1,-0.273,0.229,0.123,37:07.1,34.39662467,-104.5607066
37:07.3,-0.191,0.129,0.015,37:07.3,34.52408845,-104.5676629
37:07.5,-0.28,0.369,0.096,37:07.5,34.62275302,-104.5719607
37:07.7,-0.223,0.338,0.073,37:07.7,34.74574627,-104.5739693
37:07.9,-0.241,0.224,0.098,37:07.9,34.83930283,-104.5810204
37:08.2,-0.299,0.377,0.053,37:08.1,34.92709384,-104.578657
37:08.4,-0.239,0.316,0.049,37:08.4,35.07083253,-104.5758846
37:08.6,-0.148,0.42,0.075,37:08.6,35.16134332,-104.5707497
37:08.8,-0.23,0.292,0.077,37:08.8,35.24908792,-104.562671
37:09.1,-0.297,0.264,0.113,37:09.1,35.36173869,-104.5549236
37:09.3,-0.238,0.207,0.071,37:09.3,35.45517593,-104.5471781
37:09.5,-0.206,0.226,0.129,37:09.5,35.56867548,-104.5451823
37:09.7,-0.272,0.381,0.074,37:09.7,35.67869975,-104.5418363
37:09.9,-0.302,0.373,0.051,37:09.9,35.77452284,-104.5354972
37:10.2,-0.327,0.381,0.065,37:10.1,35.87801038,-104.5265286
37:10.4,-0.311,0.29,0.053,37:10.4,36.00502832,-104.521225
37:10.6,-0.42,0.49,0.038,37:10.6,36.11455848,-104.5216214
37:10.8,-0.557,0.241,0.039,37:10.9,36.27063657,-104.5191056
37:11.1,-0.4,0.329,0.062,37:11.1,36.38083443,-104.5197494
37:11.3,-0.434,0.409,0.071,37:11.3,36.49674695,-104.5227062
37:11.5,-0.376,0.307,0.008,37:11.5,36.63538472,-104.5282622
37:11.7,-0.36,0.333,0.056,37:11.7,36.77321472,-104.5332052
37:12.0,-0.415,0.308,0.074,37:12.0,36.91295405,-104.5466212
37:12.2,-0.291,0.206,0.111,37:12.2,37.02088936,-104.5630474
37:12.4,-0.218,0.279,0.075,37:12.4,37.15556376,-104.5765066
37:12.6,-0.349,0.304,0.073,37:12.6,37.25765064,-104.5859296
37:12.8,-0.235,0.174,0.05,37:12.8,37.35605452,-104.5975307
37:13.1,-0.362,0.319,0.098,37:13.1,37.48032839,-104.6034546
37:13.3,-0.246,0.311,0.083,37:13.3,37.58643929,-104.6062814
37:13.5,-0.236,0.381,0.108,37:13.5,37.68168013,-104.601306
37:13.7,-0.244,0.235,0.072,37:13.7,37.79583475,-104.6008662
37:13.9,-0.364,0.318,0.116,37:13.9,37.88466016,-104.5922256
37:14.2,-0.299,0.31,0.099,37:14.1,37.97350142,-104.5883483
37:14.4,-0.281,0.188,0.074,37:14.4,38.10714906,-104.5830306
37:14.6,-0.209,0.308,0.061,37:14.6,38.19004501,-104.5732759
37:14.8,-0.334,0.336,0.08,37:14.8,38.28360556,-104.5617635
37:15.1,-0.498,0.321,0.045,37:15.1,38.39514137,-104.5497409
37:15.3,-0.339,0.264,0.041,37:15.3,38.49243348,-104.5402568
37:15.5,-0.315,0.409,0.088,37:15.5,38.63319071,-104.5359853
37:15.7,-0.282,0.36,0.061,37:15.8,38.73964686,-104.5318166
37:16.0,-0.253,0.43,0.011,37:16.0,38.87275023,-104.5364903
37:16.2,-0.441,0.355,0.058,37:16.2,38.97667227,-104.5361156
37:16.4,-0.292,0.483,0.032,37:16.4,39.11378964,-104.5484524
37:16.6,-0.479,0.368,0.01,37:16.6,39.22059368,-104.5497059
37:16.9,-0.442,0.366,0.076,37:16.9,39.35886488,-104.5621331
37:17.1,-0.403,0.312,0.046,37:17.1,39.47109185,-104.5794133
37:17.3,-0.285,0.354,0.052,37:17.3,39.58336458,-104.5957839
37:17.5,-0.379,0.366,0.086,37:17.5,39.71216354,-104.6015309
37:17.7,-0.272,0.316,0.106,37:17.7,39.81694137,-104.6149437
37:17.9,-0.355,0.324,0.124,37:17.9,39.94579162,-104.6265988
37:18.2,-0.402,0.229,0.081,37:18.1,40.04045352,-104.6350335
37:18.4,-0.315,0.208,0.067,37:18.4,40.16233854,-104.640777
37:18.6,-0.335,0.291,0.128,37:18.6,40.27481949,-104.6406599
37:18.8,-0.35,0.245,0.146,37:18.8,40.36964623,-104.6414926
37:19.1,-0.388,0.248,0.116,37:19.1,40.48911061,-104.6390171
37:19.3,-0.349,0.257,0.068,37:19.3,40.6028702,-104.636372
37:19.5,-0.368,0.377,0.078,37:19.5,40.69757792,-104.6321197
37:19.7,-0.342,0.386,0.08,37:19.7,40.81614575,-104.6255194
37:20.0,-0.371,0.302,0.018,37:19.9,40.91375919,-104.6235154
37:20.2,-0.35,0.391,0.055,37:20.2,41.05987737,-104.6235965
37:20.4,-0.372,0.386,0.05,37:20.4,41.16635929,-104.619001
37:20.6,-0.376,0.391,0.049,37:20.6,41.27227348,-104.6185837
37:20.9,-0.403,0.336,0.09,37:20.9,41.40734832,-104.6224334
37:21.1,-0.218,0.353,0.069,37:21.1,41.5125501,-104.6303113
37:21.3,-0.352,0.305,0.048,37:21.3,41.67270541,-104.6454889
37:21.5,-0.395,0.325,0.071,37:21.5,41.78325601,-104.6536213
37:21.7,-0.374,0.31,0.091,37:21.7,41.89268377,-104.6586624
37:22.0,-0.473,0.384,0.07,37:21.9,41.99345345,-104.6703052
37:22.2,-0.332,0.446,0.104,37:22.2,42.11692076,-104.6849728
37:22.4,-0.332,0.337,0.055,37:22.4,42.24073383,-104.6931175
37:22.7,-0.308,0.311,0.089,37:22.7,42.35717683,-104.7001648
37:22.9,-0.326,0.214,0.097,37:22.9,42.44392173,-104.7018844
37:23.1,-0.247,0.322,0.082,37:23.1,42.55409151,-104.7039373
37:23.3,-0.36,0.241,0.054,37:23.3,42.63954292,-104.6992978
37:23.5,-0.303,0.239,0.124,37:23.5,42.74919637,-104.6983703
37:23.8,-0.229,0.287,0.08,37:23.8,42.86104129,-104.6966859
37:24.0,-0.276,0.305,0.083,37:24.0,42.95102893,-104.6915214
37:24.2,-0.379,0.292,0.064,37:24.2,43.06856193,-104.6862202
37:24.4,-0.341,0.32,0.095,37:24.4,43.19142485,-104.6898277
37:24.7,-0.312,0.358,0.005,37:24.6,43.2865675,-104.6912474
37:24.9,-0.38,0.348,-0.015,37:24.9,43.43511759,-104.702325
37:25.1,-0.372,0.126,0.048,37:25.1,43.53842442,-104.7049858
37:25.4,-0.387,0.356,0.058,37:25.4,43.65703021,-104.7135701
37:25.6,-0.377,0.288,0.009,37:25.6,43.76411677,-104.7169784
37:25.8,-0.264,0.449,0.043,37:25.8,43.88672279,-104.7358677
37:26.1,-0.307,0.339,0.085,37:26.1,44.02535759,-104.7495682
37:26.3,-0.388,0.317,0.042,37:26.2,44.1031477,-104.7535101
37:26.5,-0.369,0.387,0.05,37:26.5,44.23126271,-104.7632086
37:26.7,-0.29,0.485,0.09,37:26.7,44.34168426,-104.7730298
37:26.9,-0.396,0.326,0.063,37:26.9,44.46910866,-104.778508
37:27.2,-0.319,0.258,0.061,37:27.2,44.61210843,-104.7858945
37:27.4,-0.309,0.234,0.06,37:27.4,44.71613648,-104.7912542
37:27.6,-0.287,0.293,0.088,37:27.6,44.80421681,-104.7920216
37:27.8,-0.351,0.316,0.031,37:27.8,44.92549731,-104.7876233
37:28.0,-0.269,0.211,0.116,37:28.0,45.01291257,-104.7876422
37:28.3,-0.238,0.354,0.053,37:28.3,45.14753606,-104.7856987
37:28.5,-0.3,0.292,0.09,37:28.5,45.23931639,-104.7849337
37:28.7,-0.37,0.311,0.057,37:28.7,45.33254966,-104.7777871
37:28.9,-0.259,0.334,0.064,37:29.0,45.44496719,-104.7781207
37:29.2,-0.335,0.347,0.034,37:29.2,45.53892933,-104.7803875
37:29.4,-0.26,0.293,0.06,37:29.4,45.65518531,-104.7816141
37:29.6,-0.241,0.326,0.072,37:29.6,45.77811867,-104.7939953
37:29.9,-0.372,0.275,0.034,37:29.8,45.88553073,-104.796346
37:30.1,-0.426,0.258,0.1,37:30.1,46.01763338,-104.8023495
37:30.3,-0.37,0.32,0.047,37:30.3,46.12112005,-104.812012
37:30.5,-0.466,0.192,0.038,37:30.6,46.28485026,-104.8226816
37:30.8,-0.343,0.322,0.087,37:30.8,46.39931178,-104.831355
37:31.0,-0.387,0.246,0.019,37:31.0,46.51310901,-104.8423896
37:31.2,-0.407,0.299,0.07,37:31.2,46.65214725,-104.8579585
37:31.4,-0.361,0.344,0.07,37:31.4,46.76334395,-104.866749
37:31.7,-0.291,0.193,0.039,37:31.7,46.92286711,-104.8709746
37:31.9,-0.364,0.384,0.108,37:31.9,47.02368106,-104.8751062
37:32.1,-0.323,0.387,0.129,37:32.1,47.15034137,-104.8732134
37:32.3,-0.204,0.242,0.084,37:32.3,47.24350743,-104.8754568
37:32.6,-0.309,0.343,0.097,37:32.6,47.3540318,-104.8668399
37:32.8,-0.272,0.34,0.09,37:32.8,47.46801728,-104.8616464
37:33.0,-0.286,0.325,0.112,37:33.0,47.55363509,-104.8545872
37:33.2,-0.335,0.422,0.107,37:33.2,47.66543552,-104.8481938
37:33.5,-0.276,0.245,0.062,37:33.4,47.75387847,-104.8410854
37:33.7,-0.298,0.395,0.076,37:33.7,47.8653771,-104.83583
37:33.9,-0.379,0.247,0.09,37:33.9,47.98211554,-104.8364845
37:34.2,-0.355,0.292,0.044,37:34.1,48.07397205,-104.8402384
37:34.4,-0.44,0.366,0.046,37:34.4,48.19225505,-104.8425116
37:34.6,-0.36,0.316,0.047,37:34.6,48.29591283,-104.8536149
37:34.8,-0.401,0.276,0.01,37:34.8,48.4268114,-104.8625532
37:35.1,-0.388,0.235,0.05,37:35.1,48.5598521,-104.8753989
37:35.3,-0.349,0.345,0.075,37:35.3,48.69404917,-104.89711
37:35.5,-0.443,0.178,0.084,37:35.5,48.80576039,-104.912428
37:35.7,-0.324,0.3,0.048,37:35.7,48.94135891,-104.9308672
37:35.9,-0.365,0.233,0.09,37:35.9,49.04582823,-104.9459036
37:36.2,-0.348,0.393,0.052,37:36.2,49.20017912,-104.9602492
37:36.4,-0.429,0.351,0.089,37:36.4,49.30496163,-104.9651972
37:36.6,-0.323,0.403,0.076,37:36.6,49.41112833,-104.970994
37:36.9,-0.264,0.327,0.089,37:36.9,49.53214554,-104.9701367
37:37.1,-0.262,0.34,0.069,37:37.1,49.65649847,-104.9696941
37:37.3,-0.272,0.274,0.093,37:37.3,49.77079829,-104.9595532
37:37.5,-0.205,0.237,0.1,37:37.5,49.85998641,-104.9493855
37:37.8,-0.289,0.31,0.077,37:37.7,49.95385579,-104.9396613
37:38.0,-0.33,0.326,0.07,37:38.0,50.07348184,-104.9245231
37:38.2,-0.351,0.435,0.072,37:38.2,50.16423815,-104.9092773
37:38.5,-0.217,0.291,0.068,37:38.5,50.3068598,-104.8903501
37:38.7,-0.352,0.276,0.06,37:38.7,50.4002529,-104.8788245
37:38.9,-0.348,0.377,0.038,37:38.9,50.52483325,-104.8771919
37:39.1,-0.212,0.333,0.059,37:39.1,50.63558283,-104.8899463
37:39.3,-0.417,0.391,0.045,37:39.3,50.74117956,-104.8889413
37:39.6,-0.377,0.311,0.04,37:39.6,50.8624599,-104.8943925
37:39.8,-0.262,0.367,0.02,37:39.8,50.97730914,-104.9226981
37:40.0,-0.394,0.188,0.069,37:40.0,51.07773833,-104.9252192
37:40.2,-0.416,0.289,0.081,37:40.2,51.17455212,-104.9417324
37:40.5,-0.375,0.293,0.016,37:40.5,51.2985049,-104.9608242
37:40.7,-0.402,0.196,0.042,37:40.7,51.4110526,-104.9797184
37:40.9,-0.309,0.204,0.033,37:40.9,51.50348325,-104.9981798
37:41.1,-0.205,0.155,0.07,37:41.1,51.61545,-105.011066
37:41.4,-0.141,0.315,0.064,37:41.3,51.70550202,-105.0163712
37:41.6,-0.307,0.208,0.046,37:41.6,51.82224731,-105.0240454
37:41.8,-0.268,0.388,0.029,37:41.8,51.93731809,-105.0211058
37:42.0,-0.367,0.222,0.081,37:42.0,52.02877844,-105.0150848
37:42.3,-0.317,0.335,0.08,37:42.3,52.13971924,-105.0062027
37:42.5,-0.153,0.285,0.046,37:42.5,52.23648715,-104.997
37:42.7,-0.24,0.322,0.071,37:42.7,52.35627754,-104.9907979
37:42.9,-0.286,0.413,0.084,37:42.9,52.45624537,-104.9854474
37:43.2,-0.243,0.41,0.068,37:43.1,52.58207644,-104.9787159
37:43.4,-0.27,0.394,0.054,37:43.4,52.68345918,-104.9692232
37:43.6,-0.49,0.294,0.063,37:43.6,52.81713245,-104.9591091
37:43.8,-0.32,0.302,0.086,37:43.8,52.92254768,-104.9523421
37:44.0,-0.334,0.36,0.072,37:44.0,53.05527089,-104.9544473
37:44.3,-0.322,0.332,0.033,37:44.3,53.18950317,-104.95398
37:44.5,-0.329,0.37,0.066,37:44.5,53.28997876,-104.9563641
37:44.7,-0.331,0.236,0.084,37:44.7,53.41862582,-104.9635757
37:44.9,-0.269,0.19,0.052,37:44.9,53.5183271,-104.9769617
37:45.1,-0.39,0.329,0.09,37:45.1,53.64103443,-104.9909388
37:45.4,-0.249,0.302,0.05,37:45.4,53.76607,-105.0009345
37:45.6,-0.446,0.209,0.017,37:45.6,53.85587234,-105.0193829
37:45.8,-0.313,0.335,0.036,37:45.8,53.9777168,-105.0400168
37:46.0,-0.302,0.117,0.062,37:46.0,54.07006022,-105.051479
37:46.3,-0.283,0.16,0.143,37:46.3,54.18205281,-105.0586394
37:46.5,-0.272,0.108,0.098,37:46.5,54.30194952,-105.065699
37:46.7,-0.338,0.193,0.061,37:46.7,54.39970907,-105.0728389
37:46.9,-0.308,0.228,0.118,37:46.9,54.4940967,-105.072825
37:47.1,-0.23,0.25,0.076,37:47.1,54.61661517,-105.077988
37:47.4,-0.342,0.265,0.092,37:47.4,54.73372885,-105.0777338
37:47.6,-0.438,0.317,0.047,37:47.6,54.83501012,-105.0709704
37:47.8,-0.347,0.331,0.061,37:47.8,54.96164981,-105.0653968
37:48.1,-0.367,0.277,0.04,37:48.1,55.09391163,-105.0618586
37:48.3,-0.349,0.28,0.05,37:48.3,55.19866464,-105.0589189
37:48.5,-0.424,0.372,0.082,37:48.5,55.31128422,-105.0559855
37:48.7,-0.421,0.421,0.088,37:48.7,55.44588344,-105.0491562
37:49.0,-0.41,0.299,0.076,37:49.0,55.57606812,-105.0498684
37:49.2,-0.347,0.334,0.077,37:49.2,55.68285614,-105.0493529
37:49.4,-0.297,0.302,0.097,37:49.4,55.81230134,-105.0526145
37:49.6,-0.299,0.365,0.084,37:49.6,55.90931824,-105.0554219
37:49.8,-0.37,0.246,0.099,37:49.8,56.02391495,-105.0539981
37:50.1,-0.414,0.243,0.104,37:50.1,56.14364142,-105.0537232
37:50.3,-0.369,0.377,0.097,37:50.3,56.22225586,-105.0521169
37:50.5,-0.26,0.222,0.069,37:50.5,56.33381364,-105.0485295
37:50.7,-0.264,0.291,0.088,37:50.7,56.41954152,-105.046481
37:50.9,-0.259,0.302,0.083,37:51.0,56.52562684,-105.0419478
37:51.2,-0.216,0.286,0.054,37:51.1,56.61050725,-105.0414139
37:51.4,-0.258,0.267,0.002,37:51.4,56.71662272,-105.042709
37:51.6,-0.307,0.168,0.004,37:51.6,56.82341015,-105.0417403
37:51.8,-0.382,0.269,-0.003,37:51.8,56.90481503,-105.048187
37:52.1,-0.329,0.26,-0.006,37:52.1,57.02184882,-105.0534626
37:52.3,-0.433,0.254,0.025,37:52.3,57.1245603,-105.0645768
37:52.5,-0.433,0.207,0.05,37:52.6,57.27276551,-105.0817227
37:52.7,-0.482,0.4,0.043,37:52.8,57.37898815,-105.0928423
37:53.0,-0.473,0.31,0.035,37:52.9,57.49226069,-105.1089013
37:53.2,-0.397,0.321,0.027,37:53.2,57.63286868,-105.1189036
37:53.4,-0.443,0.315,0.09,37:53.4,57.74302462,-105.1352323
37:53.7,-0.275,0.375,0.068,37:53.7,57.90731318,-105.155274
37:53.9,-0.405,0.392,0.066,37:53.9,58.01488902,-105.1666914
37:54.1,-0.319,0.346,0.067,37:54.1,58.12036204,-105.1732475
37:54.3,-0.348,0.21,0.105,37:54.3,58.24614526,-105.178255
37:54.5,-0.295,0.302,0.06,37:54.5,58.34287796,-105.1781264
37:54.8,-0.28,0.271,0.077,37:54.8,58.48021547,-105.1742386
37:55.0,-0.216,0.333,0.093,37:55.0,58.56183529,-105.1647633
37:55.2,-0.284,0.209,0.129,37:55.2,58.65040174,-105.1527446
37:55.4,-0.14,0.284,0.145,37:55.4,58.75991221,-105.1406685
37:55.6,-0.207,0.233,0.09,37:55.6,58.84282293,-105.1270662
37:55.9,-0.259,0.431,0.092,37:55.9,58.94567772,-105.1115024
37:56.1,-0.212,0.317,0.075,37:56.1,59.05080286,-105.1052004
37:56.3,-0.251,0.253,0.054,37:56.3,59.13783383,-105.1006506
37:56.5,-0.263,0.199,0.1,37:56.5,59.22476718,-105.1010924
37:56.7,-0.32,0.311,0.035,37:56.8,59.33049437,-105.1068103
37:57.0,-0.382,0.291,0.015,37:57.0,59.42220596,-105.1119902
37:57.2,-0.448,0.434,0.054,37:57.2,59.5640016,-105.1211401
37:57.4,-0.5,0.404,0.043,37:57.4,59.66802948,-105.1389479
37:57.6,-0.417,0.437,-0.003,37:57.6,59.77765741,-105.1599184
37:57.9,-0.416,0.357,-0.013,37:57.9,59.91079935,-105.1788564
37:58.1,-0.437,0.284,-0.024,37:58.1,60.02580721,-105.1962782
37:58.3,-0.402,0.264,0.02,37:58.3,60.18857008,-105.2201465
37:58.5,-0.483,0.334,0.047,37:58.6,60.29539127,-105.241522
37:58.8,-0.276,0.279,0.034,37:58.7,60.40571415,-105.2548357
37:59.0,-0.395,0.339,0.027,37:59.0,60.5152158,-105.2652693
37:59.2,-0.123,0.321,0.052,37:59.2,60.64079554,-105.270359
37:59.4,-0.325,0.202,0.076,37:59.4,60.7671836,-105.2737038
37:59.6,-0.264,0.18,0.078,37:59.6,60.85691223,-105.2715471
37:59.9,-0.211,0.286,0.052,37:59.9,60.9688238,-105.2699954
38:00.1,-0.201,0.314,0.057,38:00.1,61.06066608,-105.2599763
38:00.3,-0.262,0.202,0.065,38:00.3,61.17040209,-105.2543978
38:00.5,-0.341,0.329,0.098,38:00.5,61.25364542,-105.2457668
38:00.8,-0.257,0.3,0.088,38:00.8,61.37235063,-105.2295872
38:01.0,-0.325,0.345,0.048,38:01.0,61.48503214,-105.2186128
38:01.2,-0.413,0.328,0.08,38:01.2,61.57771363,-105.2119101
38:01.4,-0.291,0.388,0.047,38:01.4,61.67156293,-105.2109195
38:01.6,-0.444,0.301,0.079,38:01.6,61.79259021,-105.2055605
38:01.9,-0.334,0.28,0.047,38:01.9,61.91510145,-105.2072036
38:02.1,-0.304,0.369,0.037,38:02.1,62.04245872,-105.2146686
38:02.3,-0.389,0.278,0.057,38:02.3,62.14650173,-105.2216709
38:02.5,-0.405,0.315,0.035,38:02.6,62.27437185,-105.2344611
38:02.8,-0.333,0.191,-0.006,38:02.8,62.3772017,-105.2477598
38:03.0,-0.333,0.263,0.074,38:03.0,62.52770625,-105.2582384
38:03.2,-0.374,0.338,0.087,38:03.2,62.62508884,-105.2721278
38:03.4,-0.32,0.311,0.028,38:03.4,62.71965654,-105.2855418
38:03.7,-0.335,0.272,0.006,38:03.7,62.83137756,-105.2970162
38:03.9,-0.196,0.278,0.029,38:03.9,62.91574377,-105.3066246
38:04.1,-0.325,0.331,0.092,38:04.1,63.02511383,-105.3159268
38:04.3,-0.236,0.303,0.079,38:04.4,63.13960624,-105.3181818
38:04.6,-0.293,0.337,0.075,38:04.5,63.23213355,-105.3165539
38:04.8,-0.277,0.34,0.069,38:04.8,63.34680721,-105.3178572
38:05.0,-0.298,0.238,0.059,38:05.0,63.44354162,-105.318618
38:05.2,-0.298,0.385,0.039,38:05.2,63.54335287,-105.3197998
38:05.5,-0.334,0.247,0.054,38:05.5,63.68013488,-105.3145123
38:05.7,-0.363,0.305,0.043,38:05.7,63.77812933,-105.3142432
38:05.9,-0.248,0.355,0.077,38:05.9,63.90011594,-105.3153693
38:06.1,-0.447,0.255,0.111,38:06.1,63.99895964,-105.3137316
38:06.4,-0.311,0.327,0.058,38:06.4,64.13268322,-105.3140644
38:06.6,-0.401,0.34,0.105,38:06.6,64.26025726,-105.3175057
38:06.8,-0.338,0.3,0.042,38:06.8,64.3978526,-105.3194048
38:07.1,-0.307,0.272,0.066,38:07.0,64.50830595,-105.3165328
38:07.3,-0.369,0.36,0.042,38:07.3,64.63244305,-105.3169232
38:07.5,-0.282,0.33,0.059,38:07.5,64.72995258,-105.3179086
38:07.7,-0.253,0.427,0.076,38:07.8,64.88120609,-105.3269933
38:08.0,-0.361,0.299,0.155,38:08.0,64.98194075,-105.3275287
38:08.2,-0.395,0.231,0.09,38:08.2,65.07631329,-105.3285539
38:08.4,-0.367,0.262,0.102,38:08.4,65.19828988,-105.3276989
38:08.6,-0.421,0.149,0.063,38:08.6,65.28989811,-105.3314885
38:08.9,-0.409,0.354,0.049,38:08.9,65.43675458,-105.3337935
38:09.1,-0.217,0.272,0.067,38:09.1,65.52916282,-105.3384317
38:09.3,-0.284,0.183,0.039,38:09.3,65.617728,-105.3434111
38:09.5,-0.302,0.24,0.076,38:09.5,65.73561299,-105.3492027
38:09.7,-0.344,0.428,-0.017,38:09.7,65.83283453,-105.3536155
38:10.0,-0.331,0.365,0.027,38:10.0,65.97326883,-105.3625558
38:10.2,-0.284,0.394,-0.009,38:10.2,66.07590123,-105.3686079
38:10.4,-0.29,0.322,0.056,38:10.4,66.17439793,-105.3702177
38:10.7,-0.439,0.3,0.055,38:10.6,66.30566381,-105.3740384
38:10.9,-0.317,0.199,0.03,38:10.8,66.40585387,-105.3792241
38:11.1,-0.282,0.313,0.056,38:11.1,66.56523835,-105.3853719
38:11.3,-0.352,0.28,0.061,38:11.3,66.66921135,-105.3894384
38:11.5,-0.269,0.344,0.087,38:11.5,66.77294982,-105.3898604
38:11.8,-0.281,0.362,0.077,38:11.8,66.91426921,-105.397409
38:12.0,-0.429,0.365,0.029,38:12.0,67.05041722,-105.3945313
38:12.2,-0.364,0.28,0.05,38:12.2,67.18836127,-105.3984103
38:12.5,-0.233,0.253,0.078,38:12.5,67.29774142,-105.4057804
38:12.7,-0.292,0.254,0.072,38:12.7,67.43036538,-105.4094945
38:12.9,-0.404,0.33,0.079,38:12.9,67.5399594,-105.4094848
38:13.1,-0.367,0.302,0.059,38:13.1,67.67569419,-105.4167289
38:13.4,-0.28,0.301,0.058,38:13.4,67.79926269,-105.416397
38:13.6,-0.178,0.282,0.083,38:13.6,67.89263004,-105.4199801
38:13.8,-0.241,0.308,0.085,38:13.8,68.01026376,-105.4239398
38:14.0,-0.443,0.288,0.103,38:14.0,68.09397933,-105.4234111
38:14.2,-0.199,0.296,0.05,38:14.3,68.21185523,-105.4279944
38:14.5,-0.259,0.179,0.119,38:14.5,68.3268899,-105.4236662
38:14.7,-0.237,0.376,0.084,38:14.7,68.41136887,-105.4208764
38:14.9,-0.244,0.329,0.027,38:14.9,68.52166007,-105.4236585
38:15.1,-0.347,0.188,0.063,38:15.1,68.60580701,-105.4261711
38:15.4,-0.33,0.307,0.064,38:15.3,68.69468502,-105.4253987
38:15.6,-0.217,0.323,0.08,38:15.6,68.82667933,-105.4262028
38:15.8,-0.276,0.31,0.077,38:15.8,68.91790285,-105.4307468
38:16.0,-0.266,0.338,0.09,38:16.1,69.04015408,-105.4279272
38:16.3,-0.277,0.366,0.092,38:16.3,69.14139264,-105.4304573
38:16.5,-0.344,0.304,0.059,38:16.5,69.24387646,-105.432951
38:16.7,-0.375,0.339,0.069,38:16.7,69.36946702,-105.4376819
38:17.0,-0.395,0.398,0.06,38:16.9,69.50025629,-105.4450899
38:17.2,-0.336,0.246,0.073,38:17.2,69.63195598,-105.4470807
38:17.4,-0.296,0.31,0.081,38:17.4,69.738758,-105.4564834
38:17.6,-0.423,0.321,0.062,38:17.6,69.86913458,-105.4635609
38:17.8,-0.378,0.324,0.071,38:17.8,69.97969914,-105.4657974
38:18.1,-0.292,0.369,0.096,38:18.1,70.11662239,-105.4704047
38:18.3,-0.361,0.421,0.093,38:18.3,70.24295468,-105.4716059
38:18.5,-0.268,0.432,0.089,38:18.5,70.34325922,-105.47146
38:18.7,-0.299,0.39,0.065,38:18.7,70.47006729,-105.4702563
38:19.0,-0.298,0.279,0.045,38:18.9,70.5667344,-105.4671419
38:19.2,-0.266,0.237,0.085,38:19.2,70.71367002,-105.4681344
38:19.4,-0.401,0.273,0.058,38:19.4,70.81714031,-105.4639068
38:19.6,-0.365,0.422,0.051,38:19.7,70.93848095,-105.4635623
38:19.9,-0.255,0.421,0.028,38:19.9,71.03756902,-105.4671306
38:20.1,-0.412,0.392,0.051,38:20.1,71.13524888,-105.4684476
38:20.3,-0.332,0.24,0.036,38:20.3,71.2833257,-105.4728279
38:20.5,-0.455,0.33,0.065,38:20.5,71.38332273,-105.4780828
38:20.8,-0.29,0.319,0.042,38:20.7,71.48238915,-105.482843
38:21.0,-0.313,0.334,0.073,38:21.0,71.60630652,-105.4936936
38:21.2,-0.37,0.353,0.039,38:21.2,71.73253848,-105.504967
38:21.5,-0.327,0.356,0.059,38:21.5,71.85691776,-105.5148243
38:21.7,-0.361,0.273,0.037,38:21.7,71.95469598,-105.5206038
38:21.9,-0.351,0.375,0.057,38:21.9,72.07570515,-105.5294596
38:22.1,-0.406,0.366,0.125,38:22.1,72.16990285,-105.5351232
38:22.3,-0.385,0.29,0.094,38:22.3,72.26560486,-105.5384833
38:22.6,-0.279,0.302,0.062,38:22.6,72.41239775,-105.5395006
38:22.8,-0.354,0.253,0.076,38:22.8,72.51187684,-105.538671
38:23.0,-0.267,0.275,0.051,38:23.0,72.63559591,-105.5376005
38:23.2,-0.168,0.234,0.098,38:23.2,72.74825767,-105.5268996
38:23.5,-0.26,0.247,0.104,38:23.4,72.85484613,-105.528633
38:23.7,-0.377,0.338,0.076,38:23.7,72.99540047,-105.5193241
38:23.9,-0.388,0.376,0.1,38:23.9,73.11007178,-105.5156502
38:24.1,-0.385,0.338,0.045,38:24.1,73.21829385,-105.5161152
38:24.4,-0.305,0.398,0.025,38:24.4,73.34670831,-105.5166134
38:24.6,-0.377,0.469,0.083,38:24.6,73.45910807,-105.5173787
38:24.8,-0.298,0.39,0.068,38:24.8,73.59601421,-105.5199384
38:25.0,-0.365,0.306,0,38:25.0,73.70296731,-105.5186698
38:25.2,-0.311,0.388,0.083,38:25.2,73.81198133,-105.5191169
38:25.5,-0.444,0.248,0.047,38:25.5,73.93785561,-105.5204138
38:25.7,-0.396,0.309,0.081,38:25.7,74.04389594,-105.5255415
38:25.9,-0.307,0.34,0.081,38:26.0,74.19452149,-105.5356255
38:26.2,-0.416,0.296,0.093,38:26.2,74.29330505,-105.5490001
38:26.4,-0.42,0.331,0.054,38:26.4,74.38778812,-105.5633242
38:26.6,-0.314,0.381,0.104,38:26.6,74.50817725,-105.5738254
38:26.8,-0.306,0.304,0.051,38:26.8,74.63079837,-105.5875815
38:27.1,-0.295,0.236,0.098,38:27.1,74.75133314,-105.5972685
38:27.3,-0.297,0.338,0.039,38:27.3,74.85109693,-105.6072716
38:27.5,-0.257,0.202,0.031,38:27.5,74.96940987,-105.6147883
38:27.7,-0.433,0.262,0.083,38:27.7,75.06052344,-105.627913
38:27.9,-0.359,0.327,0.054,38:28.0,75.18020592,-105.6294164
38:28.2,-0.395,0.3,0.124,38:28.2,75.30321196,-105.6332021
38:28.4,-0.384,0.308,0.08,38:28.4,75.40845152,-105.6362431
38:28.6,-0.422,0.392,0.075,38:28.6,75.53594392,-105.6352141
38:28.8,-0.306,0.253,0.033,38:28.8,75.66591499,-105.6356863
38:29.1,-0.41,0.261,0.03,38:29.1,75.77613583,-105.6399114
38:29.3,-0.342,0.327,0.081,38:29.3,75.91394886,-105.6301149
38:29.5,-0.397,0.233,0.056,38:29.5,76.02387376,-105.6204714
38:29.7,-0.272,0.366,0.072,38:29.7,76.1318481,-105.6220771
38:30.0,-0.289,0.323,0.073,38:30.0,76.25098483,-105.6070672
38:30.2,-0.43,0.365,0.052,38:30.2,76.36063741,-105.6069239
38:30.4,-0.153,0.283,0.055,38:30.4,76.48327211,-105.6045888
38:30.7,-0.201,0.342,0.046,38:30.6,76.5769538,-105.6051433
38:30.9,-0.257,0.345,0.032,38:30.9,76.69223098,-105.6023398
38:31.1,-0.268,0.35,0.041,38:31.1,76.79270897,-105.6041222
38:31.3,-0.402,0.348,0.042,38:31.3,76.90055018,-105.6144701
38:31.6,-0.374,0.282,0.043,38:31.6,77.01985856,-105.6255638
38:31.8,-0.461,0.295,0.03,38:31.8,77.13406796,-105.6374405
38:32.0,-0.28,0.298,0.072,38:32.0,77.22757822,-105.6523401
38:32.2,-0.541,0.316,0.067,38:32.2,77.32060257,-105.6653234
38:32.5,-0.295,0.41,0.059,38:32.4,77.43747855,-105.6788746
38:32.7,-0.285,0.354,0.014,38:32.7,77.58375744,-105.6947996
38:32.9,-0.334,0.186,0.044,38:32.9,77.67997259,-105.7021604
38:33.1,-0.352,0.338,0.069,38:33.2,77.81291737,-105.7181948
38:33.4,-0.291,0.36,0.042,38:33.4,77.91680876,-105.7192767
38:33.6,-0.332,0.294,0.049,38:33.6,78.02520385,-105.7198304
38:33.8,-0.36,0.377,0.047,38:33.8,78.15407236,-105.7166403
38:34.0,-0.309,0.356,0.074,38:34.1,78.28091117,-105.7206784
38:34.3,-0.404,0.364,0.061,38:34.2,78.38833464,-105.7222054
38:34.5,-0.314,0.361,0.087,38:34.5,78.51621071,-105.7227291
38:34.7,-0.239,0.29,0.06,38:34.7,78.61719753,-105.7155722
38:35.0,-0.38,0.262,0.083,38:35.0,78.76124205,-105.7168808
38:35.2,-0.247,0.408,0.114,38:35.2,78.86107551,-105.7201921
38:35.4,-0.369,0.287,0.116,38:35.4,78.98398783,-105.7231002
38:35.6,-0.281,0.189,0.109,38:35.6,79.07783786,-105.7164621
38:35.8,-0.306,0.269,0.058,38:35.8,79.19537645,-105.7151268
38:36.1,-0.41,0.298,0.064,38:36.1,79.31350844,-105.7119615
38:36.3,-0.217,0.305,0.038,38:36.3,79.40293831,-105.7088058
38:36.5,-0.384,0.259,0.04,38:36.5,79.49121228,-105.709853
38:36.7,-0.33,0.41,0.044,38:36.7,79.60717683,-105.7090061
38:36.9,-0.388,0.36,0.07,38:36.9,79.70565914,-105.7104814
38:37.2,-0.305,0.392,0.036,38:37.2,79.82837217,-105.713852
38:37.4,-0.329,0.397,0.001,38:37.4,79.95351572,-105.717381
38:37.6,-0.344,0.374,0.082,38:37.6,80.05795719,-105.7174076
38:37.8,-0.348,0.384,0.058,38:37.9,80.18888711,-105.7202721
38:38.1,-0.368,0.41,0.056,38:38.1,80.29972519,-105.7263144
38:38.3,-0.436,0.394,-0.018,38:38.3,80.44272902,-105.7349147
38:38.5,-0.416,0.26,0.036,38:38.5,80.58734673,-105.7491025
38:38.7,-0.319,0.22,0.056,38:38.7,80.70462196,-105.7547798
38:39.0,-0.271,0.351,0.07,38:38.9,80.81604464,-105.7671151
38:39.2,-0.465,0.208,0.049,38:39.2,80.95962571,-105.7777825
38:39.4,-0.405,0.309,0.056,38:39.4,81.0928226,-105.7883536
38:39.7,-0.485,0.245,0.038,38:39.7,81.22628268,-105.7978237
38:39.9,-0.291,0.245,0.083,38:39.9,81.32807633,-105.8053587
38:40.1,-0.313,0.303,0.091,38:40.1,81.45825143,-105.8095389
38:40.3,-0.314,0.297,0.118,38:40.3,81.5550898,-105.8109241
38:40.5,-0.202,0.211,0.119,38:40.5,81.65967371,-105.8062937
38:40.8,-0.209,0.339,0.097,38:40.8,81.77057355,-105.8104151
38:41.0,-0.289,0.167,0.097,38:41.0,81.87689519,-105.8018078
38:41.2,-0.255,0.235,0.061,38:41.2,81.96294221,-105.7895079
38:41.4,-0.332,0.321,0.099,38:41.4,82.04737645,-105.780451
38:41.7,-0.298,0.32,0.018,38:41.7,82.16140369,-105.7644651
38:41.9,-0.369,0.32,0.042,38:41.9,82.26908938,-105.7556063
38:42.1,-0.317,0.402,0.025,38:42.1,82.38693801,-105.7486652
38:42.4,-0.318,0.34,0.028,38:42.3,82.48156525,-105.741577
38:42.6,-0.435,0.25,0.016,38:42.6,82.60478236,-105.7355512
38:42.8,-0.459,0.311,0.009,38:42.8,82.7130166,-105.7339511
38:43.0,-0.365,0.46,0.078,38:43.1,82.86732448,-105.7425082
38:43.3,-0.336,0.323,0.021,38:43.3,82.97513382,-105.7497949
38:43.5,-0.394,0.134,0.064,38:43.5,83.10609453,-105.7615647
38:43.7,-0.399,0.314,0.105,38:43.7,83.20694717,-105.780711
38:43.9,-0.293,0.303,0.057,38:43.9,83.31470813,-105.7981544
38:44.2,-0.317,0.203,0.07,38:44.2,83.46243746,-105.8151763
38:44.4,-0.246,0.22,0.089,38:44.4,83.56544014,-105.8318152
38:44.6,-0.269,0.121,0.132,38:44.6,83.6572677,-105.8503061
38:44.8,-0.312,0.229,0.082,38:44.8,83.77828163,-105.8653304
38:45.1,-0.376,0.321,0.077,38:45.0,83.87456892,-105.8766204
38:45.3,-0.409,0.368,0.028,38:45.3,84.01162958,-105.8922424
38:45.5,-0.317,0.315,0.07,38:45.5,84.1026058,-105.8998805
38:45.7,-0.364,0.376,0.067,38:45.8,84.22303938,-105.8982026
38:46.0,-0.328,0.344,0.067,38:46.0,84.31428698,-105.8983262
38:46.2,-0.319,0.289,0.079,38:46.2,84.42618654,-105.9005267
38:46.4,-0.42,0.304,0.089,38:46.4,84.53491558,-105.8952788
38:46.7,-0.318,0.335,0.075,38:46.6,84.6314553,-105.8853742
38:46.9,-0.366,0.334,0.089,38:46.9,84.74247481,-105.8787898
38:47.1,-0.29,0.257,0.091,38:47.1,84.85822024,-105.8731828
38:47.3,-0.355,0.188,0.067,38:47.3,84.95347999,-105.8643987
38:47.6,-0.353,0.27,0.068,38:47.6,85.09284042,-105.857651
38:47.8,-0.263,0.225,0.026,38:47.8,85.18953286,-105.8535559
38:48.0,-0.338,0.282,0.034,38:48.0,85.31278283,-105.8463484
38:48.2,-0.42,0.38,-0.01,38:48.2,85.41315876,-105.8436812
38:48.5,-0.323,0.502,0.041,38:48.4,85.51637623,-105.8398137
38:48.7,-0.456,0.268,-0.02,38:48.7,85.66920521,-105.8424951
38:48.9,-0.424,0.268,0.064,38:48.9,85.78013652,-105.8450153
38:49.2,-0.407,0.416,0.009,38:49.2,85.91704092,-105.853537
38:49.4,-0.467,0.357,0.022,38:49.4,86.03821215,-105.8644552
38:49.6,-0.455,0.237,0.031,38:49.6,86.15541519,-105.8731052
38:49.8,-0.478,0.288,0.073,38:49.8,86.28976905,-105.8877868
38:50.0,-0.391,0.35,0.052,38:50.0,86.42328559,-105.8995609
38:50.3,-0.338,0.314,0.093,38:50.2,86.53436716,-105.9122794
38:50.5,-0.421,0.266,0.046,38:50.5,86.66897902,-105.9272185
38:50.7,-0.312,0.282,0.108,38:50.7,86.77226552,-105.9410256
38:50.9,-0.288,0.251,0.114,38:50.9,86.89857356,-105.9554968
38:51.2,-0.267,0.267,0.087,38:51.2,87.01816394,-105.9594503
38:51.4,-0.373,0.223,0.097,38:51.4,87.10242995,-105.962751
38:51.6,-0.292,0.316,0.123,38:51.6,87.20867463,-105.9667959
38:51.8,-0.29,0.274,0.103,38:51.8,87.29188491,-105.9603874
38:52.0,-0.295,0.223,0.085,38:52.0,87.40354104,-105.957999
38:52.3,-0.323,0.32,0.053,38:52.3,87.51726282,-105.9452141
38:52.5,-0.293,0.234,0.053,38:52.5,87.620159,-105.9403009
38:52.7,-0.357,0.37,0.025,38:52.7,87.71451814,-105.9360571
38:52.9,-0.351,0.339,0.059,38:52.9,87.80426152,-105.9358885
38:53.2,-0.401,0.387,0.058,38:53.2,87.92258381,-105.9279447
38:53.4,-0.396,0.349,0.05,38:53.4,88.04402853,-105.928902
38:53.6,-0.463,0.405,0.052,38:53.7,88.17262718,-105.9387379
38:53.9,-0.427,0.289,0.074,38:53.8,88.28366087,-105.9452035
38:54.1,-0.473,0.265,0.047,38:54.1,88.41998804,-105.9552854
38:54.3,-0.346,0.345,0.047,38:54.3,88.53768507,-105.9583207
38:54.6,-0.376,0.313,0.045,38:54.6,88.70132437,-105.9727064
38:54.8,-0.272,0.237,0.054,38:54.8,88.81656036,-105.9800247
38:55.0,-0.443,0.266,0.01,38:55.0,88.92677871,-105.9915016
38:55.2,-0.304,0.345,0.072,38:55.2,89.06161547,-105.9999634
38:55.4,-0.411,0.43,0.085,38:55.4,89.19641939,-106.0108476
38:55.7,-0.277,0.251,0.005,38:55.7,89.32326651,-106.016822
38:55.9,-0.361,0.266,0.084,38:55.9,89.42158282,-106.0247321
38:56.1,-0.275,0.227,0.11,38:56.1,89.52624382,-106.0254649
38:56.3,-0.278,0.289,0.069,38:56.3,89.64908296,-106.0264008
38:56.6,-0.316,0.326,0.051,38:56.6,89.76714734,-106.0264853
38:56.8,-0.281,0.243,0.065,38:56.8,89.87785964,-106.0284774
38:57.0,-0.318,0.291,0.092,38:57.0,89.97093574,-106.0348549
38:57.2,-0.343,0.173,0.09,38:57.2,90.06245225,-106.0377297
38:57.5,-0.366,0.374,0.074,38:57.5,90.17703738,-106.0457369
38:57.7,-0.392,0.177,0.075,38:57.7,90.29338012,-106.0540047
38:57.9,-0.295,0.211,0.075,38:57.9,90.41503245,-106.0514694
38:58.2,-0.307,0.314,0.078,38:58.2,90.50925488,-106.05463
38:58.4,-0.265,0.262,0.104,38:58.4,90.62525216,-106.0599144
38:58.6,-0.248,0.289,0.054,38:58.6,90.71827135,-106.0624154
38:58.8,-0.292,0.345,0.079,38:58.8,90.83294448,-106.0662041
38:59.1,-0.37,0.368,0.064,38:59.1,90.95406783,-106.0640456
38:59.3,-0.337,0.23,0.075,38:59.3,91.07505421,-106.0626313
38:59.5,-0.37,0.281,0.061,38:59.5,91.17011736,-106.0677763
38:59.7,-0.332,0.26,0.09,38:59.7,91.2644653,-106.0669674
38:59.9,-0.341,0.252,0.098,38:59.9,91.38941246,-106.0587301
39:00.2,-0.335,0.374,0.052,39:00.2,91.53428529,-106.0581737
39:00.4,-0.307,0.225,0.054,39:00.4,91.6299812,-106.0631156
39:00.7,-0.351,0.305,0.005,39:00.6,91.73702067,-106.0697299
39:00.9,-0.303,0.156,0.031,39:00.9,91.85799235,-106.0683451
39:01.1,-0.207,0.284,0.114,39:01.1,91.95626207,-106.0714811
39:01.3,-0.403,0.195,0.04,39:01.4,92.1057009,-106.0663144
39:01.6,-0.31,0.278,0.079,39:01.6,92.20899912,-106.0677334
39:01.8,-0.447,0.313,0.117,39:01.8,92.32595687,-106.0694956
39:02.0,-0.334,0.302,0.08,39:02.0,92.44591216,-106.0724734
39:02.2,-0.299,0.317,0.06,39:02.2,92.54225053,-106.0745249
39:02.5,-0.25,0.283,0.049,39:02.5,92.66750367,-106.0762169
39:02.7,-0.297,0.317,0.117,39:02.7,92.79090671,-106.0780985
39:02.9,-0.227,0.344,0.067,39:02.9,92.89545253,-106.0799368
39:03.1,-0.319,0.352,0.057,39:03.2,93.02657032,-106.0875457
39:03.4,-0.382,0.33,0.056,39:03.4,93.13150614,-106.0958003
39:03.6,-0.382,0.249,0.061,39:03.6,93.28882763,-106.106874
39:03.9,-0.355,0.343,0.079,39:03.8,93.38902053,-106.1185002
39:04.1,-0.323,0.239,0.052,39:04.1,93.51571829,-106.1314295
39:04.3,-0.377,0.304,0.052,39:04.3,93.62026756,-106.1456285
39:04.5,-0.387,0.325,0.086,39:04.5,93.75410384,-106.1575138
39:04.8,-0.306,0.333,0.072,39:04.8,93.87695341,-106.1625509
39:05.0,-0.338,0.203,0.081,39:05.0,93.97205586,-106.1636553
39:05.2,-0.254,0.25,0.076,39:05.2,94.08578253,-106.1664313
39:05.4,-0.213,0.321,0.076,39:05.4,94.17482046,-106.1702763
39:05.6,-0.298,0.153,0.088,39:05.6,94.28741242,-106.1633486
39:05.9,-0.23,0.256,0.086,39:05.9,94.40191526,-106.1625629
39:06.1,-0.254,0.311,0.07,39:06.1,94.51417489,-106.1594316
39:06.4,-0.354,0.26,0.098,39:06.3,94.60444401,-106.1520427
39:06.6,-0.287,0.303,0.058,39:06.6,94.72224901,-106.1426545
39:06.8,-0.311,0.242,0.044,39:06.8,94.81488514,-106.1381049
39:07.0,-0.297,0.344,0.069,39:07.1,94.95884927,-106.136287
39:07.3,-0.392,0.467,0.017,39:07.3,95.07011353,-106.1357443
39:07.5,-0.296,0.24,0.02,39:07.5,95.18272964,-106.140104
39:07.7,-0.342,0.342,0.02,39:07.7,95.33158382,-106.1412717
39:07.9,-0.424,0.302,0.057,39:07.9,95.47059917,-106.1483971
39:08.2,-0.343,0.398,0.02,39:08.2,95.62218386,-106.1617422
39:08.4,-0.345,0.302,0.052,39:08.4,95.73853255,-106.1740385
39:08.6,-0.349,0.291,0.036,39:08.6,95.87472941,-106.1881899
39:08.8,-0.362,0.374,0.107,39:08.8,95.9856589,-106.2049935
39:09.0,-0.34,0.241,0.099,39:09.1,96.12509833,-106.2144232
39:09.3,-0.378,0.299,0.12,39:09.3,96.26041002,-106.2306032
39:09.5,-0.258,0.208,0.091,39:09.5,96.35694263,-106.2441896
39:09.7,-0.301,0.326,0.12,39:09.7,96.47100022,-106.2588612
39:10.0,-0.451,0.284,0.051,39:09.9,96.56179233,-106.2620239
39:10.2,-0.247,0.173,0.066,39:10.2,96.67165661,-106.2673567
39:10.4,-0.245,0.192,0.069,39:10.4,96.77859676,-106.2630568
39:10.6,-0.251,0.216,0.044,39:10.6,96.85941847,-106.2598021
39:10.9,-0.208,0.324,0.052,39:10.9,96.96039749,-106.2505008
39:11.1,-0.179,0.256,0.062,39:11.1,97.04629695,-106.2446417
39:11.3,-0.116,0.394,0.087,39:11.3,97.14717692,-106.234656
39:11.5,-0.326,0.256,0.11,39:11.5,97.23388181,-106.2288813
39:11.8,-0.312,0.4,0.071,39:11.8,97.36684314,-106.2163232
39:12.0,-0.358,0.372,0.067,39:12.0,97.45503672,-106.2125868
39:12.2,-0.425,0.342,0.069,39:12.2,97.57281463,-106.2034806
39:12.4,-0.278,0.294,0.048,39:12.4,97.6772313,-106.1919112
39:12.6,-0.294,0.291,0.062,39:12.6,97.78412653,-106.1974265
39:12.9,-0.422,0.155,0.052,39:12.9,97.94375819,-106.1913955
39:13.1,-0.431,0.39,0.044,39:13.1,98.0542262,-106.1900077
39:13.3,-0.343,0.312,0.05,39:13.4,98.18751733,-106.1942622
39:13.6,-0.389,0.42,0.043,39:13.5,98.3052535,-106.2016785
39:13.8,-0.349,0.33,0.119,39:13.8,98.44495629,-106.2126368
39:14.0,-0.262,0.315,0.114,39:14.0,98.5832057,-106.2363561
39:14.2,-0.317,0.277,0.09,39:14.2,98.69574681,-106.2479722
39:14.5,-0.391,0.325,0.039,39:14.5,98.82555715,-106.2583612
39:14.7,-0.269,0.304,0.091,39:14.7,98.94980334,-106.2668535
39:14.9,-0.373,0.242,0.104,39:14.9,99.04786145,-106.2801069
39:15.2,-0.346,0.331,0.106,39:15.1,99.16813077,-106.2935991
39:15.4,-0.254,0.305,0.074,39:15.4,99.27961641,-106.3093618
39:15.6,-0.235,0.183,0.075,39:15.6,99.36584985,-106.3164289
39:15.8,-0.238,0.361,0.098,39:15.8,99.47912494,-106.3237769
39:16.0,-0.178,0.29,0.088,39:16.0,99.56341891,-106.3212135
39:16.3,-0.268,0.2,0.096,39:16.3,99.67061334,-106.3214175
39:16.5,-0.203,0.289,0.096,39:16.5,99.77787362,-106.3208373
39:16.7,-0.3,0.387,0.083,39:16.7,99.86530585,-106.3094997
39:17.0,-0.258,0.267,0.064,39:17.0,99.97586135,-106.3000759
39:17.2,-0.163,0.339,0.104,39:17.2,100.069767,-106.2908584
39:17.4,-0.299,0.409,0.08,39:17.4,100.2154445,-106.2793966
39:17.7,-0.327,0.266,0.062,39:17.6,100.3112815,-106.2723768
39:17.9,-0.328,0.286,0.071,39:17.9,100.4334377,-106.2625092
39:18.1,-0.191,0.412,0.05,39:18.1,100.5366316,-106.2614565
39:18.3,-0.299,0.36,0.051,39:18.3,100.663209,-106.2617414
39:18.6,-0.373,0.321,0.045,39:18.6,100.7952607,-106.2649999
39:18.8,-0.427,0.382,0.082,39:18.8,100.9073508,-106.274781
39:19.0,-0.3,0.201,0.066,39:19.0,101.0430093,-106.2835479
39:19.2,-0.461,0.221,0.069,39:19.2,101.157077,-106.3042984
39:19.4,-0.348,0.253,0.09,39:19.4,101.2956632,-106.3266889
39:19.7,-0.396,0.346,0.069,39:19.7,101.4508309,-106.3362369
39:19.9,-0.322,0.384,0.053,39:19.9,101.554533,-106.3546855
39:20.2,-0.492,0.335,0.09,39:20.1,101.6624688,-106.367565
39:20.4,-0.404,0.374,0.141,39:20.4,101.7995791,-106.384182
39:20.6,-0.425,0.313,0.103,39:20.6,101.9053053,-106.3959771
39:20.8,-0.347,0.407,0.094,39:20.8,102.0590588,-106.4077106
39:21.1,-0.357,0.361,0.073,39:21.1,102.1610344,-106.4090899
39:21.3,-0.345,0.195,0.032,39:21.3,102.2854297,-106.409482
39:21.5,-0.225,0.223,0.083,39:21.5,102.3811012,-106.4065404
39:21.7,-0.217,0.378,0.119,39:21.7,102.4895991,-106.4007613
39:22.0,-0.313,0.276,0.074,39:22.0,102.600132,-106.3929559
39:22.2,-0.258,0.226,0.071,39:22.2,102.6942177,-106.3881533
39:22.4,-0.34,0.256,0.092,39:22.4,102.8098525,-106.3822805
39:22.6,-0.267,0.3,0.019,39:22.7,102.9187522,-106.3686179
39:22.9,-0.268,0.397,0.065,39:22.9,103.0062498,-106.364106
39:23.1,-0.282,0.308,0.055,39:23.1,103.1379355,-106.3576647
39:23.3,-0.284,0.287,0.011,39:23.3,103.2306632,-106.3568828
39:23.6,-0.237,0.255,0.077,39:23.5,103.3186557,-106.3500533
39:23.8,-0.484,0.394,-0.005,39:23.8,103.4393521,-106.3505345
39:24.0,-0.399,0.266,0.083,39:24.0,103.5418831,-106.3516167
39:24.2,-0.331,0.379,0.058,39:24.3,103.6880712,-106.3618692
39:24.5,-0.517,0.328,-0.002,39:24.5,103.7952279,-106.3712568
39:24.7,-0.409,0.212,0.053,39:24.7,103.9092792,-106.3866987
39:24.9,-0.411,0.394,0.059,39:24.9,104.0416555,-106.4044721
39:25.1,-0.356,0.298,0.065,39:25.1,104.1526369,-106.4092637
39:25.4,-0.441,0.331,0.068,39:25.4,104.3187781,-106.4271303
39:25.6,-0.462,0.271,0.092,39:25.6,104.4331652,-106.4415927
39:25.8,-0.377,0.333,0.064,39:25.8,104.5777492,-106.4580804
39:26.0,-0.335,0.313,0.072,39:26.0,104.6876683,-106.4766265
39:26.3,-0.402,0.195,0.061,39:26.2,104.7952367,-106.4862404
39:26.5,-0.392,0.27,0.09,39:26.5,104.9539504,-106.4977491
39:26.7,-0.298,0.254,0.002,39:26.7,105.054276,-106.5071912
39:26.9,-0.306,0.176,0.065,39:27.0,105.1683403,-106.5124758
39:27.2,-0.375,0.149,0.08,39:27.2,105.265679,-106.5084408
39:27.4,-0.185,0.386,0.142,39:27.4,105.3777695,-106.4998239
39:27.6,-0.056,0.236,0.079,39:27.6,105.4630302,-106.4916841
39:27.9,-0.177,0.292,0.061,39:27.9,105.590375,-106.4778368
39:28.1,-0.178,0.26,0.074,39:28.1,105.6709559,-106.4625829
39:28.3,-0.181,0.26,0.122,39:28.3,105.7484624,-106.4489511
39:28.5,-0.288,0.264,0.132,39:28.5,105.8524485,-106.4315327
39:28.7,-0.286,0.273,0.118,39:28.8,105.956245,-106.417091
39:29.0,-0.323,0.363,0.057,39:29.0,106.0639511,-106.4064591
39:29.2,-0.222,0.305,-0.021,39:29.2,106.1494007,-106.4006318
39:29.4,-0.374,0.441,-0.038,39:29.4,106.2586448,-106.3962714
39:29.7,-0.334,0.376,0.028,39:29.6,106.3617147,-106.398538
39:29.9,-0.353,0.334,0.025,39:29.9,106.4846347,-106.4133878
39:30.1,-0.463,0.228,-0.006,39:30.1,106.6180486,-106.419411
39:30.3,-0.383,0.251,0.046,39:30.3,106.7298858,-106.4365996
39:30.6,-0.4,0.288,0.036,39:30.6,106.8740392,-106.4604891
39:30.8,-0.466,0.368,0.021,39:30.8,107.0185691,-106.484449
39:31.0,-0.478,0.351,0.013,39:31.0,107.1359399,-106.5131426
39:31.3,-0.379,0.177,0.087,39:31.2,107.2764562,-106.5423286
39:31.5,-0.454,0.384,0.097,39:31.5,107.3881149,-106.5695033
39:31.7,-0.422,0.343,0.037,39:31.7,107.5264089,-106.590171
39:31.9,-0.373,0.381,0.065,39:31.9,107.6350564,-106.6028768
39:32.1,-0.21,0.266,0.038,39:32.1,107.7612122,-106.6188716
39:32.4,-0.256,0.241,0.071,39:32.4,107.8864547,-106.6242943
39:32.6,-0.435,0.351,0.098,39:32.6,107.977109,-106.6214793
39:32.8,-0.309,0.271,0.052,39:32.8,108.0901369,-106.6196595
39:33.0,-0.271,0.289,0.084,39:33.0,108.1757388,-106.5985402
39:33.2,-0.241,0.253,0.083,39:33.2,108.2761007,-106.5816256
39:33.5,-0.189,0.35,0.044,39:33.5,108.373862,-106.5499436
39:33.7,-0.211,0.327,0.097,39:33.7,108.4728784,-106.524144
39:34.0,-0.095,0.247,0.04,39:34.0,108.5827702,-106.500348
39:34.2,-0.146,0.356,0.085,39:34.2,108.6633191,-106.4781918
39:34.4,-0.145,0.387,0.038,39:34.4,108.7666654,-106.4547685
39:34.6,-0.262,0.303,0.057,39:34.7,108.8755735,-106.4322209
39:34.9,-0.178,0.341,0.01,39:34.9,108.970705,-106.4270357
39:35.1,-0.379,0.467,0.017,39:35.1,109.0871537,-106.4264306
39:35.3,-0.383,0.361,0.012,39:35.3,109.184658,-106.4324443
39:35.5,-0.358,0.404,0.006,39:35.5,109.315274,-106.4475997
39:35.8,-0.498,0.288,-0.029,39:35.8,109.4422398,-106.4720459
39:36.0,-0.486,0.226,0.052,39:36.0,109.5588007,-106.5034031
39:36.2,-0.415,0.391,0.054,39:36.2,109.7063882,-106.5344833
39:36.4,-0.418,0.302,0.025,39:36.4,109.8321934,-106.5631864
39:36.6,-0.447,0.364,0.024,39:36.6,109.9544692,-106.5978539
39:36.9,-0.549,0.328,-0.015,39:36.9,110.1013336,-106.6311533
39:37.1,-0.376,0.26,-0.061,39:37.1,110.2436119,-106.6586735
39:37.3,-0.292,0.184,0.032,39:37.3,110.3445315,-106.6830422
39:37.5,-0.279,0.304,0.051,39:37.5,110.4791041,-106.6968418
39:37.8,-0.334,0.347,0.056,39:37.7,110.5748843,-106.7084128
39:38.0,-0.282,0.303,0.048,39:38.0,110.6946153,-106.7095591
39:38.2,-0.289,0.351,0.029,39:38.2,110.8064435,-106.7063414
39:38.5,-0.248,0.193,0.045,39:38.5,110.9072839,-106.690614
39:38.7,-0.157,0.333,0.073,39:38.7,110.9860516,-106.6705391
39:38.9,-0.295,0.366,0.068,39:38.9,111.0822294,-106.6474559
39:39.1,-0.025,0.392,0.106,39:39.1,111.1856869,-106.6152603
39:39.4,-0.278,0.433,0.076,39:39.4,111.2894728,-106.5873763
39:39.6,-0.228,0.344,0.068,39:39.6,111.37101,-106.5557864
39:39.8,-0.285,0.247,0.092,39:39.8,111.4768187,-106.530531
39:40.0,-0.344,0.366,0.065,39:40.0,111.5701574,-106.5108182
39:40.3,-0.27,0.361,0,39:40.3,111.684257,-106.4946269
39:40.5,-0.342,0.395,0.045,39:40.5,111.8066868,-106.4847511
39:40.7,-0.471,0.407,0.014,39:40.8,111.9290609,-106.4902369
39:41.0,-0.408,0.248,-0.026,39:41.0,112.0361899,-106.4935227
39:41.2,-0.45,0.358,0.003,39:41.2,112.1696848,-106.5107873
39:41.4,-0.411,0.332,0.017,39:41.4,112.2796922,-106.5317356
39:41.7,-0.437,0.252,-0.015,39:41.7,112.4425569,-106.5571525
39:41.9,-0.386,0.286,-0.042,39:41.9,112.5595935,-106.5815296
39:42.1,-0.361,0.359,-0.031,39:42.1,112.6751672,-106.6145192
39:42.3,-0.342,0.342,0,39:42.3,112.8133278,-106.6472811
39:42.5,-0.232,0.356,-0.024,39:42.6,112.9530999,-106.6814999
39:42.8,-0.387,0.201,0.046,39:42.8,113.0857232,-106.7105894
39:43.0,-0.304,0.325,0.022,39:43.0,113.1920601,-106.7306898
39:43.2,-0.373,0.299,0.056,39:43.2,113.3135679,-106.7487394
39:43.5,-0.288,0.214,0.007,39:43.4,113.4088386,-106.7586396
39:43.7,-0.212,0.33,0.056,39:43.7,113.5192075,-106.7646149
39:43.9,-0.176,0.258,0.085,39:43.9,113.627117,-106.7630247
39:44.2,-0.222,0.272,0.072,39:44.2,113.7282148,-106.7500387
39:44.4,-0.134,0.194,0.058,39:44.4,113.7990373,-106.731454
39:44.6,-0.132,0.3,0.081,39:44.6,113.8942213,-106.7062891
39:44.8,-0.239,0.226,0.079,39:44.8,113.9642594,-106.6891946
39:45.1,-0.227,0.234,0.03,39:45.1,114.0684432,-106.6599698
39:45.3,-0.231,0.3,0.074,39:45.3,114.1478492,-106.63192
39:45.5,-0.234,0.318,0.077,39:45.5,114.2318547,-106.6107507
39:45.7,-0.219,0.358,0.021,39:45.7,114.3366009,-106.5922253
39:46.0,-0.266,0.499,0.07,39:46.0,114.4479095,-106.5796632
39:46.2,-0.3,0.413,-0.007,39:46.2,114.5659078,-106.5694507
39:46.4,-0.446,0.37,-0.048,39:46.4,114.6780449,-106.565165
39:46.7,-0.488,0.381,-0.046,39:46.7,114.811163,-106.5695371
39:46.9,-0.425,0.337,-0.033,39:46.9,114.9531777,-106.5801611
39:47.1,-0.484,0.332,-0.041,39:47.1,115.0758171,-106.5951628
39:47.3,-0.42,0.359,0.005,39:47.3,115.2311098,-106.6204714
39:47.6,-0.497,0.336,-0.014,39:47.5,115.3531436,-106.6518628
39:47.8,-0.376,0.258,0.005,39:47.8,115.4995423,-106.6773923
39:48.0,-0.371,0.25,0.046,39:48.0,115.6446125,-106.7074402
39:48.2,-0.41,0.188,0.022,39:48.2,115.7582405,-106.7348751
39:48.5,-0.471,0.216,0.02,39:48.5,115.8964919,-106.7666784
39:48.7,-0.473,0.228,0.064,39:48.7,116.0190537,-106.7919028
39:48.9,-0.12,0.328,0.076,39:48.9,116.1117061,-106.8110119
39:49.1,-0.215,0.227,0.036,39:49.1,116.2237664,-106.8225351
39:49.3,-0.268,0.315,0.067,39:49.3,116.3037441,-106.8263876
39:49.6,-0.178,0.268,0.039,39:49.6,116.4281138,-106.8258367
39:49.8,-0.193,0.272,0.013,39:49.8,116.4993939,-106.8164452
39:50.1,-0.151,0.295,0.046,39:50.1,116.5900853,-106.8052658
39:50.3,-0.234,0.298,0.094,39:50.3,116.6671273,-106.7849637
39:50.5,-0.182,0.383,0.046,39:50.5,116.7626011,-106.7604869
39:50.7,-0.231,0.362,0.058,39:50.7,116.8620191,-106.7361902
39:51.0,-0.28,0.413,0.121,39:51.0,116.9492799,-106.715605
39:51.2,-0.297,0.293,0.017,39:51.2,117.0552354,-106.6961024
39:51.4,-0.337,0.456,0.03,39:51.4,117.1443249,-106.679032
39:51.6,-0.347,0.46,0.043,39:51.6,117.2652512,-106.6687515
39:51.9,-0.309,0.226,0.015,39:51.9,117.3868953,-106.6628341
39:52.1,-0.351,0.374,0.025,39:52.1,117.5150921,-106.6613503
39:52.3,-0.484,0.335,0.06,39:52.4,117.6490959,-106.6654759
39:52.5,-0.473,0.303,0.03,39:52.6,117.7666595,-106.6731345
39:52.8,-0.386,0.341,0.048,39:52.8,117.8857751,-106.6875098
39:53.0,-0.454,0.317,0.036,39:53.0,118.0519151,-106.7138713
39:53.2,-0.425,0.338,-0.005,39:53.2,118.1738006,-106.7455968
39:53.5,-0.382,0.32,-0.008,39:53.5,118.321226,-106.7737949
39:53.7,-0.364,0.261,0.013,39:53.7,118.4256668,-106.7958578
39:53.9,-0.403,0.281,0.057,39:53.9,118.5265612,-106.8182191
39:54.1,-0.472,0.255,0.035,39:54.2,118.6747313,-106.8443478
39:54.4,-0.356,0.209,0.065,39:54.4,118.7669465,-106.8609565
39:54.6,-0.219,0.194,0.051,39:54.6,118.8775505,-106.8720984
39:54.8,-0.191,0.328,0.026,39:54.8,118.9656772,-106.8792783
39:55.0,-0.238,0.227,0.052,39:55.0,119.0719894,-106.8821522
39:55.3,-0.27,0.237,0.047,39:55.3,119.1730468,-106.8745914
39:55.5,-0.17,0.227,0.096,39:55.5,119.2492135,-106.8677894
39:55.7,-0.22,0.386,0.029,39:55.7,119.35619,-106.8530952
39:55.9,-0.157,0.338,0.062,39:56.0,119.4564183,-106.8389113
39:56.2,-0.285,0.281,0.072,39:56.2,119.5419732,-106.8215541
39:56.4,-0.3,0.28,0.038,39:56.4,119.6524658,-106.8080001
39:56.6,-0.294,0.309,0.083,39:56.6,119.7376992,-106.7981988
39:56.8,-0.309,0.455,0.07,39:56.8,119.8435043,-106.790423
39:57.1,-0.269,0.326,0.06,39:57.1,119.9325816,-106.7840751
39:57.3,-0.233,0.202,0.103,39:57.3,120.0344413,-106.7772674
39:57.5,-0.25,0.255,0.045,39:57.6,120.1548773,-106.7742015
39:57.8,-0.128,0.301,0.055,39:57.8,120.2337149,-106.7781296
39:58.0,-0.245,0.231,0.091,39:58.0,120.3320962,-106.7840352
39:58.2,-0.277,0.133,0.055,39:58.2,120.4034322,-106.7841336
39:58.4,-0.197,0.105,0.053,39:58.4,120.4688114,-106.7938621
39:58.7,-0.076,0.139,0.041,39:58.7,120.5650025,-106.7984544
39:58.9,-0.139,0.11,0.03,39:58.9,120.6223407,-106.8062468
39:59.1,-0.165,0.103,0.041,39:59.1,120.6966025,-106.8187644
39:59.4,-0.137,0.216,-0.025,39:59.4,120.7663442,-106.8291162
39:59.6,-0.168,0.11,-0.016,39:59.6,120.8116924,-106.8363991
39:59.8,-0.226,0.111,-0.009,39:59.8,120.8730108,-106.8460134
40:00.1,-0.155,0.171,0.028,40:00.1,120.9348752,-106.8553855
40:00.3,-0.193,0.243,-0.011,40:00.3,120.9862625,-106.865461
40:00.5,-0.106,0.213,0.002,40:00.5,121.0549111,-106.8673886
40:00.7,-0.125,0.156,0.035,40:00.7,121.1098642,-106.8700197
40:01.0,-0.141,0.221,0.021,40:01.0,121.1938626,-106.879333
40:01.2,-0.189,0.27,0.018,40:01.2,121.2495453,-106.8804245
40:01.4,-0.065,0.327,0.031,40:01.4,121.3132821,-106.8840452
40:01.6,-0.038,0.13,0.044,40:01.6,121.3710113,-106.8866301
40:01.9,0.005,0.174,-0.006,40:01.9,121.4380285,-106.889103
40:02.1,-0.167,0.16,-0.01,40:02.1,121.5008615,-106.8945557
40:02.3,-0.028,0.184,0.066,40:02.3,121.5499561,-106.8920549
40:02.6,-0.074,0.206,0.031,40:02.6,121.6080889,-106.892244
40:02.8,-0.145,0.273,0.025,40:02.8,121.6537785,-106.8982223
40:03.0,0.106,0.223,0.013,40:03.0,121.7020364,-106.9081523
40:03.2,-0.075,0.096,0.013,40:03.2,121.759121,-106.9170966
40:03.5,0.032,0.13,0.05,40:03.5,121.8064118,-106.9248363
40:03.7,-0.104,0.11,0.004,40:03.7,121.846358,-106.9336516
40:03.9,-0.197,0.176,0.006,40:03.9,121.8946459,-106.9495273
40:04.1,-0.026,0.242,0.047,40:04.1,121.9411788,-106.9672604
40:04.4,-0.158,0.108,0.017,40:04.4,121.9888391,-106.984548
40:04.6,-0.143,0.138,0.031,40:04.6,122.0276079,-107.0054889
40:04.8,-0.048,0.178,0.084,40:04.8,122.0771907,-107.0357177
40:05.0,-0.004,0.223,0.08,40:05.0,122.1193236,-107.0574765
40:05.3,-0.084,0.254,0.035,40:05.3,122.1714677,-107.0848246
40:05.5,-0.117,0.341,0.016,40:05.5,122.2196851,-107.119329
40:05.8,-0.178,0.314,0.014,40:05.8,122.2728395,-107.1652382
40:06.0,-0.157,0.199,-0.005,40:06.0,122.3198989,-107.1992225
40:06.2,0.01,0.217,-0.002,40:06.2,122.3752728,-107.2460471
40:06.4,-0.077,0.24,0.042,40:06.4,122.415493,-107.2824932
40:06.7,-0.018,0.27,0.056,40:06.7,122.4768282,-107.3395965
40:06.9,-0.113,0.115,0.03,40:06.9,122.5174458,-107.3755057
40:07.1,-0.163,0.21,0.073,40:07.1,122.5572534,-107.4110193
40:07.3,-0.003,0.219,0.047,40:07.3,122.6009461,-107.4532262
40:07.5,-0.012,0.182,0.063,40:07.5,122.6399885,-107.4824109
40:07.8,-0.033,0.237,0.084,40:07.8,122.6918949,-107.5267213
40:08.0,-0.079,0.222,0.059,40:08.0,122.7214804,-107.5531169
40:08.2,-0.078,0.125,0.064,40:08.3,122.7554878,-107.5823965
40:08.5,-0.073,0.238,0.024,40:08.5,122.7860805,-107.600823
40:08.7,0.02,0.087,0.032,40:08.7,122.817156,-107.630449
40:08.9,-0.015,0.123,0.064,40:08.9,122.845628,-107.6525011
40:09.2,0.049,0.192,0.031,40:09.1,122.8648302,-107.6717706
40:09.4,0.014,0.148,0.025,40:09.4,122.8889195,-107.6977634
40:09.6,-0.13,0.025,0.006,40:09.6,122.9041299,-107.7198818
40:09.8,-0.098,0.18,0.029,40:09.8,122.9255997,-107.750342
40:10.1,-0.075,0.145,0.055,40:10.1,122.945599,-107.7850193
40:10.3,-0.004,0.314,0.043,40:10.3,122.9626496,-107.8267004
40:10.5,-0.137,0.167,0.046,40:10.5,122.9711701,-107.8645972
40:10.7,-0.093,0.266,0.025,40:10.7,122.9900348,-107.9090821
40:11.0,-0.135,0.157,0.018,40:10.9,123.003829,-107.9539719
40:11.2,-0.136,0.18,0.065,40:11.2,123.0272909,-108.0129229
40:11.4,-0.022,0.327,-0.008,40:11.4,123.0478511,-108.05818
40:11.7,-0.049,0.236,-0.003,40:11.7,123.0770225,-108.1151686
40:11.9,-0.129,0.256,0.053,40:11.9,123.1018247,-108.1694064
40:12.1,-0.16,0.227,0.015,40:12.1,123.1283652,-108.2290285
40:12.4,-0.112,0.297,0.014,40:12.3,123.1611915,-108.2894667
40:12.6,-0.086,0.249,0.004,40:12.6,123.1914003,-108.3486625
40:12.8,-0.033,0.27,0.017,40:12.8,123.2189139,-108.3933025
40:13.0,-0.151,0.232,0.017,40:13.0,123.2442529,-108.4498694
40:13.2,-0.121,0.179,0.011,40:13.2,123.2641465,-108.4931159
40:13.5,-0.108,0.156,0.032,40:13.5,123.2874963,-108.5536993
40:13.7,-0.11,0.121,0.005,40:13.7,123.3001444,-108.590401
40:13.9,-0.18,0.179,0.064,40:13.9,123.3031165,-108.6204722
40:14.2,-0.111,0.2,0.06,40:14.2,123.3048812,-108.6542764
40:14.4,-0.181,0.107,0.096,40:14.4,123.3030629,-108.6886931
40:14.6,-0.099,0.19,0.087,40:14.6,123.3022867,-108.7132617
40:14.8,-0.134,-0.004,0.08,40:14.8,123.2968182,-108.735185
40:15.1,-0.084,0.064,0.067,40:15.1,123.2861357,-108.7548046
40:15.3,-0.148,0.115,0.033,40:15.3,123.2737832,-108.7744821
40:15.5,-0.195,0.106,0.083,40:15.5,123.2588971,-108.8106293
40:15.8,-0.295,0.32,0.04,40:15.8,123.2458363,-108.8448583
40:16.0,-0.179,0.228,0.027,40:16.0,123.2384239,-108.8787842
40:16.2,-0.184,0.319,-0.04,40:16.2,123.2328615,-108.9299575
40:16.4,-0.269,0.181,-0.041,40:16.4,123.2282288,-108.9921842
40:16.7,-0.145,0.312,0.067,40:16.6,123.2242534,-109.0503605
40:16.9,-0.119,0.293,0.016,40:16.9,123.2264164,-109.1274569
40:17.1,-0.178,0.176,0.007,40:17.1,123.2313037,-109.2106233
40:17.3,-0.214,0.281,-0.004,40:17.3,123.2370832,-109.2794677
40:17.6,-0.188,0.357,-0.005,40:17.6,123.2463545,-109.3641509
40:17.8,-0.231,0.251,0.001,40:17.8,123.2538808,-109.4525003
40:18.0,-0.15,0.286,0.018,40:18.0,123.2632992,-109.537998
40:18.3,-0.172,0.274,-0.005,40:18.3,123.2685169,-109.6044624
40:18.5,-0.289,0.249,0.006,40:18.5,123.2747778,-109.6778684
40:18.7,-0.126,0.233,0.065,40:18.7,123.2731404,-109.7499333
40:18.9,-0.276,0.281,0.043,40:18.9,123.2646099,-109.8028346
40:19.2,-0.169,0.238,0.026,40:19.2,123.2558268,-109.8633413
40:19.4,-0.08,0.172,0.048,40:19.4,123.2476891,-109.9098094
40:19.6,-0.223,0.137,0.037,40:19.6,123.2295834,-109.9672936
40:19.8,-0.206,0.203,0.052,40:19.9,123.2057982,-110.0205757
40:20.1,-0.231,0.199,0.005,40:20.1,123.1785665,-110.0647224
40:20.3,-0.34,0.188,0.017,40:20.3,123.1439335,-110.1257634
40:20.5,-0.307,0.183,0,40:20.5,123.107627,-110.1903485
40:20.8,-0.349,0.234,0.033,40:20.7,123.0690082,-110.2466933
40:21.0,-0.258,0.332,0.019,40:21.0,123.0334264,-110.3256924
40:21.2,-0.266,0.288,-0.004,40:21.2,122.9948561,-110.4124172
40:21.5,-0.291,0.382,-0.001,40:21.5,122.9627477,-110.5093211
40:21.7,-0.371,0.36,0.009,40:21.7,122.9286886,-110.5979454
40:21.9,-0.262,0.399,0.005,40:21.9,122.8902868,-110.7028499
40:22.1,-0.405,0.384,-0.001,40:22.1,122.865959,-110.8021386
40:22.3,-0.358,0.491,0.023,40:22.3,122.8391614,-110.9215515
40:22.6,-0.369,0.454,0.012,40:22.6,122.8111471,-111.0375458
40:22.8,-0.343,0.305,-0.002,40:22.8,122.7864643,-111.1571644
40:23.0,-0.292,0.406,0.045,40:23.0,122.7710297,-111.2559635
40:23.3,-0.317,0.326,0.036,40:23.3,122.7494505,-111.3738421
40:23.5,-0.309,0.288,0.033,40:23.5,122.7344445,-111.4709932
40:23.7,-0.332,0.34,0.031,40:23.7,122.7113187,-111.6105327
40:24.0,-0.354,0.323,0.073,40:24.0,122.7009605,-111.7034351
40:24.2,-0.307,0.194,0.074,40:24.2,122.6850438,-111.8147131
40:24.4,-0.348,0.371,0.013,40:24.4,122.6752876,-111.905571
40:24.6,-0.333,0.282,0.075,40:24.6,122.6551039,-112.0134125
40:24.9,-0.331,0.332,0.086,40:24.9,122.6382252,-112.1266038
40:25.1,-0.419,0.275,0.095,40:25.1,122.6242584,-112.2138913
40:25.3,-0.436,0.249,0.067,40:25.3,122.6093605,-112.3211007
40:25.5,-0.286,0.299,0.077,40:25.6,122.5912485,-112.4326177
40:25.8,-0.444,0.3,0.077,40:25.8,122.5724582,-112.5331016
40:26.0,-0.363,0.386,0.043,40:26.0,122.5522581,-112.6495797
40:26.2,-0.377,0.368,0.082,40:26.2,122.5325374,-112.7704266
40:26.5,-0.515,0.298,0.103,40:26.4,122.5152821,-112.8637189
40:26.7,-0.301,0.471,0.011,40:26.7,122.4911861,-112.9811686
40:26.9,-0.44,0.367,0.03,40:26.9,122.4756756,-113.0785856
40:27.2,-0.428,0.306,0.061,40:27.2,122.4584512,-113.2204687
40:27.4,-0.375,0.227,0,40:27.4,122.4499253,-113.3191922
40:27.6,-0.376,0.251,0.068,40:27.6,122.436763,-113.4417538
40:27.8,-0.306,0.355,0.054,40:27.8,122.4251938,-113.5479461
40:28.0,-0.449,0.39,0.086,40:28.0,122.415856,-113.6651792
40:28.3,-0.391,0.387,0.019,40:28.3,122.4101505,-113.7912395
40:28.5,-0.41,0.362,0.035,40:28.5,122.4045813,-113.9186602
40:28.7,-0.386,0.391,0.038,40:28.7,122.4067864,-114.0187791
40:29.0,-0.4,0.355,0.048,40:29.0,122.4110039,-114.1460047
40:29.2,-0.432,0.345,0.045,40:29.2,122.4145586,-114.249131
40:29.4,-0.352,0.345,0.03,40:29.4,122.4139683,-114.3766835
40:29.7,-0.423,0.394,0.061,40:29.7,122.4194951,-114.5043737
40:29.9,-0.363,0.285,0.064,40:29.9,122.4288123,-114.63505
40:30.1,-0.457,0.434,0.035,40:30.1,122.4355717,-114.7406762
40:30.3,-0.394,0.327,0.057,40:30.3,122.4447437,-114.8661323
40:30.6,-0.297,0.34,0.091,40:30.6,122.456577,-114.9962647
40:30.8,-0.316,0.356,0.012,40:30.8,122.4698273,-115.1039535
40:31.0,-0.444,0.321,0.086,40:31.0,122.4784689,-115.23454
40:31.2,-0.287,0.429,0.065,40:31.2,122.4868909,-115.3375215
40:31.5,-0.399,0.541,0.035,40:31.5,122.495723,-115.4587652
40:31.7,-0.335,0.444,0.091,40:31.7,122.5041401,-115.5837798
40:31.9,-0.376,0.417,0.03,40:32.0,122.5169234,-115.7132613
40:32.2,-0.264,0.45,0.065,40:32.1,122.5242418,-115.8170514
40:32.4,-0.262,0.404,0.119,40:32.4,122.5334542,-115.9378466
40:32.6,-0.391,0.439,0.072,40:32.6,122.5336237,-116.0278952
40:32.9,-0.354,0.371,0.03,40:32.9,122.5441433,-116.1760448
40:33.1,-0.272,0.244,0.078,40:33.1,122.5563145,-116.2731178
40:33.3,-0.327,0.23,0.041,40:33.3,122.5650298,-116.3965725
40:33.5,-0.313,0.36,0.092,40:33.5,122.5602298,-116.4870229
40:33.7,-0.29,0.317,0.041,40:33.8,122.5692041,-116.5993471
40:34.0,-0.425,0.313,0.077,40:34.0,122.5727196,-116.7099562
40:34.2,-0.371,0.39,0.069,40:34.2,122.5739002,-116.7944529
40:34.4,-0.433,0.352,0.064,40:34.4,122.5800322,-116.9058223
40:34.7,-0.246,0.466,0.005,40:34.6,122.5821104,-116.9932218
40:34.9,-0.277,0.408,0.016,40:34.9,122.5852633,-117.1091722
40:35.1,-0.434,0.372,0.067,40:35.2,122.5988176,-117.2526685
40:35.4,-0.343,0.359,-0.027,40:35.4,122.6016445,-117.3476246
40:35.6,-0.272,0.322,0.044,40:35.6,122.6088216,-117.4460544
40:35.8,-0.245,0.453,0.077,40:35.8,122.6167074,-117.5666232
40:36.0,-0.247,0.439,0.035,40:36.0,122.6232079,-117.6833446
40:36.3,-0.424,0.411,0.044,40:36.3,122.6359655,-117.8051231
40:36.5,-0.255,0.463,0.124,40:36.5,122.6448383,-117.8986553
40:36.7,-0.3,0.279,0.078,40:36.7,122.6562013,-118.0210112
40:36.9,-0.311,0.483,0.081,40:36.9,122.6676914,-118.1218327
40:37.2,-0.303,0.451,0.086,40:37.2,122.6799913,-118.2468516
40:37.4,-0.355,0.42,0.037,40:37.4,122.684735,-118.3690917
40:37.6,-0.283,0.353,0.083,40:37.6,122.6886948,-118.4638993
40:37.9,-0.378,0.372,0.097,40:37.9,122.6913716,-118.5847493
40:38.1,-0.393,0.36,0.044,40:38.1,122.6871695,-118.6993836
40:38.3,-0.269,0.383,0.053,40:38.3,122.6810546,-118.7903574
40:38.6,-0.308,0.328,0.029,40:38.6,122.6743545,-118.9206991
40:38.8,-0.283,0.347,0.091,40:38.8,122.6621707,-119.0069251
40:39.0,-0.306,0.226,0.143,40:39.0,122.65105,-119.0903474
40:39.2,-0.376,0.241,0.082,40:39.2,122.6416174,-119.1835848
40:39.4,-0.293,0.273,0.061,40:39.4,122.6337646,-119.2620317
40:39.7,-0.201,0.271,0.031,40:39.7,122.624868,-119.3674746
40:39.9,-0.37,0.176,0.061,40:39.9,122.6203342,-119.4325052
40:40.1,-0.368,0.307,0.054,40:40.1,122.6198273,-119.517621
40:40.4,-0.262,0.239,0.065,40:40.4,122.6242213,-119.6044979
40:40.6,-0.239,0.257,0.073,40:40.6,122.6305874,-119.670476
40:40.8,-0.242,0.257,0.006,40:40.8,122.6374512,-119.7518056
40:41.1,-0.433,0.315,0.051,40:41.1,122.6427657,-119.8314561
40:41.3,-0.181,0.255,0.039,40:41.3,122.6588294,-119.903956
40:41.5,-0.163,0.386,0.059,40:41.5,122.6712969,-119.994539
40:41.7,-0.199,0.409,0.071,40:41.7,122.6799746,-120.0709353
40:42.0,-0.289,0.26,0.065,40:42.0,122.6931679,-120.1827557
40:42.2,-0.199,0.319,0.01,40:42.2,122.7037764,-120.2583696
40:42.4,-0.256,0.311,0.031,40:42.4,122.7119023,-120.3479459
40:42.6,-0.212,0.408,0.034,40:42.6,122.7128425,-120.4157809
40:42.9,-0.142,0.275,0.045,40:42.9,122.7055983,-120.4932733
40:43.1,-0.187,0.235,0.023,40:43.1,122.6969093,-120.5726204
40:43.3,-0.143,0.2,0.029,40:43.3,122.6832827,-120.6278162
40:43.5,-0.121,0.218,0.04,40:43.6,122.6628489,-120.6894401
40:43.8,-0.175,0.188,0.048,40:43.8,122.6438697,-120.7318719
40:44.0,-0.27,0.209,0.018,40:44.0,122.6164282,-120.7823675
40:44.2,0.005,0.197,-0.023,40:44.2,122.5914089,-120.8286186
40:44.5,-0.048,0.105,0.037,40:44.5,122.5620454,-120.8652345
40:44.7,-0.148,0.254,0.058,40:44.7,122.5362438,-120.8911652
40:44.9,-0.055,0.247,0.008,40:44.9,122.505804,-120.9300967
40:45.1,-0.176,0.168,0.017,40:45.1,122.4838683,-120.9568916
40:45.4,-0.247,0.138,0.029,40:45.4,122.4597366,-121.0044237
40:45.6,-0.121,0.27,0.014,40:45.6,122.4447435,-121.03958
40:45.8,-0.196,0.227,0.054,40:45.8,122.4328385,-121.0794337
40:46.0,-0.08,0.299,0.04,40:46.0,122.4219478,-121.1308574
40:46.3,-0.067,0.406,0.026,40:46.3,122.4065154,-121.1880371
40:46.5,-0.107,0.279,0.01,40:46.5,122.3858575,-121.2491663
40:46.7,-0.134,0.363,-0.004,40:46.7,122.3824869,-121.3053723
40:47.0,-0.03,0.446,0.071,40:47.0,122.3645509,-121.3732299
40:47.2,-0.052,0.357,0.044,40:47.2,122.3591041,-121.4285892
40:47.4,-0.049,0.319,0.004,40:47.4,122.3455372,-121.4939028
40:47.7,0.078,0.215,-0.005,40:47.7,122.3294943,-121.5674478
40:47.9,-0.074,0.213,-0.018,40:47.9,122.3038623,-121.6121499
40:48.1,-0.192,0.266,-0.009,40:48.1,122.2829858,-121.6536195
40:48.3,-0.084,0.279,0.024,40:48.3,122.2473533,-121.6966596
40:48.5,-0.018,0.164,0.014,40:48.5,122.211405,-121.7277679
40:48.8,-0.19,0.3,-0.066,40:48.8,122.1596018,-121.7781065
40:49.0,-0.196,0.171,0.003,40:49.0,122.1111653,-121.8032323
40:49.2,-0.212,0.246,-0.036,40:49.3,122.0575155,-121.8277189
40:49.5,-0.223,0.331,-0.013,40:49.5,122.0067453,-121.848391
40:49.7,-0.055,0.253,0.047,40:49.7,121.9451907,-121.8683699
40:49.9,-0.223,0.097,0.099,40:49.9,121.8855737,-121.8879505
40:50.2,-0.096,0.173,0.073,40:50.2,121.8338138,-121.8988151
40:50.4,-0.156,0.418,0.063,40:50.4,121.7729269,-121.916154
40:50.6,-0.173,0.11,0.077,40:50.6,121.7263117,-121.9314278
40:50.8,-0.249,0.174,0.079,40:50.8,121.6880728,-121.9496478
40:51.1,-0.168,0.181,0.065,40:51.1,121.642325,-121.9681483
40:51.3,-0.17,0.209,0.057,40:51.3,121.6013909,-121.9862234
40:51.5,-0.101,0.19,0.042,40:51.5,121.5665178,-122.0033702
40:51.7,-0.004,0.219,0.043,40:51.8,121.5309197,-122.0187057
40:52.0,-0.051,0.141,0.045,40:52.0,121.4913566,-122.0318662
40:52.2,-0.079,0.219,0.017,40:52.2,121.4616149,-122.0485244
40:52.4,-0.044,0.124,0.038,40:52.4,121.4369096,-122.0592584
40:52.7,-0.11,0.183,0,40:52.7,121.4017785,-122.0736203
40:52.9,-0.005,0.199,0.022,40:52.9,121.3747346,-122.0881951
40:53.1,-0.125,0.182,0.006,40:53.1,121.3445397,-122.102981
40:53.4,-0.104,0.189,-0.046,40:53.4,121.3113586,-122.117001
40:53.6,-0.072,0.077,-0.052,40:53.6,121.2816401,-122.1310955
40:53.8,-0.185,0.232,-0.029,40:53.8,121.2529949,-122.1388519
40:54.0,-0.037,0.154,-0.014,40:54.0,121.2167047,-122.1465916
40:54.2,-0.004,0.27,-0.022,40:54.2,121.1917791,-122.1516363
40:54.5,-0.022,0.267,-0.013,40:54.5,121.1506809,-122.1574666
40:54.7,-0.103,0.136,0.067,40:54.7,121.1201008,-122.158056
40:54.9,-0.145,0.101,0.008,40:55.0,121.0798309,-122.1545739
40:55.2,-0.135,0.064,0.045,40:55.2,121.0503468,-122.1509511
40:55.4,-0.209,0.108,0.031,40:55.4,121.0101578,-122.1443786
40:55.6,-0.195,0.196,0.053,40:55.6,120.9704061,-122.1358944
40:55.9,-0.142,0.231,-0.001,40:55.9,120.934909,-122.1256042
40:56.1,-0.074,0.077,0.072,40:56.1,120.9029479,-122.1156759
40:56.3,-0.079,0.12,0.047,40:56.3,120.8715016,-122.1047679
40:56.5,-0.079,0.141,0.088,40:56.5,120.8309987,-122.0937384
40:56.8,-0.154,0.224,0.062,40:56.8,120.7883966,-122.0790984
40:57.0,-0.115,0.082,0.068,40:57.0,120.7400374,-122.0601697
40:57.2,-0.203,0.165,0.081,40:57.2,120.6976035,-122.0408535
40:57.4,-0.224,0.041,0.049,40:57.5,120.6528862,-122.0235198
40:57.7,-0.149,0.19,0.017,40:57.7,120.6087522,-122.0083982
40:57.9,-0.114,0.062,0.023,40:57.9,120.564713,-121.9923834
40:58.1,-0.098,0.09,0.078,40:58.1,120.5227571,-121.9850643
40:58.4,-0.268,0.022,0.033,40:58.4,120.481202,-121.97037
40:58.6,-0.101,0.083,0.017,40:58.6,120.4460703,-121.9635332
40:58.8,-0.069,0.008,-0.017,40:58.8,120.4052795,-121.9562362
40:59.1,-0.156,0.1,0.047,40:59.1,120.3602514,-121.9452535
40:59.3,-0.093,0.158,0.074,40:59.3,120.3214594,-121.9416785
40:59.5,-0.028,0.205,0.021,40:59.5,120.2980899,-121.9431116
40:59.7,-0.081,0.162,0,40:59.7,120.2647252,-121.9454612
40:59.9,-0.256,0.207,0.048,40:59.9,120.2287801,-121.9436765
41:00.2,-0.158,0.224,-0.008,41:00.2,120.1762376,-121.9369572
41:00.4,-0.071,0.13,0.018,41:00.4,120.140324,-121.9306289
41:00.6,-0.098,0.119,0.044,41:00.6,120.1065107,-121.9277065
41:00.9,-0.26,0.25,0.044,41:00.9,120.0606818,-121.9211859
41:01.1,-0.157,0.093,-0.028,41:01.1,120.0194603,-121.9212814
41:01.3,-0.207,0.22,-0.011,41:01.3,119.9508856,-121.9105667
41:01.6,-0.214,0.187,-0.06,41:01.6,119.9068248,-121.9011773
41:01.8,-0.321,0.23,0.018,41:01.8,119.8450919,-121.8856306
41:02.0,-0.251,0.157,-0.031,41:02.0,119.7811326,-121.8711982
41:02.2,-0.253,0.243,0.009,41:02.2,119.7201787,-121.8463205
41:02.5,-0.232,0.253,0.032,41:02.5,119.6443612,-121.8232658
41:02.7,-0.357,0.199,-0.018,41:02.7,119.56416,-121.7996501
41:02.9,-0.286,0.208,0.009,41:02.9,119.4941211,-121.7751222
41:03.1,-0.355,0.193,0.049,41:03.2,119.4117941,-121.7481886
41:03.4,-0.322,0.242,0.077,41:03.4,119.3424826,-121.7281763
41:03.6,-0.253,0.236,0.045,41:03.6,119.2396267,-121.702663
41:03.8,-0.245,0.338,0.025,41:03.8,119.1677644,-121.6827177
41:04.1,-0.318,0.206,0.011,41:04.1,119.085407,-121.6695196
41:04.3,-0.413,0.377,0.073,41:04.3,119.0192767,-121.6637767
41:04.5,-0.281,0.275,0.075,41:04.5,118.9398713,-121.6639666
41:04.8,-0.259,0.27,0.035,41:04.8,118.8581733,-121.664323
41:05.0,-0.17,0.302,0.029,41:05.0,118.7969415,-121.6708383
41:05.2,-0.247,0.306,0.062,41:05.2,118.713851,-121.6796461
41:05.4,-0.291,0.447,0.025,41:05.4,118.641754,-121.6854346
41:05.6,-0.406,0.404,0.068,41:05.6,118.5496612,-121.6991685
41:05.9,-0.377,0.304,0.017,41:05.9,118.458947,-121.7139418
41:06.1,-0.341,0.35,0.003,41:06.1,118.3627645,-121.7258805
41:06.3,-0.25,0.306,0.049,41:06.3,118.2738171,-121.7314581
41:06.6,-0.35,0.406,-0.008,41:06.6,118.168004,-121.7373634
41:06.8,-0.453,0.424,0.023,41:06.8,118.074449,-121.737661
41:07.0,-0.475,0.22,0.036,41:07.0,117.94676,-121.7433905
41:07.3,-0.403,0.325,0.058,41:07.3,117.8473087,-121.7364695
41:07.5,-0.377,0.348,0.05,41:07.5,117.7273173,-121.7280438
41:07.7,-0.381,0.227,0.047,41:07.7,117.6215381,-121.7131628
41:07.9,-0.407,0.393,0.018,41:07.9,117.4909923,-121.694439
41:08.2,-0.397,0.32,0.068,41:08.2,117.3546675,-121.675724
41:08.4,-0.457,0.317,0.103,41:08.4,117.2198732,-121.6611416
41:08.6,-0.43,0.3,0.042,41:08.6,117.107712,-121.6481496
41:08.8,-0.488,0.394,0.03,41:08.9,116.981824,-121.6363594
41:09.1,-0.335,0.263,0.017,41:09.1,116.8747602,-121.628136
41:09.3,-0.346,0.397,0.074,41:09.3,116.7218134,-121.6171517
41:09.5,-0.397,0.331,0.037,41:09.5,116.6206237,-121.6145453
41:09.8,-0.408,0.422,-0.005,41:09.8,116.5222044,-121.6117251
41:10.0,-0.317,0.348,0.03,41:10.0,116.4013576,-121.6141685
41:10.2,-0.428,0.393,0.049,41:10.2,116.3057787,-121.6251444
41:10.5,-0.31,0.459,0.079,41:10.5,116.1729663,-121.6361494
41:10.7,-0.272,0.376,0.016,41:10.7,116.0666918,-121.6509214
41:10.9,-0.237,0.488,0.047,41:10.9,115.9796728,-121.6709767
41:11.1,-0.362,0.327,0.057,41:11.1,115.870276,-121.6895469
41:11.3,-0.213,0.495,0.071,41:11.4,115.7778033,-121.7013191
41:11.6,-0.361,0.306,0.006,41:11.6,115.6574322,-121.7201015
41:11.8,-0.345,0.421,0.031,41:11.8,115.54271,-121.734142
41:12.0,-0.328,0.325,0,41:12.0,115.4461162,-121.7449084
41:12.3,-0.427,0.456,0.046,41:12.3,115.3268259,-121.7488596
41:12.5,-0.442,0.47,0.038,41:12.5,115.2268818,-121.7484755
41:12.7,-0.425,0.316,0.043,41:12.8,115.0792271,-121.749974
41:13.0,-0.395,0.415,0.047,41:13.0,114.9719856,-121.7388542
41:13.2,-0.503,0.42,0.052,41:13.2,114.8425522,-121.721788
41:13.4,-0.456,0.419,0.086,41:13.4,114.7349681,-121.711985
41:13.6,-0.36,0.298,0.003,41:13.6,114.6003949,-121.6959492
41:13.9,-0.466,0.262,0.017,41:13.9,114.4690582,-121.6771416
41:14.1,-0.43,0.387,0.053,41:14.1,114.3727941,-121.6616174
41:14.3,-0.343,0.284,0.043,41:14.3,114.2494611,-121.6511802
41:14.5,-0.389,0.394,0.045,41:14.6,114.1257683,-121.6385126
41:14.8,-0.443,0.192,0.044,41:14.8,114.0298969,-121.6255869
41:15.0,-0.412,0.422,0.08,41:15.0,113.9113234,-121.6172036
41:15.2,-0.256,0.482,0.048,41:15.3,113.7933291,-121.6187187
41:15.5,-0.373,0.368,0.005,41:15.5,113.6744102,-121.6225252
41:15.7,-0.411,0.443,0.016,41:15.7,113.5755482,-121.6257599
41:15.9,-0.333,0.399,0.051,41:15.9,113.4560544,-121.6348682
41:16.2,-0.325,0.455,0.095,41:16.2,113.335624,-121.6423739
41:16.4,-0.315,0.416,0.041,41:16.4,113.238669,-121.6512207
41:16.6,-0.383,0.423,0.034,41:16.6,113.1179508,-121.6650405
41:16.8,-0.452,0.376,0.02,41:16.8,113.0148374,-121.6706207
41:17.0,-0.46,0.311,0.043,41:17.1,112.8936353,-121.6744586
41:17.3,-0.414,0.334,0.091,41:17.3,112.7693966,-121.6751909
41:17.5,-0.38,0.399,0.042,41:17.5,112.654174,-121.6675237
41:17.7,-0.31,0.357,0.043,41:17.7,112.5580105,-121.662841
41:18.0,-0.42,0.402,0.049,41:18.0,112.4335617,-121.6607099
41:18.2,-0.549,0.358,0.049,41:18.2,112.3260262,-121.647915
41:18.4,-0.439,0.402,0.028,41:18.5,112.1706626,-121.6358647
41:18.7,-0.45,0.436,0.107,41:18.7,112.0631982,-121.6263777
41:18.9,-0.438,0.407,0.074,41:18.9,111.9273649,-121.6243445
41:19.1,-0.393,0.304,0.02,41:19.1,111.8177629,-121.6179347
41:19.3,-0.46,0.37,0.044,41:19.3,111.6904299,-121.6151512
41:19.6,-0.487,0.379,0.048,41:19.6,111.5523661,-121.6109494
41:19.8,-0.475,0.41,0.072,41:19.8,111.4399393,-121.6185469
41:20.0,-0.322,0.418,0.089,41:20.0,111.3092606,-121.6181787
41:20.2,-0.333,0.407,0.105,41:20.3,111.168736,-121.6235571
41:20.5,-0.379,0.326,0.044,41:20.5,111.0609344,-121.6278036
41:20.7,-0.431,0.369,0.02,41:20.7,110.8977324,-121.6269116
41:20.9,-0.314,0.398,0.037,41:21.0,110.7878717,-121.625471
41:21.2,-0.326,0.317,0.09,41:21.1,110.6800999,-121.6247528
41:21.4,-0.383,0.317,0.142,41:21.4,110.5518889,-121.6227809
41:21.6,-0.497,0.386,0.082,41:21.6,110.4435632,-121.6176351
41:21.9,-0.49,0.375,0.097,41:21.9,110.2917936,-121.6103342
41:22.1,-0.439,0.349,0.112,41:22.1,110.1934635,-121.6040616
41:22.3,-0.444,0.358,0.083,41:22.3,110.0661943,-121.5907952
41:22.5,-0.42,0.293,0.085,41:22.5,109.965277,-121.5784653
41:22.7,-0.441,0.478,0.051,41:22.8,109.8354166,-121.5708784
41:23.0,-0.399,0.365,0.078,41:23.0,109.7021581,-121.5571462
41:23.2,-0.277,0.431,0.059,41:23.2,109.6000286,-121.5470927
41:23.4,-0.343,0.309,0.05,41:23.4,109.4758768,-121.5382876
41:23.7,-0.475,0.452,0.079,41:23.6,109.3769242,-121.5320381
41:23.9,-0.403,0.372,0.012,41:23.9,109.2534026,-121.5263407
41:24.1,-0.423,0.364,0.051,41:24.1,109.122079,-121.5198578
41:24.4,-0.4,0.357,0.033,41:24.4,108.9981592,-121.5209382
41:24.6,-0.464,0.475,0.057,41:24.6,108.898656,-121.5243393
41:24.8,-0.356,0.362,0.035,41:24.8,108.7826999,-121.5296038
41:25.0,-0.376,0.491,0.067,41:25.0,108.694145,-121.5330026
41:25.3,-0.31,0.345,0.084,41:25.3,108.5533983,-121.5398318
41:25.5,-0.306,0.268,-0.003,41:25.5,108.4569348,-121.5456864
41:25.7,-0.323,0.484,0.037,41:25.7,108.3405193,-121.5499224
41:25.9,-0.416,0.435,0.06,41:25.9,108.2419359,-121.5527931
41:26.2,-0.233,0.335,0.048,41:26.2,108.1212085,-121.556692
41:26.4,-0.405,0.409,0.076,41:26.4,108.0044553,-121.5560822
41:26.6,-0.33,0.503,0.041,41:26.6,107.9118228,-121.5586162
41:26.9,-0.365,0.336,0.027,41:26.9,107.7950055,-121.5528635
41:27.1,-0.343,0.287,0.044,41:27.1,107.6764866,-121.5498708
41:27.3,-0.36,0.292,0.066,41:27.3,107.5824914,-121.542596
41:27.6,-0.453,0.344,0.071,41:27.5,107.4639587,-121.5293055
41:27.8,-0.337,0.379,0.091,41:27.8,107.3456899,-121.5132322
41:28.0,-0.438,0.486,0.027,41:28.0,107.2480199,-121.4929974
41:28.2,-0.485,0.367,0.106,41:28.2,107.1284254,-121.476271
41:28.4,-0.448,0.42,0.064,41:28.5,107.0078684,-121.4650552
41:28.7,-0.506,0.343,0.039,41:28.7,106.8877471,-121.4502894
41:28.9,-0.399,0.353,0.084,41:28.9,106.7935946,-121.4329385
41:29.1,-0.387,0.388,0.05,41:29.1,106.6709911,-121.4257409
41:29.4,-0.412,0.325,0.062,41:29.3,106.5759808,-121.416172
41:29.6,-0.479,0.316,0.031,41:29.6,106.4602399,-121.4081722
41:29.8,-0.406,0.322,0.023,41:29.8,106.3402266,-121.4045843
41:30.1,-0.369,0.362,0.043,41:30.1,106.2297418,-121.4051102
41:30.3,-0.373,0.421,0.023,41:30.3,106.1436058,-121.3989682
41:30.5,-0.28,0.48,0.042,41:30.5,106.0479804,-121.4012407
41:30.7,-0.34,0.291,0.016,41:30.7,105.9302643,-121.4137315
41:31.0,-0.366,0.442,-0.006,41:31.0,105.7945327,-121.4261135
41:31.2,-0.29,0.346,0.01,41:31.2,105.6979019,-121.4393197
41:31.4,-0.196,0.436,0.051,41:31.4,105.6047864,-121.4492206
41:31.6,-0.345,0.384,0.031,41:31.6,105.4865363,-121.4573621
41:31.9,-0.308,0.373,0.077,41:31.9,105.3624342,-121.4652384
41:32.1,-0.382,0.449,0.04,41:32.1,105.2375883,-121.4756804
41:32.3,-0.274,0.359,0.056,41:32.3,105.1406757,-121.4817748
41:32.6,-0.348,0.405,0.092,41:32.6,105.0182026,-121.4835091
41:32.8,-0.311,0.336,0.05,41:32.8,104.9164507,-121.4789975
41:33.0,-0.439,0.404,0.031,41:33.0,104.7956428,-121.478442
41:33.3,-0.337,0.37,0.041,41:33.2,104.6707736,-121.4648864
41:33.5,-0.406,0.388,0.078,41:33.5,104.5509936,-121.4518529
41:33.7,-0.403,0.317,0.088,41:33.7,104.4590642,-121.4441088
41:33.9,-0.337,0.389,0.085,41:33.9,104.3418758,-121.4285336
41:34.1,-0.381,0.22,0.061,41:34.1,104.2512098,-121.4142801
41:34.4,-0.362,0.359,0.052,41:34.4,104.1103262,-121.3865469
41:34.6,-0.314,0.365,0.055,41:34.6,104.0130942,-121.3708873
41:34.8,-0.458,0.306,0.088,41:34.9,103.9000442,-121.3508857
41:35.1,-0.398,0.391,0.01,41:35.0,103.8056997,-121.338322
41:35.3,-0.496,0.348,-0.028,41:35.3,103.689972,-121.32427
41:35.5,-0.382,0.384,-0.025,41:35.5,103.567041,-121.3166911
41:35.8,-0.435,0.374,0.086,41:35.7,103.4674335,-121.3181283
41:36.0,-0.403,0.362,0.045,41:36.0,103.3450519,-121.3151726
41:36.2,-0.337,0.383,0.08,41:36.2,103.2446321,-121.3173187
41:36.4,-0.303,0.421,0.088,41:36.4,103.1271067,-121.3271225
41:36.7,-0.299,0.389,0.037,41:36.7,103.0029071,-121.3354473
41:36.9,-0.317,0.404,0.058,41:36.9,102.8757194,-121.3402927
41:37.1,-0.357,0.334,0.043,41:37.1,102.7443056,-121.3462829
41:37.3,-0.349,0.382,0.006,41:37.3,102.644372,-121.3563504
41:37.6,-0.388,0.405,0.069,41:37.6,102.523882,-121.3634442
41:37.8,-0.363,0.402,0.084,41:37.8,102.3988641,-121.3676803
41:38.0,-0.364,0.361,0.119,41:38.0,102.3053183,-121.3684995
41:38.3,-0.4,0.232,0.106,41:38.3,102.1891931,-121.3673403
41:38.5,-0.287,0.341,0.127,41:38.5,102.0972254,-121.3615825
41:38.7,-0.427,0.349,0.086,41:38.7,101.9801067,-121.3566198
41:39.0,-0.447,0.308,0.114,41:38.9,101.8623608,-121.3460079
41:39.2,-0.414,0.228,0.095,41:39.2,101.7485881,-121.3354503
41:39.4,-0.496,0.437,0.05,41:39.4,101.6511473,-121.3198789
41:39.6,-0.442,0.307,0.076,41:39.6,101.5299101,-121.3069731
41:39.8,-0.477,0.419,0.078,41:39.8,101.4315494,-121.2933977
41:40.1,-0.504,0.455,0.1,41:40.1,101.2763752,-121.2830881
41:40.3,-0.478,0.414,0.08,41:40.3,101.1692276,-121.2705392
41:40.5,-0.439,0.428,0.04,41:40.5,101.0651986,-121.2551535
41:40.8,-0.302,0.366,0.034,41:40.8,100.9376899,-121.2433305
41:41.0,-0.412,0.425,0.04,41:41.0,100.8336729,-121.2391229
41:41.2,-0.361,0.424,0.054,41:41.2,100.6797186,-121.2319487
41:41.5,-0.418,0.382,0.023,41:41.4,100.577298,-121.2286065
41:41.7,-0.381,0.4,0.034,41:41.7,100.4552821,-121.2291627
41:41.9,-0.351,0.487,0.056,41:41.9,100.355894,-121.2367429
41:42.1,-0.443,0.465,0.067,41:42.1,100.2304251,-121.2389743
41:42.4,-0.438,0.49,0.007,41:42.4,100.1036747,-121.2433765
41:42.6,-0.339,0.393,0.048,41:42.6,99.98154476,-121.2480082
41:42.8,-0.421,0.232,0.071,41:42.8,99.88400175,-121.2564325
41:43.0,-0.369,0.42,0.089,41:43.0,99.76692446,-121.2646873
41:43.3,-0.285,0.521,0.098,41:43.2,99.66878673,-121.2647749
41:43.5,-0.397,0.372,0.08,41:43.5,99.5213614,-121.2668952
41:43.7,-0.372,0.451,0.089,41:43.7,99.4283305,-121.2725685
41:44.0,-0.382,0.327,0.098,41:44.0,99.30885524,-121.2819248
41:44.2,-0.322,0.451,0.075,41:44.2,99.21937477,-121.2819143
41:44.4,-0.449,0.447,0.05,41:44.4,99.1063815,-121.2857407
41:44.7,-0.408,0.538,0.105,41:44.6,98.98862229,-121.2902515
41:44.9,-0.471,0.286,0.05,41:44.9,98.87715769,-121.2941516
41:45.1,-0.49,0.327,0.074,41:45.1,98.78551367,-121.2976321
41:45.3,-0.266,0.246,0.092,41:45.3,98.6776336,-121.2972698
41:45.5,-0.259,0.464,0.085,41:45.5,98.58426292,-121.2967548
41:45.8,-0.349,0.435,0.046,41:45.8,98.44913874,-121.2945111
41:46.0,-0.401,0.433,0.059,41:46.0,98.355035,-121.293642
41:46.2,-0.412,0.366,0.019,41:46.3,98.23831745,-121.2897558
41:46.5,-0.327,0.383,0.013,41:46.5,98.143511,-121.2850517
41:46.7,-0.233,0.311,0.092,41:46.7,98.02239169,-121.2764669
41:46.9,-0.344,0.326,0.083,41:46.9,97.9026759,-121.2699465
41:47.2,-0.489,0.296,0.059,41:47.2,97.7792639,-121.2690924
41:47.4,-0.405,0.296,0.056,41:47.4,97.67968706,-121.2615027
41:47.6,-0.313,0.388,0.065,41:47.6,97.57271929,-121.2547524
41:47.8,-0.561,0.414,0.071,41:47.8,97.44132966,-121.2434589
41:48.1,-0.373,0.449,0.062,41:48.1,97.30701508,-121.2375925
41:48.3,-0.395,0.385,0.101,41:48.3,97.18298889,-121.2235332
41:48.5,-0.294,0.321,0.083,41:48.5,97.0780152,-121.2190626
41:48.7,-0.388,0.372,0.147,41:48.7,96.95814653,-121.2078432
41:49.0,-0.311,0.339,0.065,41:48.9,96.8597363,-121.202149
41:49.2,-0.475,0.285,0.044,41:49.2,96.71906338,-121.1934185
41:49.4,-0.348,0.361,0.085,41:49.4,96.63178223,-121.1877042
41:49.7,-0.394,0.286,0.048,41:49.7,96.530273,-121.1860202
41:49.9,-0.336,0.344,0.114,41:49.9,96.45348846,-121.1778494
41:50.1,-0.272,0.499,0.079,41:50.1,96.35724711,-121.1702117
41:50.4,-0.302,0.348,0.065,41:50.4,96.25908287,-121.1689719
41:50.6,-0.313,0.285,0.081,41:50.6,96.1852774,-121.1722748
41:50.8,-0.231,0.32,0.065,41:50.8,96.09302518,-121.1758642
41:51.0,-0.348,0.339,0.03,41:51.0,95.98916414,-121.1814834
41:51.2,-0.373,0.393,0.022,41:51.2,95.90613097,-121.1876288
41:51.5,-0.289,0.38,0.013,41:51.5,95.7952226,-121.1976396
41:51.7,-0.39,0.454,0.08,41:51.7,95.67459368,-121.2036115
41:51.9,-0.3,0.407,0.114,41:51.9,95.57660973,-121.2102369
41:52.1,-0.406,0.398,0.05,41:52.2,95.44739534,-121.2183545
41:52.4,-0.404,0.468,0.059,41:52.4,95.33656757,-121.2255352
41:52.6,-0.436,0.386,0.079,41:52.6,95.19531257,-121.2286722
41:52.8,-0.436,0.479,0.078,41:52.8,95.05794748,-121.2252477
41:53.1,-0.299,0.343,0.045,41:53.0,94.94120779,-121.2198576
41:53.3,-0.409,0.362,0.05,41:53.3,94.80356107,-121.2076754
41:53.5,-0.434,0.404,0.075,41:53.5,94.69326945,-121.1922898
41:53.8,-0.51,0.318,0.076,41:53.8,94.53283858,-121.1765243
41:54.0,-0.395,0.289,0.048,41:54.0,94.424024,-121.1592509
41:54.2,-0.39,0.403,0.099,41:54.2,94.2910692,-121.1400051
41:54.4,-0.428,0.308,0.056,41:54.4,94.18574003,-121.1199387
41:54.6,-0.492,0.366,0.037,41:54.6,94.05971651,-121.0988805
41:54.9,-0.389,0.417,0.035,41:54.9,93.92667222,-121.0820141
41:55.1,-0.338,0.463,0.015,41:55.1,93.80958204,-121.066083
41:55.3,-0.378,0.335,0.012,41:55.3,93.71440987,-121.0588875
41:55.6,-0.375,0.472,0.049,41:55.6,93.59527825,-121.0456501
41:55.8,-0.369,0.349,0.03,41:55.8,93.49751473,-121.0387588
41:56.0,-0.43,0.288,0.041,41:56.0,93.39094079,-121.0267695
41:56.3,-0.279,0.304,0.014,41:56.3,93.28473641,-121.0248625
41:56.5,-0.339,0.336,0.092,41:56.5,93.20023792,-121.0209219
41:56.7,-0.393,0.386,0.017,41:56.7,93.08690248,-121.0210709
41:56.9,-0.497,0.364,0.081,41:56.9,92.97455093,-121.0235421
41:57.2,-0.422,0.484,0.066,41:57.2,92.85960441,-121.0296742
41:57.4,-0.361,0.43,0.029,41:57.4,92.76405823,-121.0386907
41:57.6,-0.389,0.461,0.015,41:57.6,92.64233865,-121.0469913
41:57.8,-0.357,0.425,0.052,41:57.8,92.54417438,-121.0596495
41:58.0,-0.382,0.44,0.095,41:58.1,92.41647491,-121.0696761
41:58.3,-0.416,0.45,0.082,41:58.3,92.28709933,-121.079365
41:58.5,-0.313,0.483,0.03,41:58.5,92.18444521,-121.0866826
41:58.7,-0.423,0.55,0.125,41:58.7,92.05482787,-121.0926105
41:59.0,-0.397,0.436,0.073,41:58.9,91.94222498,-121.0934574
41:59.2,-0.415,0.523,0.064,41:59.2,91.80907244,-121.0931134
41:59.4,-0.409,0.356,0.086,41:59.4,91.67427195,-121.0942838
41:59.7,-0.36,0.376,0.1,41:59.7,91.53905305,-121.0887012
41:59.9,-0.329,0.41,0.043,41:59.9,91.4283198,-121.0834696
42:00.1,-0.421,0.278,0.103,42:00.1,91.29627834,-121.077422
42:00.3,-0.411,0.342,0.104,42:00.3,91.16772056,-121.0636865
42:00.6,-0.366,0.369,0.126,42:00.6,91.03792917,-121.0458556
42:00.8,-0.359,0.352,0.079,42:00.8,90.93944365,-121.0232151
42:01.0,-0.386,0.258,0.118,42:01.0,90.81328693,-121.0004753
42:01.2,-0.455,0.322,0.081,42:01.2,90.71616174,-120.980328
42:01.5,-0.236,0.366,0.064,42:01.5,90.59683873,-120.9601505
42:01.7,-0.321,0.251,0.073,42:01.7,90.47889433,-120.9418406
42:01.9,-0.431,0.412,0.066,42:02.0,90.36759862,-120.9247773
42:02.2,-0.46,0.33,0.05,42:02.2,90.28052688,-120.9148347
42:02.4,-0.332,0.387,0.02,42:02.4,90.17255157,-120.9069375
42:02.6,-0.355,0.396,0.041,42:02.6,90.09010696,-120.9070329
42:02.9,-0.332,0.291,0.015,42:02.8,89.98525364,-120.9099959
42:03.1,-0.298,0.308,0.012,42:03.1,89.88051885,-120.9147198
42:03.3,-0.388,0.321,0.009,42:03.3,89.79822248,-120.9292164
42:03.5,-0.32,0.356,0.046,42:03.5,89.70069904,-120.9425477
42:03.7,-0.372,0.536,0.084,42:03.7,89.61597992,-120.9604553
42:04.0,-0.264,0.502,0.042,42:04.0,89.48162446,-120.9847903
42:04.2,-0.371,0.463,0.058,42:04.2,89.38984231,-121.006117
42:04.4,-0.466,0.435,0.047,42:04.4,89.29200599,-121.0272363
42:04.6,-0.199,0.592,-0.014,42:04.6,89.17127085,-121.0518037
42:04.9,-0.393,0.416,0.026,42:04.8,89.07432848,-121.0668984
42:05.1,-0.399,0.464,0.071,42:05.1,88.93618376,-121.0813935
42:05.3,-0.449,0.451,0.026,42:05.3,88.83814809,-121.0871128
42:05.6,-0.387,0.438,0.033,42:05.6,88.71511326,-121.0895624
42:05.8,-0.459,0.448,0.043,42:05.8,88.61358106,-121.0846614
42:06.0,-0.467,0.328,0.069,42:06.0,88.48020748,-121.0757172
42:06.2,-0.362,0.425,0.092,42:06.2,88.35261704,-121.0587646
42:06.5,-0.468,0.409,0.089,42:06.5,88.24669275,-121.0391485
42:06.7,-0.467,0.422,0.074,42:06.7,88.10971908,-121.0107487
42:06.9,-0.377,0.283,0.064,42:06.9,87.99683936,-120.9872456
42:07.1,-0.445,0.439,0.04,42:07.1,87.86795385,-120.9610811
42:07.4,-0.42,0.287,0.032,42:07.4,87.72790318,-120.931244
42:07.6,-0.391,0.372,0.075,42:07.6,87.59411679,-120.9037758
42:07.8,-0.389,0.367,0.038,42:07.8,87.48471594,-120.8811132
42:08.0,-0.396,0.333,0.074,42:08.1,87.35731479,-120.860445
42:08.3,-0.411,0.369,0.028,42:08.3,87.25591754,-120.847265
42:08.5,-0.37,0.452,0.03,42:08.5,87.1139867,-120.8268924
42:08.7,-0.362,0.324,0.075,42:08.7,87.02202761,-120.8197463
42:09.0,-0.231,0.573,0.007,42:09.0,86.91267133,-120.8166013
42:09.2,-0.351,0.401,0.011,42:09.2,86.82874764,-120.8151034
42:09.4,-0.244,0.389,0.018,42:09.4,86.72225644,-120.8222911
42:09.7,-0.203,0.368,0.101,42:09.7,86.61426472,-120.8324868
42:09.9,-0.279,0.352,-0.017,42:09.9,86.5242829,-120.848649
42:10.1,-0.25,0.358,0.018,42:10.1,86.41992602,-120.8672356
42:10.3,-0.348,0.468,0.035,42:10.3,86.33303406,-120.8838318
42:10.5,-0.264,0.388,0.033,42:10.5,86.21734435,-120.9073986
42:10.8,-0.367,0.338,0.046,42:10.8,86.10377121,-120.9283381
42:11.0,-0.317,0.447,0.008,42:11.0,86.01007766,-120.9426442
42:11.2,-0.431,0.473,0.043,42:11.2,85.88760422,-120.9567722
42:11.4,-0.412,0.533,0.067,42:11.4,85.79044678,-120.9633251
42:11.6,-0.426,0.493,0.08,42:11.7,85.66735893,-120.9687789
42:11.9,-0.363,0.334,0.096,42:11.9,85.54032876,-120.9646735
42:12.1,-0.51,0.445,0.096,42:12.1,85.4282647,-120.9551496
42:12.3,-0.406,0.37,0.106,42:12.3,85.29212718,-120.9401832
42:12.6,-0.519,0.296,0.067,42:12.5,85.17661741,-120.915214
42:12.8,-0.498,0.467,0.103,42:12.8,85.04321145,-120.8904376
42:13.0,-0.452,0.35,0.061,42:13.0,84.93180401,-120.859391
42:13.2,-0.425,0.264,0.06,42:13.3,84.77362696,-120.8284256
42:13.5,-0.547,0.322,0.051,42:13.5,84.66618583,-120.7972778
42:13.7,-0.538,0.328,0.057,42:13.7,84.53278959,-120.7655527
42:13.9,-0.592,0.345,0.041,42:13.9,84.42970881,-120.7396269
42:14.1,-0.458,0.329,0.054,42:14.1,84.30248196,-120.7232319
42:14.4,-0.354,0.223,0.019,42:14.4,84.17279228,-120.7060001
42:14.6,-0.352,0.341,0.038,42:14.6,84.08491933,-120.7013514
42:14.8,-0.452,0.29,0.062,42:14.8,83.97918019,-120.7018571
42:15.0,-0.321,0.306,0.026,42:15.0,83.88974818,-120.7076682
42:15.3,-0.354,0.397,0.042,42:15.3,83.78670103,-120.7185473
42:15.5,-0.314,0.419,0.045,42:15.5,83.68857357,-120.7300673
42:15.7,-0.309,0.387,0.015,42:15.7,83.60497442,-120.753339
42:16.0,-0.155,0.461,0.002,42:16.0,83.49971797,-120.7820884
42:16.2,-0.458,0.414,0.078,42:16.2,83.39289573,-120.8085141
42:16.4,-0.235,0.435,0.026,42:16.4,83.30501698,-120.831731
42:16.6,-0.335,0.243,0.062,42:16.6,83.19285882,-120.850778
42:16.9,-0.359,0.395,0.016,42:16.8,83.09892365,-120.8639256
42:17.1,-0.282,0.388,0.052,42:17.1,82.97669661,-120.8809853
42:17.3,-0.438,0.449,0.082,42:17.3,82.88254686,-120.8924851
42:17.5,-0.441,0.385,0.037,42:17.5,82.76242894,-120.900313
42:17.8,-0.377,0.338,0.098,42:17.8,82.638255,-120.8984844
42:18.0,-0.486,0.324,0.059,42:18.0,82.5073097,-120.8947878
42:18.2,-0.468,0.327,0.001,42:18.2,82.39868883,-120.884683
42:18.4,-0.375,0.249,0.019,42:18.4,82.25931502,-120.8684202
42:18.7,-0.468,0.316,0.078,42:18.6,82.14804808,-120.8480634
42:18.9,-0.422,0.273,0.077,42:18.9,81.98936546,-120.8214913
42:19.1,-0.481,0.299,0.066,42:19.1,81.88707012,-120.7964573
42:19.4,-0.394,0.295,0.049,42:19.4,81.75603781,-120.7664878
42:19.6,-0.436,0.362,0.053,42:19.6,81.65421672,-120.7483205
42:19.8,-0.495,0.375,0.073,42:19.8,81.52782978,-120.7290723
42:20.1,-0.394,0.234,0.071,42:20.0,81.40534727,-120.707112
42:20.3,-0.322,0.369,0.096,42:20.3,81.284681,-120.6946157
42:20.5,-0.316,0.266,0.039,42:20.5,81.19657133,-120.6920687
42:20.7,-0.283,0.347,-0.003,42:20.7,81.08755783,-120.6900752
42:20.9,-0.452,0.434,0.089,42:20.9,81.00410427,-120.6943587
42:21.2,-0.341,0.342,0.041,42:21.2,80.90000776,-120.7021252
42:21.4,-0.413,0.446,0.038,42:21.4,80.79808098,-120.7104855
42:21.6,-0.404,0.453,0.028,42:21.7,80.69480787,-120.728055
42:21.9,-0.335,0.425,-0.024,42:21.9,80.61092928,-120.7499694
42:22.1,-0.335,0.331,0.007,42:22.1,80.49877779,-120.7677402
42:22.3,-0.295,0.269,0.006,42:22.3,80.38738486,-120.7872526
42:22.5,-0.328,0.45,0.042,42:22.5,80.29122615,-120.801096
42:22.8,-0.504,0.474,0.029,42:22.7,80.19992432,-120.813552
42:23.0,-0.325,0.387,0.007,42:23.0,80.07727679,-120.8253454
42:23.2,-0.309,0.453,0.061,42:23.2,79.98118582,-120.8264427
42:23.5,-0.355,0.316,0.038,42:23.5,79.83026703,-120.8235483
42:23.7,-0.46,0.353,0.034,42:23.7,79.72813408,-120.8145805
42:23.9,-0.4,0.414,0.065,42:23.9,79.60099732,-120.8022678
42:24.1,-0.411,0.26,0.076,42:24.1,79.47197354,-120.7865407
42:24.3,-0.487,0.351,0.056,42:24.3,79.36600903,-120.7627316
42:24.6,-0.531,0.42,0.037,42:24.6,79.23928647,-120.7389663
42:24.8,-0.5,0.392,0.053,42:24.8,79.10979328,-120.7165817
42:25.0,-0.45,0.359,0.06,42:25.1,78.97815408,-120.6959887
42:25.3,-0.433,0.375,0.06,42:25.3,78.87270077,-120.6740627
42:25.5,-0.465,0.431,0.125,42:25.5,78.7644343,-120.6566138
42:25.7,-0.326,0.367,0.01,42:25.7,78.61115155,-120.6390854
42:26.0,-0.434,0.418,0.088,42:26.0,78.51248868,-120.6308759
42:26.2,-0.428,0.299,0.083,42:26.2,78.39545195,-120.6275254
42:26.4,-0.354,0.367,0.025,42:26.4,78.30863189,-120.6259841
42:26.6,-0.337,0.399,0.053,42:26.6,78.20160992,-120.6214989
42:26.9,-0.503,0.45,0.029,42:26.9,78.09335279,-120.6281814
42:27.1,-0.41,0.47,0.029,42:27.1,78.00749096,-120.6350631
42:27.3,-0.419,0.35,0.022,42:27.3,77.90131652,-120.6399143
42:27.5,-0.336,0.317,0.023,42:27.6,77.79143007,-120.649471
42:27.8,-0.43,0.422,-0.013,42:27.8,77.6952113,-120.6612543
42:28.0,-0.423,0.48,-0.003,42:28.0,77.56420712,-120.6724538
42:28.2,-0.447,0.379,0.037,42:28.2,77.47205462,-120.67545
42:28.5,-0.266,0.342,-0.01,42:28.4,77.37024708,-120.6835804
42:28.7,-0.36,0.38,0.007,42:28.7,77.25033993,-120.6889531
42:28.9,-0.303,0.27,0.046,42:28.9,77.1454623,-120.6931442
42:29.1,-0.34,0.293,0.072,42:29.1,77.02211102,-120.6969305
42:29.4,-0.334,0.437,0.068,42:29.4,76.89125885,-120.6970106
42:29.6,-0.417,0.481,-0.016,42:29.6,76.79023669,-120.6930449
42:29.8,-0.443,0.399,0.016,42:29.8,76.66688657,-120.6872613
42:30.0,-0.386,0.405,0.041,42:30.0,76.56805136,-120.6804927
42:30.3,-0.415,0.323,0.022,42:30.3,76.42055066,-120.6666693
42:30.5,-0.34,0.437,0.089,42:30.5,76.31785388,-120.6540445
42:30.7,-0.394,0.379,0.087,42:30.7,76.20476808,-120.6441997
42:30.9,-0.411,0.3,0.063,42:30.9,76.10925279,-120.6322317
42:31.2,-0.373,0.41,0.076,42:31.2,75.98732963,-120.6148666
42:31.4,-0.264,0.583,0.071,42:31.4,75.86438398,-120.6009458
42:31.6,-0.277,0.439,0.04,42:31.6,75.76575135,-120.5884371
42:31.8,-0.237,0.382,0.018,42:31.8,75.64342125,-120.5757891
42:32.1,-0.358,0.412,0.062,42:32.0,75.54354912,-120.5672506
42:32.3,-0.334,0.342,0.066,42:32.3,75.42455545,-120.5538654
42:32.5,-0.371,0.278,0.039,42:32.5,75.3013246,-120.5447812
42:32.8,-0.334,0.372,0.073,42:32.8,75.18245837,-120.5388952
42:33.0,-0.398,0.382,0.081,42:33.0,75.0819143,-120.541882
42:33.2,-0.351,0.357,0.083,42:33.2,74.96033161,-120.5424427
42:33.4,-0.362,0.371,0.068,42:33.4,74.86105377,-120.5462555
42:33.7,-0.475,0.366,0.077,42:33.7,74.71840352,-120.5485736
42:33.9,-0.42,0.279,0.036,42:33.9,74.62102033,-120.5475589
42:34.1,-0.442,0.447,0.009,42:34.1,74.49425004,-120.5527029
42:34.3,-0.487,0.521,0.047,42:34.3,74.39284719,-120.5517271
42:34.6,-0.393,0.435,0.053,42:34.6,74.26989715,-120.5519681
42:34.8,-0.411,0.385,0.087,42:34.8,74.13624699,-120.5530122
42:35.0,-0.358,0.436,0.051,42:35.0,74.03365761,-120.5541331
42:35.3,-0.424,0.337,0.042,42:35.3,73.90545426,-120.5517232
42:35.5,-0.376,0.368,0.062,42:35.5,73.8000462,-120.5440645
42:35.7,-0.354,0.475,0.029,42:35.7,73.67306051,-120.5457604
42:35.9,-0.361,0.409,0.071,42:35.9,73.54868301,-120.544685
42:36.2,-0.272,0.507,0.063,42:36.1,73.43969,-120.5434181
42:36.4,-0.454,0.56,0.018,42:36.4,73.3074319,-120.5440705
42:36.6,-0.421,0.356,0.072,42:36.6,73.20570384,-120.5440311
42:36.8,-0.335,0.404,0.061,42:36.8,73.09439464,-120.5433579
42:37.0,-0.514,0.469,0.026,42:37.0,72.95995059,-120.5403124
42:37.3,-0.438,0.486,0.063,42:37.3,72.83238575,-120.538616
42:37.5,-0.467,0.312,0.048,42:37.5,72.7230456,-120.5318203
42:37.7,-0.391,0.363,0.066,42:37.7,72.59204042,-120.5300651
42:37.9,-0.411,0.458,0.075,42:37.9,72.48924169,-120.522305
42:38.1,-0.354,0.364,0.046,42:38.1,72.35863281,-120.5168375
42:38.4,-0.36,0.367,0.057,42:38.4,72.22853877,-120.5043571
42:38.6,-0.261,0.356,0.085,42:38.6,72.10210993,-120.4963443
42:38.8,-0.395,0.345,0.146,42:38.8,72.00005174,-120.4865548
42:39.1,-0.458,0.303,0.071,42:39.1,71.87613502,-120.4674105
42:39.3,-0.333,0.285,0.081,42:39.3,71.78261201,-120.4544632
42:39.5,-0.463,0.366,0.032,42:39.5,71.63420477,-120.439666
42:39.7,-0.372,0.419,0.038,42:39.7,71.53442846,-120.4314553
42:40.0,-0.34,0.362,0.034,42:39.9,71.43939024,-120.4226999
42:40.2,-0.341,0.339,0.032,42:40.2,71.32354799,-120.4193533
42:40.4,-0.511,0.388,0.022,42:40.4,71.23146412,-120.4146651
42:40.7,-0.298,0.349,0.031,42:40.7,71.09626341,-120.4134233
42:40.9,-0.319,0.451,0.093,42:40.9,71.00175983,-120.4229842
42:41.1,-0.384,0.551,0.065,42:41.1,70.88541133,-120.4350409
42:41.3,-0.378,0.445,0.055,42:41.3,70.7864866,-120.4506333
42:41.5,-0.308,0.39,0.024,42:41.6,70.66109493,-120.4684233
42:41.8,-0.244,0.37,0.057,42:41.8,70.53259056,-120.4876663
42:42.0,-0.493,0.396,0.045,42:42.0,70.40982608,-120.5059174
42:42.2,-0.382,0.517,0.057,42:42.2,70.30437191,-120.5193213
42:42.5,-0.356,0.54,0.087,42:42.4,70.19447969,-120.527688
42:42.7,-0.321,0.394,0.107,42:42.7,70.06126339,-120.531907
42:42.9,-0.38,0.283,0.087,42:42.9,69.92771392,-120.53426
42:43.2,-0.408,0.425,0.12,42:43.2,69.79219479,-120.5296346
42:43.4,-0.457,0.387,0.104,42:43.4,69.68526139,-120.5177334
42:43.6,-0.359,0.362,0.073,42:43.6,69.55534099,-120.4985844
42:43.8,-0.598,0.246,0.048,42:43.8,69.42091935,-120.4738984
42:44.1,-0.365,0.435,0.125,42:44.1,69.28778361,-120.4500914
42:44.3,-0.458,0.304,0.104,42:44.3,69.18213275,-120.4222975
42:44.5,-0.435,0.38,0.105,42:44.5,69.05401138,-120.397415
42:44.7,-0.378,0.364,0.046,42:44.7,68.95370559,-120.3797455
42:45.0,-0.39,0.42,0.035,42:45.0,68.82727049,-120.3603598
42:45.2,-0.45,0.337,0.05,42:45.2,68.70311399,-120.3444939
42:45.4,-0.296,0.331,0.046,42:45.5,68.588145,-120.3355898
42:45.7,-0.266,0.391,0.041,42:45.6,68.49520133,-120.3349308
42:45.9,-0.514,0.386,0.058,42:45.9,68.38269067,-120.3348194
42:46.1,-0.325,0.368,0.023,42:46.1,68.29135984,-120.3452292
42:46.4,-0.371,0.512,0.07,42:46.4,68.16112724,-120.3556364
42:46.6,-0.435,0.374,0.07,42:46.6,68.07288892,-120.3746346
42:46.8,-0.329,0.313,0.057,42:46.8,67.98595725,-120.3956162
42:47.0,-0.276,0.486,0.038,42:47.0,67.87171591,-120.4129005
42:47.2,-0.339,0.477,0.034,42:47.2,67.77565876,-120.4283782
42:47.5,-0.417,0.265,0.054,42:47.5,67.63433489,-120.4465589
42:47.7,-0.248,0.415,0.011,42:47.7,67.53760155,-120.4563686
42:47.9,-0.337,0.407,0.001,42:47.9,67.44384551,-120.4615664
42:48.1,-0.428,0.363,-0.011,42:48.1,67.32947128,-120.4644212
42:48.4,-0.413,0.351,0.081,42:48.3,67.23574177,-120.4610122
42:48.6,-0.433,0.318,0.036,42:48.6,67.09873854,-120.4531852
42:48.8,-0.457,0.322,0.088,42:48.8,67.00092938,-120.4401042
42:49.1,-0.389,0.297,0.043,42:49.1,66.88170308,-120.4267657
42:49.3,-0.33,0.347,0.059,42:49.3,66.78698876,-120.4090129
42:49.5,-0.397,0.335,0.097,42:49.5,66.66681478,-120.3926263
42:49.7,-0.457,0.326,0.042,42:49.7,66.54417933,-120.3770816
42:50.0,-0.396,0.403,0.042,42:49.9,66.44740358,-120.3636105
42:50.2,-0.315,0.427,0.038,42:50.2,66.31727233,-120.3495275
42:50.4,-0.29,0.34,0.066,42:50.4,66.21835231,-120.3369608
42:50.6,-0.41,0.467,0.069,42:50.6,66.09223377,-120.3241959
42:50.9,-0.454,0.431,0.086,42:50.9,65.93740841,-120.3161108
42:51.1,-0.374,0.351,0.075,42:51.1,65.83633861,-120.3086631
42:51.3,-0.375,0.427,0.034,42:51.3,65.73681325,-120.304861
42:51.5,-0.355,0.401,0.048,42:51.6,65.61031997,-120.3005486
42:51.8,-0.38,0.453,0.018,42:51.7,65.51121185,-120.3012841
42:52.0,-0.481,0.419,0.018,42:52.0,65.36798367,-120.2966745
42:52.2,-0.327,0.361,0.031,42:52.2,65.27154461,-120.2949686
42:52.5,-0.281,0.462,0.097,42:52.5,65.15489198,-120.2946939
42:52.7,-0.282,0.406,0.069,42:52.7,65.06171534,-120.2979518
42:52.9,-0.357,0.341,0.041,42:52.9,64.94362169,-120.2965745
42:53.2,-0.351,0.304,0.071,42:53.1,64.83547792,-120.2926103
42:53.4,-0.252,0.367,0.113,42:53.4,64.72468526,-120.2884443
42:53.6,-0.375,0.291,0.14,42:53.6,64.63388657,-120.2781187
42:53.8,-0.494,0.336,0.055,42:53.8,64.52662415,-120.2774611
42:54.0,-0.402,0.302,0.011,42:54.0,64.43648735,-120.2731243
42:54.3,-0.462,0.332,-0.002,42:54.3,64.3165155,-120.2578989
42:54.5,-0.453,0.389,0.042,42:54.5,64.19527812,-120.2405496
42:54.7,-0.456,0.277,0.051,42:54.7,64.09845087,-120.2326426
42:55.0,-0.378,0.476,0.036,42:55.0,63.97356578,-120.2226861
42:55.2,-0.47,0.475,0.075,42:55.2,63.8759664,-120.2174603
42:55.4,-0.437,0.415,0.077,42:55.4,63.72247179,-120.2075981
42:55.7,-0.546,0.41,0.052,42:55.6,63.6198593,-120.2121512
42:55.9,-0.292,0.355,0.047,42:55.9,63.48483667,-120.2126595
42:56.1,-0.416,0.459,0.029,42:56.1,63.37218343,-120.2170333
42:56.3,-0.41,0.397,0.091,42:56.3,63.24816154,-120.223719
42:56.6,-0.434,0.47,0.075,42:56.6,63.11479423,-120.2338045
42:56.8,-0.413,0.361,0.105,42:56.8,62.98326528,-120.2352995
42:57.0,-0.376,0.36,0.065,42:57.0,62.87975496,-120.2425768
42:57.2,-0.367,0.369,0.072,42:57.2,62.77696312,-120.2480243
42:57.4,-0.357,0.45,0.068,42:57.4,62.65105319,-120.2529683
42:57.7,-0.392,0.438,0.073,42:57.7,62.51563817,-120.2457749
42:57.9,-0.527,0.346,0.004,42:57.9,62.40399496,-120.2439496
42:58.1,-0.513,0.452,0.046,42:58.1,62.27220161,-120.2374054
42:58.3,-0.404,0.228,0.1,42:58.3,62.15857924,-120.2288181
42:58.6,-0.46,0.415,0.04,42:58.6,62.02141182,-120.219971
42:58.8,-0.392,0.392,0.096,42:58.8,61.88438859,-120.2121832
42:59.0,-0.273,0.495,0.081,42:59.1,61.74790227,-120.2037158
42:59.3,-0.45,0.394,0.043,42:59.3,61.63335473,-120.1911503
42:59.5,-0.256,0.366,0.032,42:59.5,61.50053196,-120.1792893
42:59.7,-0.473,0.37,-0.014,42:59.7,61.3900423,-120.1812868
43:00.0,-0.377,0.407,-0.005,42:59.9,61.25845928,-120.1844581
43:00.2,-0.365,0.45,0.045,43:00.2,61.13324276,-120.1910204
43:00.4,-0.289,0.386,0.043,43:00.4,61.0342256,-120.199574
43:00.6,-0.429,0.321,0.082,43:00.6,60.93455238,-120.2089081
43:00.8,-0.197,0.455,0.053,43:00.8,60.81429726,-120.2205673
43:01.1,-0.397,0.441,0.067,43:01.1,60.69788802,-120.234669
43:01.3,-0.237,0.483,0.054,43:01.3,60.58476352,-120.2522087
43:01.5,-0.226,0.466,0.005,43:01.5,60.49723924,-120.2605288
43:01.7,-0.451,0.316,0.046,43:01.7,60.40913596,-120.273
43:01.9,-0.344,0.399,0.021,43:01.9,60.30185628,-120.2814147
43:02.2,-0.315,0.366,0.062,43:02.2,60.17169533,-120.2875094
43:02.4,-0.291,0.331,0.05,43:02.4,60.08789452,-120.2884346
43:02.6,-0.39,0.42,0.005,43:02.7,59.97340165,-120.2892161
43:02.9,-0.499,0.302,0.054,43:02.9,59.88440213,-120.282252
43:03.1,-0.342,0.336,0.077,43:03.1,59.7871277,-120.2704102
43:03.3,-0.318,0.282,0.05,43:03.3,59.64521287,-120.2606016
43:03.6,-0.488,0.287,0.066,43:03.5,59.54292766,-120.2473968
43:03.8,-0.505,0.421,0.062,43:03.8,59.41442536,-120.228057
43:04.0,-0.372,0.431,0.057,43:04.0,59.30532166,-120.2089321
43:04.2,-0.407,0.469,0.049,43:04.2,59.17847075,-120.1931278
43:04.5,-0.438,0.32,0.018,43:04.5,59.04691619,-120.1745556
43:04.7,-0.465,0.485,0.077,43:04.7,58.93615027,-120.1602626
43:04.9,-0.306,0.335,0.042,43:04.9,58.80473109,-120.1432318
43:05.1,-0.442,0.313,0.04,43:05.1,58.6907181,-120.1265877
43:05.3,-0.451,0.484,0.036,43:05.4,58.56090189,-120.1138944
43:05.6,-0.399,0.4,0.032,43:05.6,58.4302074,-120.1057493
43:05.8,-0.336,0.387,0.05,43:05.8,58.30625839,-120.1022728
43:06.0,-0.227,0.56,0.031,43:06.0,58.2062949,-120.10297
43:06.3,-0.295,0.261,0.088,43:06.3,58.08928941,-120.1053965
43:06.5,-0.228,0.427,0.066,43:06.5,57.99775893,-120.1112542
43:06.7,-0.24,0.36,0.094,43:06.7,57.85945555,-120.1242911
43:07.0,-0.181,0.413,0.017,43:07.0,57.77925592,-120.1315643
43:07.2,-0.259,0.258,0.027,43:07.2,57.69457303,-120.1449771
43:07.4,-0.233,0.307,0.038,43:07.4,57.5909471,-120.1562635
43:07.6,-0.39,0.351,0.027,43:07.6,57.47778884,-120.1639186
43:07.9,-0.417,0.391,0.094,43:07.9,57.3656565,-120.164508
43:08.1,-0.312,0.375,0.101,43:08.1,57.27575652,-120.1685663
43:08.3,-0.432,0.229,0.06,43:08.3,57.15909922,-120.1636104
43:08.5,-0.443,0.252,0.104,43:08.6,57.03826817,-120.1598612
43:08.8,-0.39,0.279,0.079,43:08.8,56.94107433,-120.1420927
43:09.0,-0.359,0.398,0.103,43:09.0,56.81267677,-120.1266032
43:09.2,-0.459,0.349,0.064,43:09.3,56.68513628,-120.1045529
43:09.5,-0.324,0.26,0.045,43:09.4,56.57632223,-120.0860451
43:09.7,-0.698,0.391,0.037,43:09.7,56.4411375,-120.0667373
43:09.9,-0.518,0.505,0.051,43:09.9,56.32965941,-120.0512226
43:10.2,-0.452,0.342,0.089,43:10.2,56.16376521,-120.0356359
43:10.4,-0.576,0.334,0.099,43:10.4,56.04902055,-120.0256373
43:10.6,-0.483,0.378,0.063,43:10.6,55.93578585,-120.0143962
43:10.8,-0.509,0.435,0.084,43:10.8,55.79736413,-120.0095357
43:11.0,-0.422,0.493,0.033,43:11.0,55.69416182,-120.0079407
43:11.3,-0.334,0.452,0.061,43:11.3,55.54324495,-120.0036439
43:11.5,-0.406,0.479,0.073,43:11.5,55.44627412,-120.0075093
43:11.7,-0.349,0.448,0.037,43:11.7,55.3492683,-120.0176203
43:11.9,-0.372,0.384,0.062,43:11.9,55.23549604,-120.0309076
43:12.1,-0.445,0.352,0.056,43:12.2,55.11607657,-120.0461858
43:12.4,-0.347,0.466,0.071,43:12.4,55.0010477,-120.0551481
43:12.6,-0.268,0.404,0.045,43:12.6,54.91001518,-120.0592247
43:12.8,-0.399,0.427,0.027,43:12.8,54.81206711,-120.0598644
43:13.1,-0.475,0.329,0.07,43:13.1,54.68563167,-120.0631784
43:13.3,-0.421,0.42,0.05,43:13.2,54.58837024,-120.0643668
43:13.5,-0.479,0.362,0.018,43:13.5,54.44611419,-120.0561169
43:13.7,-0.408,0.428,0.056,43:13.7,54.34975926,-120.0454459
43:13.9,-0.348,0.282,0.067,43:13.9,54.2533237,-120.035842
43:14.2,-0.501,0.269,0.097,43:14.2,54.12926343,-120.019025
43:14.4,-0.472,0.304,0.084,43:14.4,54.02816832,-120.0026204
43:14.6,-0.485,0.383,0.068,43:14.7,53.87915541,-119.9838692
43:14.9,-0.461,0.354,0.065,43:14.9,53.7756122,-119.9696089
43:15.1,-0.471,0.389,0.1,43:15.1,53.67976942,-119.9563571
43:15.3,-0.378,0.485,0.072,43:15.3,53.5587479,-119.9422645
43:15.5,-0.333,0.42,0.081,43:15.5,53.46299153,-119.9293874
43:15.8,-0.331,0.368,0.091,43:15.8,53.31830529,-119.9202243
43:16.0,-0.347,0.367,0.008,43:16.0,53.22330834,-119.9184583
43:16.2,-0.273,0.436,0.036,43:16.2,53.10809496,-119.9194503
43:16.4,-0.377,0.334,0.039,43:16.4,53.00780851,-119.924416
43:16.6,-0.343,0.353,0.086,43:16.7,52.89426041,-119.936753
43:16.9,-0.284,0.353,0.095,43:16.9,52.77536133,-119.9466931
43:17.1,-0.315,0.394,0.05,43:17.1,52.68140431,-119.9659305
43:17.3,-0.235,0.459,0.047,43:17.3,52.56573648,-119.9786344
43:17.6,-0.355,0.41,0.11,43:17.6,52.44672086,-119.9927883
43:17.8,-0.281,0.329,0.083,43:17.8,52.35246714,-119.9983821
43:18.0,-0.36,0.303,0.078,43:18.0,52.23891324,-120.0009612
43:18.3,-0.491,0.275,0.086,43:18.3,52.1204047,-120.0067541
43:18.5,-0.35,0.301,0.096,43:18.5,52.02760176,-120.0069408
43:18.7,-0.481,0.268,0.055,43:18.7,51.90381452,-119.9966549
43:18.9,-0.481,0.362,0.092,43:18.9,51.80682761,-119.974544
43:19.2,-0.454,0.384,0.056,43:19.2,51.66214591,-119.9544073
43:19.4,-0.565,0.429,0.024,43:19.4,51.56183343,-119.9337796
43:19.6,-0.389,0.314,0.068,43:19.6,51.43698316,-119.9145407
43:19.8,-0.405,0.373,0.056,43:19.8,51.34214954,-119.89773
43:20.1,-0.457,0.279,0.024,43:20.1,51.21568115,-119.8806821
43:20.3,-0.37,0.368,0.049,43:20.3,51.08305602,-119.8661153
43:20.5,-0.393,0.32,0.023,43:20.6,50.95987444,-119.860764
43:20.8,-0.305,0.426,0.004,43:20.8,50.86201338,-119.8614319
43:21.0,-0.331,0.318,0.07,43:21.0,50.76549307,-119.8683297
43:21.2,-0.404,0.345,0.1,43:21.2,50.6470882,-119.8770825
43:21.4,-0.392,0.33,-0.003,43:21.4,50.52553509,-119.8919859
43:21.7,-0.274,0.465,0.052,43:21.6,50.43446892,-119.9099535
43:21.9,-0.262,0.384,0.069,43:21.9,50.32013675,-119.9247147
43:22.1,-0.264,0.493,0.058,43:22.1,50.22864871,-119.942627
43:22.3,-0.141,0.398,0.02,43:22.3,50.11724751,-119.9585238
43:22.5,-0.311,0.399,0.018,43:22.6,50.00405816,-119.9775842
43:22.8,-0.444,0.481,0.035,43:22.8,49.91537734,-119.9899151
43:23.0,-0.358,0.308,0.056,43:23.0,49.79604951,-120.0015357
43:23.2,-0.32,0.421,0.018,43:23.2,49.7031618,-120.0056863
43:23.4,-0.376,0.341,0.085,43:23.4,49.58827171,-120.0087938
43:23.6,-0.361,0.364,0.114,43:23.6,49.49339752,-120.0041434
43:23.9,-0.352,0.332,0.114,43:23.9,49.37144442,-119.9916921
43:24.1,-0.345,0.39,0.069,43:24.1,49.25805347,-119.9803254
43:24.3,-0.297,0.326,0.105,43:24.3,49.15737877,-119.9585967
43:24.5,-0.368,0.472,0.107,43:24.6,49.04075566,-119.9429865
43:24.8,-0.414,0.468,0.077,43:24.8,48.93976852,-119.9272918
43:25.0,-0.37,0.315,0.056,43:25.0,48.79315366,-119.908378
43:25.2,-0.496,0.364,0.105,43:25.2,48.68764117,-119.888882
43:25.5,-0.404,0.429,0.045,43:25.4,48.58030299,-119.8682426
43:25.7,-0.396,0.4,0.032,43:25.7,48.45326903,-119.8515469
43:25.9,-0.315,0.507,0.019,43:25.9,48.35040025,-119.8389774
43:26.1,-0.421,0.398,0.03,43:26.2,48.19877261,-119.8229138
43:26.4,-0.369,0.405,0.058,43:26.4,48.09896005,-119.8185141
43:26.6,-0.262,0.372,0.084,43:26.6,47.97361237,-119.8173544
43:26.8,-0.353,0.289,0.009,43:26.8,47.87693712,-119.8168357
43:27.0,-0.335,0.478,0.039,43:27.0,47.77794126,-119.8240747
43:27.3,-0.371,0.348,0.049,43:27.3,47.63774165,-119.8256975
43:27.5,-0.312,0.396,0.066,43:27.5,47.53924837,-119.8362283
43:27.7,-0.355,0.442,0.049,43:27.7,47.42281371,-119.8476679
43:27.9,-0.322,0.326,0.051,43:27.9,47.33632197,-119.8518635
43:28.2,-0.386,0.4,0.043,43:28.2,47.22629559,-119.8610105
43:28.4,-0.331,0.256,0.069,43:28.4,47.1044764,-119.8663466
43:28.6,-0.31,0.42,0.07,43:28.6,46.98939983,-119.8681193
43:28.9,-0.328,0.402,0.014,43:28.8,46.88977361,-119.8672643
43:29.1,-0.38,0.422,0.1,43:29.1,46.7948683,-119.8613952
43:29.3,-0.443,0.476,0.087,43:29.3,46.67592288,-119.8528017
43:29.5,-0.469,0.296,0.07,43:29.6,46.5246645,-119.835421
43:29.8,-0.527,0.401,0.061,43:29.8,46.42561297,-119.8330811
43:30.0,-0.522,0.265,0.105,43:30.0,46.32395513,-119.8140883
43:30.2,-0.459,0.373,0.082,43:30.2,46.19582831,-119.796462
43:30.4,-0.478,0.462,0.024,43:30.4,46.08494799,-119.771799
43:30.7,-0.379,0.286,0.073,43:30.7,45.93229959,-119.7483435
43:30.9,-0.364,0.348,0.109,43:30.9,45.83191348,-119.7326557
43:31.1,-0.382,0.347,0.079,43:31.1,45.69389295,-119.7135562
43:31.3,-0.251,0.462,0.096,43:31.3,45.58755142,-119.7058095
43:31.6,-0.437,0.478,0.047,43:31.5,45.4792053,-119.7009706
43:31.8,-0.441,0.415,0.067,43:31.8,45.35561927,-119.6993481
43:32.0,-0.368,0.527,0.095,43:32.0,45.23541965,-119.6961921
43:32.2,-0.414,0.414,0.02,43:32.3,45.11223043,-119.7045638
43:32.5,-0.293,0.381,0.04,43:32.5,45.02299614,-119.7173771
43:32.7,-0.322,0.447,0.035,43:32.7,44.92993899,-119.7280516
43:32.9,-0.398,0.424,-0.007,43:32.9,44.83955618,-119.7404121
43:33.1,-0.333,0.389,0.054,43:33.1,44.69728862,-119.7505265
43:33.3,-0.292,0.411,0.043,43:33.3,44.60004952,-119.7569997
43:33.5,-0.282,0.522,0.054,43:33.5,44.4972893,-119.7632974
43:33.8,-0.405,0.372,0.068,43:33.7,44.39986693,-119.7720573
43:34.0,-0.437,0.285,0.1,43:34.0,44.27728232,-119.7775748
43:34.2,-0.39,0.368,0.062,43:34.2,44.15711208,-119.779147
43:34.4,-0.452,0.312,-0.005,43:34.5,44.03444111,-119.7767922
43:34.7,-0.326,0.392,0.098,43:34.7,43.93882139,-119.7760269
43:34.9,-0.334,0.299,0.056,43:34.9,43.84412931,-119.7704393
43:35.1,-0.354,0.372,0.054,43:35.1,43.72501845,-119.7619368
43:35.3,-0.289,0.363,0.05,43:35.3,43.6033935,-119.75081
43:35.6,-0.289,0.299,0.066,43:35.6,43.47843646,-119.7457029
43:35.8,-0.369,0.4,0.082,43:35.8,43.38187242,-119.7340619
43:36.0,-0.388,0.261,0.073,43:36.0,43.28491352,-119.7267804
43:36.2,-0.358,0.373,0.071,43:36.2,43.16586704,-119.7201535
43:36.4,-0.401,0.319,0.073,43:36.4,43.04738951,-119.7134004
43:36.7,-0.471,0.29,0.016,43:36.7,42.93313873,-119.7099824
43:36.9,-0.365,0.374,0.095,43:36.9,42.83633803,-119.7038948
43:37.1,-0.41,0.313,0.068,43:37.1,42.72400674,-119.6981989
43:37.3,-0.361,0.291,0.072,43:37.3,42.63124016,-119.6958613
43:37.6,-0.504,0.279,0.035,43:37.5,42.5384883,-119.6933981
43:37.8,-0.345,0.321,0.093,43:37.8,42.39575245,-119.6877583
43:38.0,-0.373,0.401,0.074,43:38.0,42.3027747,-119.6876446
43:38.3,-0.392,0.278,0.074,43:38.3,42.18749128,-119.6831596
43:38.5,-0.284,0.436,0.055,43:38.5,42.08742197,-119.6830087
43:38.7,-0.319,0.289,0.055,43:38.7,41.96901656,-119.680546
43:39.0,-0.385,0.466,0.033,43:39.0,41.81435227,-119.6799997
43:39.2,-0.442,0.356,0.039,43:39.2,41.71398895,-119.6769856
43:39.4,-0.233,0.295,0.081,43:39.4,41.58461385,-119.6773906
43:39.6,-0.438,0.465,0.045,43:39.6,41.48800667,-119.6768762
43:39.8,-0.432,0.38,0.069,43:39.8,41.38769676,-119.6752049
43:40.1,-0.369,0.437,0.126,43:40.1,41.24150855,-119.6680478
43:40.3,-0.551,0.314,0.113,43:40.3,41.13969937,-119.6578704
43:40.5,-0.407,0.368,0.061,43:40.5,41.04094112,-119.652805
43:40.8,-0.384,0.374,0.076,43:40.8,40.91022598,-119.6421585
43:41.0,-0.442,0.363,0.102,43:41.0,40.80729916,-119.6376024
43:41.2,-0.411,0.499,0.08,43:41.2,40.64810173,-119.6216499
43:41.5,-0.305,0.376,0.074,43:41.4,40.54737162,-119.6003949
43:41.7,-0.278,0.327,0.076,43:41.7,40.42493372,-119.5919408
43:41.9,-0.4,0.184,0.027,43:41.9,40.31500351,-119.5774577
43:42.1,-0.443,0.468,0.074,43:42.1,40.18687825,-119.5634885
43:42.4,-0.454,0.449,0.118,43:42.3,40.05875345,-119.5540702
43:42.6,-0.405,0.251,0.082,43:42.6,39.96132931,-119.5511147
43:42.8,-0.453,0.356,0.116,43:42.8,39.86923501,-119.5456823
43:43.0,-0.334,0.365,-0.005,43:43.0,39.75528281,-119.546849
43:43.2,-0.356,0.248,0.023,43:43.2,39.64380158,-119.5524443
43:43.5,-0.453,0.366,0.034,43:43.5,39.53341683,-119.5566169
43:43.7,-0.193,0.406,0.056,43:43.7,39.44744909,-119.5645967
43:43.9,-0.347,0.471,-0.006,43:43.9,39.33385746,-119.5702532
43:44.1,-0.424,0.474,0.036,43:44.1,39.23709548,-119.5763675
43:44.3,-0.353,0.401,0.066,43:44.4,39.11771778,-119.5814047
43:44.6,-0.419,0.34,0.052,43:44.6,39.00065425,-119.5853461
43:44.8,-0.47,0.381,0.025,43:44.8,38.89725185,-119.5861966
43:45.0,-0.269,0.363,0.004,43:45.0,38.77431031,-119.5892387
43:45.2,-0.458,0.252,0.055,43:45.2,38.67340396,-119.5921203
43:45.5,-0.375,0.438,0.087,43:45.5,38.55022216,-119.5971612
43:45.7,-0.367,0.318,0.095,43:45.7,38.42341669,-119.5917165
43:45.9,-0.176,0.38,0.085,43:45.9,38.31677491,-119.5835933
43:46.2,-0.404,0.281,0.076,43:46.2,38.189869,-119.5756538
43:46.4,-0.453,0.338,0.027,43:46.4,38.06365268,-119.5649387
43:46.6,-0.4,0.333,0.067,43:46.6,37.95738471,-119.5558721
43:46.9,-0.326,0.268,0.017,43:46.8,37.83212311,-119.5484741
43:47.1,-0.282,0.361,0.059,43:47.0,37.73922237,-119.5410938
43:47.3,-0.334,0.389,0.05,43:47.3,37.61702135,-119.5367773
43:47.5,-0.421,0.287,0.064,43:47.5,37.49938685,-119.5283453
43:47.7,-0.393,0.406,0.103,43:47.7,37.40534685,-119.5212983
43:48.0,-0.297,0.353,0.095,43:48.0,37.29062663,-119.5106978
43:48.2,-0.383,0.359,0.077,43:48.2,37.20097268,-119.5066816
43:48.4,-0.385,0.319,0.066,43:48.4,37.08884584,-119.4942005
43:48.6,-0.326,0.415,0.093,43:48.6,36.97212308,-119.4897079
43:48.8,-0.34,0.41,-0.01,43:48.8,36.87943248,-119.4884653
43:49.1,-0.436,0.388,0.058,43:49.1,36.76472104,-119.4907044
43:49.3,-0.318,0.316,0.068,43:49.3,36.65674791,-119.4935041
43:49.5,-0.403,0.326,0.057,43:49.5,36.56449659,-119.50075
43:49.8,-0.303,0.397,0.02,43:49.8,36.4494381,-119.5056602
43:50.0,-0.225,0.437,0.098,43:50.0,36.36046925,-119.5085571
43:50.2,-0.32,0.375,0.059,43:50.3,36.22361273,-119.5149857
43:50.5,-0.297,0.244,0.066,43:50.5,36.12481528,-119.5265937
43:50.7,-0.413,0.397,0.056,43:50.7,36.00599464,-119.5330581
43:50.9,-0.311,0.43,0.086,43:50.9,35.91279591,-119.5416512
43:51.1,-0.281,0.369,0.063,43:51.1,35.79229324,-119.5440357
43:51.4,-0.385,0.441,0.094,43:51.4,35.67395982,-119.5500696
43:51.6,-0.392,0.331,0.079,43:51.6,35.56954772,-119.5498198
43:51.8,-0.453,0.327,0.083,43:51.8,35.44356918,-119.5479468
43:52.0,-0.401,0.466,0.062,43:52.0,35.33831465,-119.5436452
43:52.3,-0.445,0.441,0.096,43:52.3,35.20678028,-119.5352057
43:52.5,-0.481,0.369,0.069,43:52.5,35.07233866,-119.5261915
43:52.7,-0.462,0.365,0.106,43:52.7,34.9354811,-119.5106701
43:53.0,-0.412,0.299,0.103,43:53.0,34.79784723,-119.4911422
43:53.2,-0.499,0.386,0.072,43:53.2,34.68453338,-119.4707038
43:53.4,-0.551,0.312,0.054,43:53.4,34.56788146,-119.4528184
43:53.6,-0.464,0.415,0.106,43:53.7,34.40049073,-119.425942
43:53.9,-0.269,0.356,0.125,43:53.9,34.29182828,-119.4073582
43:54.1,-0.41,0.505,0.088,43:54.1,34.18593598,-119.3891307
43:54.3,-0.282,0.393,0.106,43:54.3,34.08845544,-119.3788803
43:54.5,-0.276,0.322,0.059,43:54.5,33.9687891,-119.3748974
43:54.7,-0.378,0.287,0.108,43:54.7,33.85283677,-119.3702548
43:55.0,-0.317,0.403,0.148,43:55.0,33.74623346,-119.366622
43:55.2,-0.138,0.458,0.053,43:55.2,33.66612633,-119.3717936
43:55.4,-0.417,0.328,0.038,43:55.4,33.56372771,-119.3742826
43:55.6,-0.292,0.27,0.093,43:55.6,33.48460302,-119.3883105
43:55.8,-0.362,0.319,0.048,43:55.9,33.38457316,-119.4030205
43:56.1,-0.294,0.451,0.043,43:56.1,33.27909254,-119.4134959
43:56.3,-0.242,0.412,0.043,43:56.3,33.19564701,-119.4318616
43:56.5,-0.28,0.414,0.008,43:56.5,33.08582088,-119.4472464
43:56.8,-0.347,0.379,0.031,43:56.7,32.99670923,-119.4617181
43:57.0,-0.305,0.434,0.032,43:57.0,32.8820889,-119.4702534
43:57.2,-0.412,0.476,0.028,43:57.2,32.7648877,-119.478194
43:57.4,-0.343,0.368,0,43:57.4,32.66678591,-119.4906
43:57.7,-0.435,0.265,-0.028,43:57.7,32.54511298,-119.495644
43:57.9,-0.386,0.342,0.003,43:57.9,32.44453496,-119.493077
43:58.1,-0.392,0.374,0.021,43:58.1,32.31671996,-119.4884666
43:58.4,-0.384,0.342,0.045,43:58.3,32.18409811,-119.4805103
43:58.6,-0.404,0.387,0.073,43:58.6,32.07446584,-119.4686039
43:58.8,-0.405,0.275,0.074,43:58.8,31.94055136,-119.4618183
43:59.0,-0.425,0.293,0.067,43:59.0,31.82857387,-119.4475715
43:59.2,-0.292,0.345,0.037,43:59.2,31.70419824,-119.4428114
43:59.5,-0.397,0.407,0.107,43:59.5,31.57720334,-119.4246286
43:59.7,-0.349,0.265,0.033,43:59.7,31.45318938,-119.408191
43:59.9,-0.411,0.236,0.066,43:59.9,31.36105723,-119.3994964
44:00.1,-0.426,0.388,0.073,44:00.2,31.24317996,-119.3896086
44:00.4,-0.355,0.365,0.037,44:00.4,31.15157683,-119.3824453
44:00.6,-0.301,0.255,0.066,44:00.6,31.01659879,-119.3704393
44:00.8,-0.463,0.333,0.057,44:00.8,30.92278076,-119.3679248
44:01.1,-0.346,0.236,0.052,44:01.0,30.82879018,-119.3641917
44:01.3,-0.419,0.371,0.088,44:01.3,30.72293686,-119.3635666
44:01.5,-0.361,0.342,0.112,44:01.5,30.63386609,-119.3655096
44:01.8,-0.437,0.372,0.035,44:01.8,30.49663567,-119.3575251
44:02.0,-0.454,0.382,0.065,44:02.0,30.40868222,-119.3555637
44:02.2,-0.25,0.331,0.048,44:02.2,30.29594132,-119.3580589
44:02.4,-0.357,0.46,0.05,44:02.4,30.19677063,-119.3591435
44:02.6,-0.294,0.388,0.054,44:02.6,30.08218842,-119.3570322
44:02.9,-0.36,0.398,0.059,44:02.9,29.95954622,-119.3586617
44:03.1,-0.485,0.375,0.058,44:03.1,29.86268929,-119.3605904
44:03.3,-0.421,0.353,0.038,44:03.3,29.73750744,-119.3616564
44:03.5,-0.442,0.368,0.027,44:03.5,29.6348843,-119.3657656
44:03.8,-0.339,0.493,0.005,44:03.8,29.50861672,-119.3649969
44:04.0,-0.404,0.384,0.102,44:04.0,29.37851428,-119.363576
44:04.2,-0.213,0.322,0.058,44:04.2,29.25230554,-119.3607575
44:04.5,-0.401,0.375,0.111,44:04.4,29.14144263,-119.3557748
44:04.7,-0.416,0.451,0.106,44:04.7,29.01744063,-119.3492706
44:04.9,-0.472,0.499,0.074,44:04.9,28.91498316,-119.3430141
44:05.2,-0.497,0.364,0.089,44:05.2,28.75648669,-119.3385768
44:05.4,-0.367,0.391,0.094,44:05.4,28.65143596,-119.3310147
44:05.6,-0.416,0.45,0.109,44:05.6,28.53695724,-119.3196331
44:05.8,-0.433,0.363,0.023,44:05.8,28.40760764,-119.3053797
44:06.0,-0.473,0.446,0.06,44:06.0,28.29953082,-119.2932135
44:06.3,-0.458,0.399,0.073,44:06.3,28.14220725,-119.2815838
44:06.5,-0.42,0.353,0.087,44:06.5,28.03889633,-119.267987
44:06.7,-0.521,0.446,0.096,44:06.7,27.93053301,-119.2526058
44:06.9,-0.418,0.412,0.084,44:06.9,27.80475058,-119.2448569
44:07.1,-0.342,0.354,0.072,44:07.2,27.68654278,-119.2385633
44:07.4,-0.389,0.379,0.086,44:07.4,27.56598084,-119.2385409
44:07.6,-0.35,0.272,0.053,44:07.6,27.46698002,-119.2368378
44:07.8,-0.294,0.418,0.021,44:07.8,27.3748937,-119.2338945
44:08.0,-0.389,0.369,0.021,44:08.1,27.26000339,-119.2359387
44:08.3,-0.504,0.384,0.081,44:08.3,27.1660283,-119.2368813
44:08.5,-0.386,0.401,0.07,44:08.5,27.05296814,-119.2429333
44:08.7,-0.402,0.383,0.04,44:08.7,26.93642641,-119.2377133
44:08.9,-0.474,0.351,0.023,44:08.9,26.83597059,-119.239932
44:09.2,-0.421,0.365,0.064,44:09.1,26.73946703,-119.2420774
44:09.4,-0.316,0.479,0.045,44:09.4,26.62002627,-119.2425306
44:09.6,-0.481,0.396,0.089,44:09.6,26.49710533,-119.241895
44:09.8,-0.389,0.324,0.082,44:09.9,26.37928345,-119.2393324
44:10.1,-0.339,0.477,0.055,44:10.1,26.27932281,-119.2390007
44:10.3,-0.4,0.375,0.058,44:10.3,26.18320652,-119.2416303
44:10.5,-0.289,0.407,0.085,44:10.5,26.05913901,-119.2424577
44:10.7,-0.271,0.244,0.067,44:10.7,25.93468969,-119.2399253
44:11.0,-0.275,0.378,0,44:11.0,25.81210209,-119.2366143
44:11.2,-0.357,0.247,0.044,44:11.2,25.7172627,-119.2391238
44:11.4,-0.341,0.292,0.06,44:11.4,25.62333264,-119.2375082
44:11.6,-0.398,0.426,0.058,44:11.6,25.49888284,-119.2315311
44:11.8,-0.356,0.435,0.107,44:11.8,25.40695456,-119.235599
44:12.1,-0.265,0.287,0.037,44:12.1,25.29265271,-119.2353575
44:12.3,-0.383,0.377,0.052,44:12.3,25.17441093,-119.2350565
44:12.5,-0.313,0.376,0.094,44:12.5,25.07897345,-119.2377872
44:12.7,-0.392,0.337,0.08,44:12.7,24.9648215,-119.2338298
44:12.9,-0.345,0.4,0.07,44:12.9,24.8738904,-119.2315148
44:13.2,-0.374,0.398,0.049,44:13.2,24.76160056,-119.2247156
44:13.4,-0.396,0.541,0.062,44:13.4,24.64762327,-119.2254895
44:13.6,-0.466,0.224,0.092,44:13.6,24.55907047,-119.2230749
44:13.9,-0.364,0.323,0.076,44:13.9,24.44607196,-119.2131017
44:14.1,-0.403,0.402,0.039,44:14.1,24.33048053,-119.2023533
44:14.3,-0.333,0.294,0.102,44:14.3,24.24158399,-119.1954351
44:14.5,-0.302,0.324,0.056,44:14.5,24.13010516,-119.1877082
44:14.8,-0.442,0.329,0.069,44:14.7,24.03599894,-119.1733427
44:15.0,-0.404,0.274,0.019,44:15.0,23.92248064,-119.164205
44:15.2,-0.365,0.263,0.024,44:15.2,23.83353274,-119.1563279
44:15.4,-0.322,0.305,0.101,44:15.4,23.71665324,-119.1500458
44:15.7,-0.349,0.391,0.088,44:15.7,23.60370772,-119.1507312
44:15.9,-0.311,0.302,0.057,44:15.9,23.49885946,-119.1451805
44:16.1,-0.334,0.406,0.104,44:16.1,23.41393691,-119.1482086
44:16.3,-0.255,0.372,0.062,44:16.3,23.31241592,-119.1529053
44:16.5,-0.271,0.365,0.071,44:16.5,23.23547391,-119.15699
44:16.8,-0.324,0.435,0.033,44:16.8,23.13768923,-119.1629408
44:17.0,-0.289,0.36,0.073,44:17.0,23.04493414,-119.1698131
44:17.2,-0.26,0.296,0.06,44:17.2,22.97279698,-119.1755083
44:17.4,-0.211,0.279,0.014,44:17.4,22.90585682,-119.1829137
44:17.7,-0.182,0.345,0.048,44:17.7,22.82287799,-119.1864583
44:17.9,-0.317,0.301,0.064,44:17.9,22.74361601,-119.183978
44:18.1,-0.283,0.176,0.133,44:18.1,22.66850519,-119.1827821
44:18.3,-0.223,0.149,0.107,44:18.3,22.61675497,-119.1748652
44:18.6,-0.175,0.142,0.069,44:18.5,22.55684846,-119.1659602
44:18.8,-0.322,0.059,0.095,44:18.8,22.4876776,-119.1562259
44:19.0,-0.319,0.211,0.09,44:19.0,22.42312463,-119.149165
44:19.3,-0.388,0.136,0.108,44:19.3,22.35344074,-119.1420589
44:19.5,-0.446,0.166,0.036,44:19.5,22.29673479,-119.1344807
44:19.7,-0.364,0.163,0.075,44:19.7,22.2252626,-119.1265951
44:19.9,-0.39,0.111,0.083,44:19.9,22.16877697,-119.1220477
44:20.1,-0.47,0.108,0.066,44:20.1,22.0943264,-119.11862
44:20.4,-0.221,0.234,0.085,44:20.4,22.01479591,-119.1196675
44:20.6,-0.189,0.133,0.02,44:20.6,21.95007744,-119.1281388
44:20.8,-0.39,0.082,0.031,44:20.8,21.87213805,-119.1403885
44:21.0,-0.333,0.148,-0.011,44:21.1,21.79680071,-119.1564234
44:21.3,-0.318,0.276,0.063,44:21.3,21.74428985,-119.1745055
44:21.5,-0.316,0.174,0.061,44:21.5,21.68148517,-119.1975945
44:21.7,-0.225,0.184,0.039,44:21.7,21.62680949,-119.2247287
44:21.9,-0.216,0.117,0.019,44:21.9,21.57109391,-119.2584929
44:22.2,-0.214,0.107,0.062,44:22.2,21.53526931,-119.2923813
44:22.4,-0.354,0.044,0.024,44:22.4,21.48737765,-119.3287843
44:22.6,-0.251,0.179,0.037,44:22.6,21.44769533,-119.3726103
44:22.9,-0.142,0.082,0.101,44:22.8,21.42365518,-119.4050484
44:23.1,-0.125,0.083,0.149,44:23.1,21.38785704,-119.4527137
44:23.3,-0.216,0.095,0.117,44:23.3,21.35479318,-119.5026365
44:23.5,-0.184,0.178,0.069,44:23.5,21.3256374,-119.5434577
44:23.8,-0.161,0.151,0.097,44:23.8,21.28322216,-119.6000344
44:24.0,-0.19,0.181,0.041,44:24.0,21.25939514,-119.6275919
44:24.2,-0.324,0.2,0.028,44:24.2,21.22472247,-119.6677466
44:24.4,-0.195,0.232,0.056,44:24.4,21.1977094,-119.6982921
44:24.6,-0.346,0.093,0.047,44:24.6,21.15834751,-119.7343877
44:24.9,-0.248,0.084,0.005,44:24.9,21.11906713,-119.7704979
44:25.1,-0.323,0.132,0.018,44:25.1,21.08168036,-119.8071176
44:25.3,-0.196,0.191,0.047,44:25.3,21.0532502,-119.8323096
44:25.5,-0.331,0.081,0.09,44:25.5,21.01560844,-119.8574197
44:25.7,-0.221,0.092,0.057,44:25.8,20.97398961,-119.889365
44:26.0,-0.203,0.115,0.038,44:26.0,20.94110576,-119.9200869
44:26.2,-0.29,0.08,0.053,44:26.2,20.89909056,-119.9698171
44:26.4,-0.299,0.137,0.07,44:26.4,20.87153156,-120.0080633
44:26.6,-0.354,0.24,0.026,44:26.6,20.84663969,-120.0467864
44:26.9,-0.346,0.265,0.042,44:26.9,20.81883491,-120.1045173
44:27.1,-0.281,0.173,0.011,44:27.1,20.79949466,-120.1636571
44:27.3,-0.201,0.123,0.042,44:27.4,20.7721014,-120.2453296
44:27.6,-0.281,0.19,0.008,44:27.6,20.75971912,-120.3100322
44:27.8,-0.264,0.214,0.007,44:27.8,20.74453577,-120.3907137
44:28.0,-0.266,0.187,0.005,44:28.0,20.7346436,-120.4600732
44:28.2,-0.115,0.306,0.045,44:28.2,20.7250226,-120.5422921
44:28.5,-0.2,0.19,-0.029,44:28.5,20.71549425,-120.6217019
44:28.7,-0.34,0.155,0.039,44:28.7,20.71182998,-120.6887749
44:28.9,-0.248,0.198,0.034,44:28.9,20.71013542,-120.7588098
44:29.1,-0.271,0.123,0.004,44:29.1,20.71111003,-120.8226961
44:29.4,-0.183,0.22,0.087,44:29.4,20.70715046,-120.8928581
44:29.6,-0.242,0.091,0.016,44:29.6,20.70476518,-120.9596307
44:29.8,-0.256,0.171,0.035,44:29.8,20.70199382,-121.0119019
44:30.0,-0.202,0.029,0.075,44:30.0,20.6963959,-121.0723078
44:30.3,-0.282,0.102,0.023,44:30.2,20.69606813,-121.1215562
44:30.5,-0.142,0.085,0.024,44:30.5,20.69493334,-121.1754042
44:30.7,-0.188,0.145,0.051,44:30.7,20.69135581,-121.2280513
44:30.9,-0.206,0.169,0.072,44:30.9,20.68405481,-121.2673621
44:31.2,-0.197,0.052,0.079,44:31.2,20.67592386,-121.316703
44:31.4,-0.098,0.12,0.049,44:31.4,20.67436409,-121.3497761
44:31.6,-0.21,0.16,0.134,44:31.6,20.67286596,-121.3995331
44:31.9,-0.206,0.148,0.059,44:31.8,20.67385854,-121.4456251
44:32.1,-0.242,0.164,0.078,44:32.1,20.67393953,-121.4877991
44:32.3,-0.145,0.206,0.038,44:32.3,20.68081385,-121.5436475
44:32.5,-0.215,0.259,0.032,44:32.5,20.68469932,-121.6001125
44:32.7,-0.147,0.204,-0.019,44:32.7,20.6917574,-121.6538625
44:33.0,-0.352,0.288,0.038,44:33.0,20.69933218,-121.7194642
44:33.2,-0.212,0.212,0.004,44:33.2,20.71648199,-121.7892957
44:33.4,-0.182,0.218,0.007,44:33.4,20.7300524,-121.8570283
44:33.6,-0.26,0.445,0.016,44:33.7,20.74961369,-121.9417079
44:33.9,-0.336,0.382,0.053,44:33.8,20.76177317,-122.0183351
44:34.1,-0.309,0.32,0.014,44:34.1,20.78260583,-122.1093159
44:34.3,-0.337,0.402,-0.001,44:34.3,20.80119795,-122.2106974
44:34.5,-0.351,0.283,0.005,44:34.5,20.82049833,-122.3034101
44:34.8,-0.354,0.288,0.01,44:34.8,20.84491477,-122.4085793
44:35.0,-0.327,0.317,-0.014,44:35.0,20.86225948,-122.4918448
44:35.2,-0.247,0.392,0.011,44:35.3,20.88572962,-122.6149109
44:35.5,-0.282,0.177,0.053,44:35.5,20.8935154,-122.6895252
44:35.7,-0.221,0.367,0.036,44:35.7,20.90205628,-122.7625134
44:35.9,-0.156,0.352,0.065,44:35.9,20.91736043,-122.8525995
44:36.1,-0.169,0.259,0.063,44:36.1,20.92375751,-122.9199047
44:36.4,-0.328,0.046,0.084,44:36.4,20.93367521,-123.0192432
44:36.6,-0.26,0.301,0.091,44:36.6,20.93498374,-123.079169
44:36.8,-0.311,0.27,0.081,44:36.8,20.93355721,-123.1391608
44:37.0,-0.317,0.358,0.077,44:37.0,20.93012824,-123.2189038
44:37.2,-0.313,0.288,0.11,44:37.2,20.92778136,-123.2845338
44:37.5,-0.156,0.337,0.123,44:37.5,20.93072601,-123.3869393
44:37.7,-0.387,0.441,0.035,44:37.7,20.93709535,-123.4590383
44:37.9,-0.439,0.292,0.03,44:37.9,20.94234357,-123.5544109
44:38.1,-0.333,0.381,0.026,44:38.1,20.95316252,-123.645086
44:38.4,-0.395,0.547,0.022,44:38.3,20.9607706,-123.7485347
44:38.6,-0.379,0.459,-0.027,44:38.6,20.97071959,-123.8923331
44:38.8,-0.397,0.458,-0.035,44:38.8,20.97769148,-124.0120765
44:39.0,-0.4,0.591,-0.017,44:39.0,20.98495075,-124.1387082
44:39.2,-0.488,0.423,0.023,44:39.2,20.99572105,-124.2865721
44:39.5,-0.349,0.507,-0.01,44:39.5,21.02098952,-124.4593237
44:39.7,-0.389,0.456,0.074,44:39.7,21.02483185,-124.6066286
44:39.9,-0.499,0.418,0.058,44:39.9,21.0353456,-124.7315638
44:40.2,-0.373,0.475,0.089,44:40.2,21.04254097,-124.8767181
44:40.4,-0.289,0.421,0.038,44:40.4,21.04393689,-124.9951858
44:40.6,-0.398,0.334,0.058,44:40.6,21.04662123,-125.1031379
44:40.9,-0.371,0.26,0.075,44:40.9,21.03902441,-125.2656993
44:41.1,-0.302,0.336,0.103,44:41.1,21.03991691,-125.3581152
44:41.3,-0.25,0.252,0.106,44:41.3,21.02975321,-125.4460022
44:41.5,-0.269,0.32,0.053,44:41.5,21.02045372,-125.550819
44:41.7,-0.395,0.254,0.067,44:41.7,21.00955223,-125.6524016
44:42.0,-0.495,0.232,0.045,44:42.0,20.99047707,-125.7456789
44:42.2,-0.37,0.267,0.049,44:42.2,20.9804199,-125.8205232
44:42.4,-0.19,0.338,0.062,44:42.4,20.96795897,-125.9215644
44:42.6,-0.396,0.226,0.057,44:42.6,20.9564692,-126.0107852
44:42.8,-0.528,0.203,0.092,44:42.8,20.94840344,-126.110358
44:43.1,-0.249,0.499,0.019,44:43.1,20.94059337,-126.1996666
44:43.3,-0.322,0.44,0.076,44:43.3,20.9365084,-126.3143153
44:43.5,-0.444,0.449,0.063,44:43.5,20.93682503,-126.407646
44:43.7,-0.287,0.427,0.085,44:43.7,20.9309817,-126.5308976
44:44.0,-0.277,0.485,0.107,44:43.9,20.92530505,-126.6351121
44:44.2,-0.442,0.368,0.059,44:44.2,20.92441617,-126.7587296
44:44.4,-0.328,0.445,0.107,44:44.4,20.92365677,-126.8937088
44:44.6,-0.396,0.429,0.029,44:44.6,20.91913516,-127.007115
44:44.9,-0.303,0.375,0.054,44:44.9,20.91605926,-127.141867
44:45.1,-0.27,0.395,0.045,44:45.1,20.91672847,-127.2520178
44:45.3,-0.418,0.363,0.081,44:45.3,20.90988867,-127.3839224
44:45.6,-0.281,0.338,0.066,44:45.5,20.90385447,-127.5179871
44:45.8,-0.393,0.405,0.021,44:45.8,20.88971855,-127.6201211
44:46.0,-0.355,0.421,0.099,44:46.0,20.87648807,-127.7492048
44:46.2,-0.411,0.334,0.105,44:46.2,20.85751277,-127.8543844
44:46.4,-0.378,0.365,0.079,44:46.4,20.83938588,-127.9734592
44:46.7,-0.517,0.275,0.113,44:46.7,20.81675642,-128.0963128
44:46.9,-0.394,0.36,0.054,44:46.9,20.7937889,-128.2194604
44:47.1,-0.367,0.375,0.124,44:47.1,20.77909333,-128.3163254
44:47.3,-0.509,0.351,0.093,44:47.3,20.7586505,-128.4104967
44:47.5,-0.36,0.37,0.102,44:47.6,20.74200209,-128.5234107
44:47.8,-0.338,0.341,0.099,44:47.8,20.71922173,-128.6675552
44:48.0,-0.36,0.373,0.075,44:48.0,20.70828816,-128.7667735
44:48.2,-0.379,0.415,0.051,44:48.2,20.69834526,-128.8654234
44:48.5,-0.428,0.293,0.014,44:48.5,20.68788113,-128.9869757
44:48.7,-0.339,0.47,0.005,44:48.7,20.67982363,-129.0868354
44:48.9,-0.356,0.362,0.045,44:48.9,20.67916969,-129.2037952
44:49.1,-0.379,0.47,0.038,44:49.2,20.67385453,-129.3271673
44:49.4,-0.474,0.467,0.063,44:49.4,20.67376628,-129.4243974
44:49.6,-0.352,0.397,0.063,44:49.6,20.67136594,-129.5288752
44:49.8,-0.401,0.309,0.046,44:49.8,20.67302526,-129.6572735
44:50.1,-0.287,0.285,0.066,44:50.1,20.66774934,-129.806637
44:50.3,-0.375,0.328,0.055,44:50.3,20.66476869,-129.9153096
44:50.5,-0.559,0.397,0.009,44:50.5,20.65931599,-130.0207567
44:50.7,-0.426,0.394,0.103,44:50.7,20.64942632,-130.1525924
44:50.9,-0.386,0.477,0.055,44:50.9,20.64119785,-130.2543858
44:51.2,-0.449,0.44,0.068,44:51.2,20.6319724,-130.411449
44:51.4,-0.392,0.386,0.036,44:51.4,20.62642174,-130.5121434
44:51.6,-0.455,0.426,0.077,44:51.6,20.61570216,-130.6104788
44:51.8,-0.513,0.314,0.095,44:51.8,20.60070768,-130.7325908
44:52.0,-0.366,0.269,0.073,44:52.0,20.59315822,-130.8331099
44:52.3,-0.356,0.373,0.042,44:52.3,20.5825528,-130.9836404
44:52.5,-0.318,0.219,0.033,44:52.5,20.58055291,-131.0813178
44:52.7,-0.346,0.232,0.058,44:52.7,20.57675842,-131.17318
44:53.0,-0.412,0.311,0.055,44:53.0,20.57546456,-131.2842808
44:53.2,-0.313,0.31,0.068,44:53.2,20.57113113,-131.3724605
44:53.4,-0.293,0.294,0.064,44:53.4,20.56990767,-131.4982975
44:53.6,-0.225,0.279,0.089,44:53.6,20.57043,-131.569651
44:53.9,-0.256,0.329,0.065,44:53.8,20.56719752,-131.6414467
44:54.1,-0.216,0.234,0.089,44:54.1,20.56542052,-131.7321722
44:54.3,-0.25,0.248,0.068,44:54.3,20.56409872,-131.8201925
44:54.6,-0.239,0.331,0.096,44:54.6,20.56528797,-131.9017859
44:54.8,-0.197,0.273,0.054,44:54.8,20.56504443,-131.9626308
44:55.0,-0.289,0.278,0.092,44:55.0,20.56401517,-132.0252543
44:55.2,-0.307,0.251,0.096,44:55.2,20.56694419,-132.0982919
44:55.4,-0.213,0.207,0.071,44:55.4,20.57327878,-132.1591438
44:55.7,-0.208,0.263,0.098,44:55.7,20.57929638,-132.2464037
44:55.9,-0.357,0.155,0.036,44:55.9,20.58952354,-132.2948556
44:56.1,-0.333,0.221,0.083,44:56.1,20.60014946,-132.3523064
44:56.4,-0.216,0.242,0.103,44:56.3,20.60309314,-132.4066549
44:56.6,-0.362,0.177,0.059,44:56.6,20.61145035,-132.4707689
44:56.8,-0.201,0.115,0.038,44:56.8,20.62318443,-132.537723
44:57.1,-0.153,0.129,0.002,44:57.1,20.63540497,-132.605566
44:57.3,-0.299,0.102,0.063,44:57.3,20.64439562,-132.6642434
44:57.5,-0.325,0.09,0.057,44:57.5,20.65855339,-132.7302078
44:57.7,-0.368,0.226,0.001,44:57.7,20.67442866,-132.788131
44:58.0,-0.204,0.064,0.022,44:58.0,20.69549538,-132.8688288
44:58.2,-0.239,0.108,0.036,44:58.2,20.7068385,-132.9216729
44:58.4,-0.302,0.126,0.017,44:58.4,20.73195104,-132.983253
44:58.6,-0.211,0.113,0.028,44:58.6,20.74726179,-133.0275208
44:58.8,-0.326,0.051,0.016,44:58.9,20.77637492,-133.0893848
44:59.1,-0.309,0.179,0.045,44:59.1,20.80151987,-133.1457535
44:59.3,-0.355,0.122,0.006,44:59.3,20.82621202,-133.1939823
44:59.5,-0.201,0.228,0.021,44:59.5,20.85603875,-133.2488852
44:59.8,-0.24,0.132,-0.026,44:59.7,20.88233266,-133.2941259
45:00.0,-0.32,0.086,0.011,45:00.0,20.91923479,-133.3501415
45:00.2,-0.163,0.192,0.004,45:00.2,20.95699143,-133.4085534
45:00.5,-0.303,0.183,0.069,45:00.5,20.99665197,-133.459125
45:00.7,-0.365,0.083,0.047,45:00.7,21.02457233,-133.5041133
45:00.9,-0.37,0.081,0.061,45:00.9,21.06659955,-133.5586798
45:01.1,-0.293,0.063,0.038,45:01.1,21.10655604,-133.5985255
45:01.4,-0.209,0.149,0.077,45:01.4,21.14916182,-133.6489388
45:01.6,-0.226,0.102,0.055,45:01.6,21.1953815,-133.6945793
45:01.8,-0.189,0.008,0.058,45:01.8,21.23100254,-133.729915
45:02.0,-0.228,0.055,0.084,45:02.0,21.27864021,-133.7685012
45:02.2,-0.186,0.104,0.052,45:02.2,21.32461178,-133.8018332
45:02.5,-0.19,0.156,0.033,45:02.5,21.38139817,-133.8437043
45:02.7,-0.211,0.073,0.05,45:02.7,21.42474583,-133.8669711
45:02.9,-0.224,0.133,0.065,45:03.0,21.47498854,-133.8947082
45:03.2,-0.212,0.084,0.067,45:03.2,21.52328027,-133.9173751
45:03.4,-0.187,0.142,-0.01,45:03.4,21.58679688,-133.9457522
45:03.6,-0.217,0.164,0.032,45:03.6,21.64487759,-133.9711101
45:03.9,-0.202,0.074,0.026,45:03.8,21.6926589,-133.9972007
45:04.1,-0.197,0.042,0.014,45:04.1,21.7516051,-134.022768
45:04.3,-0.299,0.184,0.034,45:04.3,21.79821448,-134.0466381
45:04.5,-0.223,0.105,0.05,45:04.5,21.8596456,-134.081562
45:04.8,-0.246,0.05,0.077,45:04.8,21.91889681,-134.113695
45:05.0,-0.259,-0.04,0.059,45:05.0,21.97874101,-134.1406167
45:05.2,-0.072,0.038,0.027,45:05.2,22.02220725,-134.1623288
45:05.4,-0.303,0.102,0.018,45:05.4,22.08294505,-134.1943864
45:05.6,-0.156,0.06,-0.006,45:05.6,22.12857535,-134.2171452
45:05.9,-0.198,-0.009,0.011,45:05.9,22.19884439,-134.2486199
45:06.1,-0.2,0.067,0.012,45:06.1,22.24397746,-134.2700229
45:06.3,-0.268,0.122,0.046,45:06.3,22.28755622,-134.2810964
45:06.6,-0.254,0.158,-0.025,45:06.6,22.34302217,-134.3021604
45:06.8,-0.095,0.12,0.018,45:06.8,22.39027617,-134.308697
45:07.0,-0.077,0.121,0.041,45:07.0,22.46679561,-134.3187957
45:07.3,-0.252,0.11,-0.021,45:07.2,22.50907649,-134.3210112
45:07.5,-0.128,0.107,0.03,45:07.5,22.57207659,-134.3257848
45:07.7,-0.174,0.104,0.025,45:07.7,22.62824422,-134.3243543
45:07.9,-0.232,0.163,0.012,45:07.9,22.69064018,-134.3238025
45:08.2,-0.087,0.099,0.033,45:08.2,22.75743179,-134.3268762
45:08.4,-0.313,0.097,0.099,45:08.4,22.82419035,-134.3282368
45:08.6,-0.132,0.166,0.044,45:08.6,22.88432735,-134.3316599
45:08.8,-0.223,0.144,0.023,45:08.8,22.94750346,-134.3378078
45:09.1,-0.182,0.128,0.012,45:09.1,23.02637795,-134.3412673
45:09.3,-0.359,0.205,0.04,45:09.3,23.11962108,-134.3461388
45:09.5,-0.278,0.188,0.081,45:09.5,23.18959112,-134.3545189
45:09.8,-0.239,0.183,0.002,45:09.7,23.25303382,-134.3632785
45:10.0,-0.278,0.267,0.028,45:10.0,23.34319271,-134.3717721
45:10.2,-0.251,0.068,0.002,45:10.2,23.4128774,-134.381552
45:10.5,-0.223,0.182,0.025,45:10.5,23.51642665,-134.3917376
45:10.7,-0.295,0.16,0.009,45:10.7,23.58407908,-134.4040001
45:10.9,-0.259,0.168,0.014,45:10.9,23.66378462,-134.4085327
45:11.1,-0.277,0.123,0.07,45:11.1,23.7315543,-134.413737
45:11.3,-0.251,0.173,-0.04,45:11.3,23.81839713,-134.4134972
45:11.6,-0.136,0.108,-0.01,45:11.6,23.90452825,-134.4069532
45:11.8,-0.347,0.167,-0.005,45:11.8,23.99082729,-134.4036855
45:12.0,-0.061,0.2,0.017,45:12.0,24.05349939,-134.3927989
45:12.3,-0.179,0.128,0.026,45:12.3,24.12911421,-134.37479
45:12.5,-0.185,0.14,0.005,45:12.5,24.19423129,-134.3622886
45:12.7,-0.213,0.26,0.031,45:12.7,24.29422298,-134.3412499
45:13.0,-0.221,0.245,0.044,45:13.0,24.36603709,-134.3291512
45:13.2,-0.327,0.241,0.056,45:13.2,24.44089071,-134.3148862
45:13.4,-0.305,0.236,0.029,45:13.4,24.54305212,-134.3003297
45:13.6,-0.427,0.336,-0.018,45:13.6,24.6572248,-134.2933191
45:13.9,-0.331,0.267,-0.004,45:13.9,24.78001579,-134.287521
45:14.1,-0.481,0.361,0.01,45:14.1,24.89021283,-134.2829773
45:14.3,-0.461,0.324,0.038,45:14.3,25.0273732,-134.2827524
45:14.5,-0.364,0.21,-0.004,45:14.5,25.1478438,-134.288897
45:14.7,-0.485,0.254,-0.015,45:14.7,25.2593826,-134.2880629
45:15.0,-0.32,0.344,0.022,45:15.0,25.43421884,-134.282235
45:15.2,-0.39,0.374,0.07,45:15.2,25.55967467,-134.2816622
45:15.4,-0.385,0.345,0.023,45:15.4,25.70171493,-134.2746919
45:15.6,-0.4,0.227,0.047,45:15.7,25.83540971,-134.2640592
45:15.9,-0.289,0.326,0.138,45:15.9,25.95542955,-134.2589831
45:16.1,-0.242,0.339,0.048,45:16.1,26.08894211,-134.2472906
45:16.3,-0.233,0.259,0.086,45:16.3,26.19138712,-134.2310819
45:16.5,-0.256,0.382,0.074,45:16.5,26.2989065,-134.2263887
45:16.8,-0.186,0.348,0.092,45:16.8,26.38140864,-134.2037828
45:17.0,-0.186,0.226,0.098,45:17.0,26.47952091,-134.198597
45:17.2,-0.16,0.158,0.093,45:17.2,26.583555,-134.1852504
45:17.5,-0.226,0.255,0.077,45:17.5,26.6813418,-134.1713595
45:17.7,-0.273,0.211,0.071,45:17.7,26.76069007,-134.1605884
45:17.9,-0.315,0.301,0.07,45:17.9,26.85408801,-134.1535461
45:18.1,-0.289,0.357,0.022,45:18.1,26.92957347,-134.1534612
45:18.4,-0.335,0.321,0.027,45:18.4,27.02879869,-134.1467535
45:18.6,-0.349,0.341,0.037,45:18.6,27.1319729,-134.1500469
45:18.8,-0.255,0.288,-0.033,45:18.8,27.24621478,-134.150457
45:19.0,-0.427,0.238,-0.012,45:19.0,27.35354356,-134.1582837
45:19.3,-0.474,0.321,0.042,45:19.2,27.46404064,-134.1654109
45:19.5,-0.333,0.326,0.037,45:19.5,27.62465021,-134.1735881
45:19.8,-0.395,0.482,-0.021,45:19.7,27.74746069,-134.18575
45:20.0,-0.452,0.403,0.047,45:20.0,27.89805156,-134.1940789
45:20.2,-0.266,0.45,0.061,45:20.2,28.05121678,-134.2001995
45:20.4,-0.548,0.396,0.031,45:20.4,28.16388598,-134.2058445
45:20.7,-0.428,0.39,0.036,45:20.7,28.31681638,-134.2110245
45:20.9,-0.278,0.286,0.042,45:20.9,28.428037,-134.216734
45:21.1,-0.257,0.339,0.038,45:21.1,28.56365775,-134.220338
45:21.3,-0.259,0.363,0.031,45:21.3,28.69741532,-134.2248679
45:21.5,-0.216,0.36,0.087,45:21.5,28.79198205,-134.2221794
45:21.8,-0.259,0.3,0.06,45:21.8,28.91344037,-134.2203988
45:22.0,-0.285,0.163,0.086,45:22.0,28.99966267,-134.2175014
45:22.2,-0.333,0.131,0.09,45:22.2,29.10116244,-134.2184666
45:22.4,-0.16,0.238,0.047,45:22.4,29.17707296,-134.2128307
45:22.7,-0.259,0.267,0.046,45:22.7,29.27307719,-134.212285
45:22.9,-0.241,0.267,0.069,45:22.9,29.38831059,-134.2175097
45:23.1,-0.245,0.348,0.034,45:23.1,29.45450728,-134.2197329
45:23.3,-0.299,0.238,-0.002,45:23.3,29.55696285,-134.2298209
45:23.6,-0.389,0.276,0.081,45:23.6,29.66354137,-134.2362966
45:23.8,-0.332,0.359,0.084,45:23.8,29.75234732,-134.2468735
45:24.0,-0.445,0.356,0.064,45:24.1,29.89312853,-134.26148
45:24.3,-0.376,0.371,0.038,45:24.3,30.00230933,-134.275864
45:24.5,-0.347,0.411,0.031,45:24.5,30.11310281,-134.2917635
45:24.7,-0.452,0.448,0.014,45:24.7,30.24677237,-134.3049815
45:24.9,-0.377,0.449,0.018,45:24.9,30.3579407,-134.3191941
45:25.1,-0.316,0.349,0.005,45:25.1,30.49885026,-134.3364245
45:25.4,-0.339,0.298,0.06,45:25.4,30.61162845,-134.3459595
45:25.6,-0.217,0.346,0.053,45:25.6,30.7537718,-134.362811
45:25.8,-0.309,0.374,0.041,45:25.8,30.86479898,-134.3644999
45:26.0,-0.254,0.384,0.079,45:26.0,31.00285816,-134.3751769
45:26.2,-0.185,0.287,0.066,45:26.2,31.10611939,-134.3760669
45:26.5,-0.303,0.246,0.04,45:26.5,31.26001735,-134.3839562
45:26.7,-0.283,0.376,0.073,45:26.7,31.35734269,-134.3863027
45:26.9,-0.279,0.291,0.105,45:26.9,31.47653744,-134.3881077
45:27.1,-0.211,0.267,0.079,45:27.1,31.58086851,-134.3950455
45:27.4,-0.407,0.401,0.083,45:27.4,31.68712439,-134.4008517
45:27.6,-0.363,0.131,0.065,45:27.6,31.80722792,-134.4076687
45:27.8,-0.301,0.208,0.112,45:27.8,31.90869264,-134.4202668
45:28.1,-0.161,0.18,0.046,45:28.0,32.00536247,-134.4256728
45:28.3,-0.263,0.172,0.045,45:28.3,32.11354379,-134.4405545
45:28.5,-0.33,0.187,0.064,45:28.5,32.20809769,-134.4463999
45:28.8,-0.358,0.23,0.039,45:28.7,32.32113046,-134.4536298
45:29.0,-0.282,0.287,0.068,45:29.0,32.43089383,-134.4593365
45:29.2,-0.253,0.342,0.042,45:29.2,32.51929482,-134.4695587
45:29.4,-0.265,0.41,0.044,45:29.4,32.63723751,-134.479602
45:29.6,-0.372,0.411,0.031,45:29.6,32.73486474,-134.486069
45:29.9,-0.39,0.211,0.061,45:29.9,32.85661544,-134.4891115
45:30.1,-0.194,0.387,0.036,45:30.1,32.97988216,-134.4943387
45:30.3,-0.383,0.324,0.018,45:30.3,33.08302302,-134.4960138
45:30.5,-0.458,0.363,0.061,45:30.6,33.21071419,-134.5054497
45:30.8,-0.391,0.381,0.032,45:30.8,33.32413101,-134.5061746
45:31.0,-0.232,0.381,0.056,45:31.0,33.48098013,-134.5163078
45:31.2,-0.385,0.399,0.066,45:31.2,33.58929551,-134.5183628
45:31.5,-0.279,0.362,0.061,45:31.5,33.72063914,-134.523501
45:31.7,-0.327,0.342,0.1,45:31.7,33.82085627,-134.5299544
45:31.9,-0.387,0.328,0.085,45:31.9,33.92583097,-134.5372999
45:32.2,-0.439,0.393,0.04,45:32.2,34.07682805,-134.5519422
45:32.4,-0.372,0.305,0.104,45:32.4,34.17415895,-134.5615962
45:32.6,-0.34,0.31,0.069,45:32.6,34.2922751,-134.5761673
45:32.8,-0.254,0.298,0.125,45:32.8,34.38796381,-134.5872782
45:33.0,-0.452,0.292,0.053,45:33.0,34.50783609,-134.5962755
45:33.3,-0.316,0.23,0.093,45:33.3,34.63173158,-134.6052537
45:33.5,-0.396,0.256,0.098,45:33.5,34.75295637,-134.6093549
45:33.7,-0.231,0.307,0.044,45:33.7,34.85223174,-134.6119796
45:34.0,-0.386,0.332,0.081,45:34.0,34.97475731,-134.6055384
45:34.2,-0.364,0.269,0.074,45:34.2,35.07724206,-134.5997827
45:34.4,-0.278,0.34,0.039,45:34.4,35.22199555,-134.5885205
45:34.6,-0.25,0.327,0.05,45:34.7,35.31697766,-134.5754228
45:34.9,-0.345,0.373,0.038,45:34.9,35.43993351,-134.5570766
45:35.1,-0.263,0.326,0.038,45:35.1,35.53203155,-134.5459167
45:35.3,-0.205,0.35,0.072,45:35.3,35.65051515,-134.5315463
45:35.6,-0.303,0.254,0.04,45:35.6,35.77658561,-134.5155095
45:35.8,-0.302,0.407,-0.012,45:35.8,35.88371982,-134.5110143
45:36.0,-0.384,0.332,0.006,45:36.0,36.0086047,-134.50472
45:36.2,-0.324,0.306,0.045,45:36.2,36.13611571,-134.5180798
45:36.4,-0.424,0.465,0.033,45:36.5,36.23823055,-134.5157046
45:36.7,-0.494,0.27,0,45:36.7,36.36916094,-134.5239721
45:36.9,-0.436,0.224,0.054,45:36.9,36.47435145,-134.536582
45:37.1,-0.435,0.421,0.057,45:37.1,36.60833298,-134.5478983
45:37.4,-0.384,0.218,0.065,45:37.4,36.73726762,-134.56102
45:37.6,-0.406,0.318,0.04,45:37.6,36.84242783,-134.576747
45:37.8,-0.454,0.302,0.004,45:37.9,37.00525215,-134.5909756
45:38.1,-0.29,0.389,0.016,45:38.1,37.10921825,-134.6076954
45:38.3,-0.278,0.294,0.045,45:38.3,37.20405551,-134.6141828
45:38.5,-0.388,0.347,0.043,45:38.5,37.32934054,-134.6156494
45:38.7,-0.209,0.257,0.094,45:38.7,37.42504342,-134.6151038
45:39.0,-0.255,0.285,0.095,45:39.0,37.56897203,-134.6123678
45:39.2,-0.278,0.303,0.132,45:39.2,37.65813159,-134.6039847
45:39.4,-0.39,0.289,0.097,45:39.4,37.75412497,-134.5973424
45:39.6,-0.317,0.335,0.067,45:39.6,37.87089285,-134.5906395
45:39.8,-0.225,0.45,0.094,45:39.8,37.96755614,-134.5780955
45:40.1,-0.3,0.344,0.089,45:40.1,38.11281764,-134.5719118
45:40.3,-0.317,0.405,0.086,45:40.3,38.2135365,-134.5605767
45:40.5,-0.384,0.376,0.079,45:40.5,38.31514124,-134.5530707
45:40.7,-0.305,0.356,0.073,45:40.7,38.43787449,-134.5491473
45:41.0,-0.27,0.307,0.053,45:41.0,38.56818553,-134.5339901
45:41.2,-0.346,0.317,0.078,45:41.2,38.69143174,-134.5293374
45:41.4,-0.363,0.331,0.045,45:41.4,38.7919157,-134.527929
45:41.7,-0.386,0.213,0.036,45:41.7,38.91556971,-134.5280413
45:41.9,-0.299,0.366,0.052,45:41.9,39.03711824,-134.5308324
45:42.1,-0.286,0.244,0.083,45:42.1,39.12951779,-134.5366894
45:42.4,-0.324,0.241,0.054,45:42.3,39.24292935,-134.5385721
45:42.6,-0.27,0.216,0.069,45:42.6,39.33298645,-134.5423086
45:42.8,-0.35,0.306,0.032,45:42.8,39.44611774,-134.5484515
45:43.0,-0.361,0.278,0,45:43.0,39.53266183,-134.5518833
45:43.2,-0.283,0.297,0.087,45:43.2,39.64347554,-134.5543215
45:43.5,-0.372,0.171,0.071,45:43.5,39.75410047,-134.5633184
45:43.7,-0.377,0.333,-0.064,45:43.7,39.86577488,-134.5674372
45:43.9,-0.404,0.291,0.074,45:43.9,39.95933513,-134.5723946
45:44.1,-0.286,0.346,-0.003,45:44.2,40.0760986,-134.5834522
45:44.4,-0.436,0.356,0.067,45:44.4,40.17792681,-134.591882
45:44.6,-0.385,0.281,-0.006,45:44.6,40.31709913,-134.6048956
45:44.8,-0.264,0.427,0.068,45:44.8,40.41922165,-134.6162214
45:45.1,-0.349,0.416,0.038,45:45.1,40.54475836,-134.623034
45:45.3,-0.399,0.273,0.048,45:45.3,40.64272446,-134.6362959
45:45.5,-0.433,0.337,0.042,45:45.5,40.76900157,-134.6445438
45:45.8,-0.403,0.387,0.064,45:45.8,40.89387536,-134.6520399
45:46.0,-0.359,0.353,0.083,45:46.0,41.00026255,-134.6561917
45:46.2,-0.378,0.214,0.078,45:46.2,41.11942211,-134.6579515
45:46.4,-0.217,0.264,0.086,45:46.4,41.21526763,-134.6578734
45:46.6,-0.347,0.32,0.074,45:46.6,41.33316693,-134.6556337
45:46.9,-0.423,0.305,0.047,45:46.9,41.45469529,-134.6497045
45:47.1,-0.274,0.247,0.071,45:47.1,41.55126382,-134.6455015
45:47.3,-0.241,0.25,0.049,45:47.3,41.67033819,-134.6442447
45:47.5,-0.387,0.34,0.083,45:47.5,41.76810902,-134.6382965
45:47.8,-0.348,0.354,0.05,45:47.8,41.88335733,-134.6386687
45:48.0,-0.408,0.362,0.083,45:48.0,42.00133081,-134.637667
45:48.2,-0.345,0.418,0.078,45:48.3,42.12320522,-134.6412636
45:48.5,-0.285,0.298,0.069,45:48.4,42.2243547,-134.6416842
45:48.7,-0.342,0.344,0.018,45:48.7,42.34343511,-134.6404706
45:48.9,-0.278,0.402,0.065,45:48.9,42.44087213,-134.6455866
45:49.2,-0.335,0.338,0.086,45:49.2,42.5885091,-134.6523044
45:49.4,-0.324,0.397,-0.024,45:49.4,42.6878833,-134.6560407
45:49.6,-0.498,0.435,0.012,45:49.6,42.80412344,-134.6628383
45:49.8,-0.341,0.347,0.066,45:49.8,42.93468237,-134.6742925
45:50.0,-0.332,0.38,0.042,45:50.0,43.04515057,-134.6826093
45:50.3,-0.323,0.363,0.028,45:50.3,43.21112218,-134.6965815
45:50.5,-0.395,0.391,0.028,45:50.5,43.32891426,-134.7055361
45:50.7,-0.392,0.34,-0.014,45:50.7,43.47056812,-134.7142382
45:50.9,-0.373,0.266,0.066,45:50.9,43.58633644,-134.7215742
45:51.2,-0.41,0.389,0.096,45:51.2,43.72537418,-134.7343219
45:51.4,-0.444,0.315,0.037,45:51.4,43.85781792,-134.7497235
45:51.6,-0.328,0.308,0.089,45:51.6,43.96036937,-134.7631372
45:51.8,-0.465,0.285,0.059,45:51.9,44.08792137,-134.7821003
45:52.1,-0.475,0.188,0.101,45:52.1,44.18848624,-134.7975978
45:52.3,-0.35,0.261,0.113,45:52.3,44.31024572,-134.8103927
45:52.5,-0.207,0.126,0.093,45:52.5,44.42791801,-134.8183227
45:52.8,-0.359,0.189,0.109,45:52.8,44.51655847,-134.8258744
45:53.0,-0.264,0.25,0.15,45:53.0,44.62941298,-134.8292182
45:53.2,-0.155,0.177,0.112,45:53.2,44.71182331,-134.8266246
45:53.4,-0.239,0.236,0.1,45:53.4,44.81820667,-134.8276051
45:53.7,-0.383,0.191,0.091,45:53.7,44.9220142,-134.8198249
45:53.9,-0.174,0.323,0.026,45:53.9,45.02701661,-134.8132201
45:54.1,-0.237,0.214,0.023,45:54.1,45.1292337,-134.7999384
45:54.3,-0.288,0.296,0.054,45:54.3,45.21589067,-134.7871788
45:54.6,-0.111,0.323,0.048,45:54.6,45.32656695,-134.7773375
45:54.8,-0.184,0.333,0.053,45:54.8,45.44380645,-134.7742795
45:55.0,-0.321,0.343,0.074,45:55.0,45.54383173,-134.7686472
45:55.3,-0.313,0.242,0.005,45:55.2,45.64504428,-134.7603302
45:55.5,-0.371,0.4,0.027,45:55.5,45.77161649,-134.756137
45:55.7,-0.369,0.335,0.058,45:55.7,45.90454129,-134.761808
45:56.0,-0.285,0.347,0.065,45:56.0,46.03879173,-134.7693311
45:56.2,-0.314,0.369,-0.009,45:56.2,46.15065874,-134.7832151
45:56.4,-0.425,0.28,0.059,45:56.4,46.28877205,-134.801034
45:56.6,-0.246,0.184,0.041,45:56.6,46.40753187,-134.8255899
45:56.8,-0.306,0.272,0.004,45:56.8,46.53992441,-134.8476323
45:57.1,-0.328,0.228,0.08,45:57.1,46.6740829,-134.8621393
45:57.3,-0.273,0.192,0.093,45:57.3,46.77335258,-134.8778028
45:57.5,-0.401,0.192,0.049,45:57.5,46.89967702,-134.8909291
45:57.7,-0.325,0.28,0.039,45:57.7,46.9954342,-134.9040085
45:58.0,-0.343,0.235,0.068,45:58.0,47.1113486,-134.9139954
45:58.2,-0.295,0.277,0.04,45:58.2,47.22955366,-134.9190954
45:58.4,-0.414,0.269,0.057,45:58.4,47.32518186,-134.9247666
45:58.7,-0.264,0.28,0.077,45:58.6,47.40164641,-134.9176171
45:58.9,-0.228,0.297,0.123,45:58.9,47.49869481,-134.9161687
45:59.1,-0.184,0.315,0.078,45:59.1,47.58277088,-134.9071427
45:59.4,-0.324,0.31,0.06,45:59.4,47.7056322,-134.8958038
45:59.6,-0.118,0.341,0.094,45:59.6,47.78627427,-134.8833794
45:59.8,-0.288,0.311,0.105,45:59.8,47.86829583,-134.8701344
46:00.0,-0.249,0.338,0.057,46:00.0,47.97731649,-134.8593438
46:00.2,-0.214,0.306,0.122,46:00.2,48.06822176,-134.8476126
46:00.5,-0.305,0.345,0.041,46:00.5,48.20963854,-134.8377738
46:00.7,-0.284,0.356,0.054,46:00.7,48.30636693,-134.8238543
46:00.9,-0.277,0.428,0.029,46:00.9,48.43337638,-134.8184267
46:01.1,-0.426,0.455,0.09,46:01.1,48.53984615,-134.8168621
46:01.4,-0.399,0.457,0.05,46:01.4,48.67523008,-134.8207954
46:01.6,-0.427,0.425,0.028,46:01.6,48.81731576,-134.8227831
46:01.8,-0.501,0.292,0.057,46:01.8,48.9342099,-134.8305992
46:02.0,-0.325,0.328,0.004,46:02.0,49.05456091,-134.8421943
46:02.2,-0.451,0.301,-0.003,46:02.2,49.19844664,-134.8544719
46:02.5,-0.364,0.533,0.073,46:02.4,49.32751542,-134.8702123
46:02.7,-0.439,0.421,0.024,46:02.7,49.50970947,-134.8882227
46:02.9,-0.471,0.373,0.022,46:02.9,49.62896662,-134.899962
46:03.1,-0.305,0.336,0.069,46:03.1,49.73924679,-134.9197531
46:03.4,-0.375,0.252,0.058,46:03.4,49.87838963,-134.9336719
46:03.6,-0.187,0.386,0.057,46:03.6,49.97881082,-134.9502588
46:03.8,-0.174,0.167,0.113,46:03.8,50.12985594,-134.9663903
46:04.1,-0.163,0.325,0.107,46:04.1,50.22298788,-134.9745365
46:04.3,-0.163,0.328,0.085,46:04.3,50.3356329,-134.9783857
46:04.5,-0.127,0.191,0.113,46:04.5,50.41708988,-134.9756086
46:04.7,-0.158,0.23,0.126,46:04.7,50.51543747,-134.9696604
46:05.0,-0.186,0.311,0.122,46:05.0,50.61186836,-134.9624149
46:05.2,-0.062,0.185,0.05,46:05.2,50.70227862,-134.9418255
46:05.4,-0.185,0.356,0.077,46:05.4,50.77458846,-134.9191422
46:05.6,-0.209,0.374,0.064,46:05.7,50.86930933,-134.8957649
46:05.9,-0.213,0.367,0.063,46:05.9,50.94513473,-134.8687434
46:06.1,-0.231,0.299,0.105,46:06.1,51.0636164,-134.8470548
46:06.3,-0.176,0.409,0.049,46:06.3,51.13786223,-134.8302838
46:06.6,-0.174,0.296,0.062,46:06.5,51.2231013,-134.8183515
46:06.8,-0.224,0.181,-0.012,46:06.8,51.32627225,-134.8074168
46:07.0,-0.225,0.238,0.032,46:07.0,51.41496689,-134.8056144
46:07.3,-0.26,0.165,-0.011,46:07.3,51.54305158,-134.8111482
46:07.5,-0.39,0.384,0.002,46:07.5,51.64002688,-134.827386
46:07.7,-0.472,0.295,0.027,46:07.7,51.73102857,-134.8452465
46:07.9,-0.329,0.185,0.07,46:07.9,51.84009312,-134.8721734
46:08.1,-0.384,0.19,0.103,46:08.1,51.92937752,-134.9040598
46:08.4,-0.37,0.113,0.101,46:08.4,52.06285564,-134.9349971
46:08.6,-0.356,0.195,0.078,46:08.6,52.14627225,-134.9657265
46:08.8,-0.265,0.228,0.017,46:08.8,52.24645636,-134.9991497
46:09.0,-0.257,0.196,-0.003,46:09.0,52.32325057,-135.0255161
46:09.3,-0.177,0.174,0.094,46:09.3,52.41266923,-135.0492439
46:09.5,0,0.156,0.046,46:09.5,52.49773597,-135.0610172
46:09.7,-0.112,0.086,0.035,46:09.7,52.55096224,-135.0599727
46:09.9,0.009,0.019,0.07,46:10.0,52.61093475,-135.0516946
46:10.2,-0.133,0.035,0.108,46:10.2,52.64505927,-135.0340968
46:10.4,-0.081,0.074,0.08,46:10.4,52.68863087,-135.0112891
46:10.6,-0.122,0.115,0.008,46:10.6,52.72591057,-134.9800043
46:10.9,-0.083,0.022,0.056,46:10.8,52.74948115,-134.9515781
46:11.1,-0.09,0.061,0.107,46:11.1,52.79129624,-134.9148955
46:11.3,-0.129,0.036,0.083,46:11.3,52.82512885,-134.8858146
46:11.5,-0.209,0.074,0.022,46:11.5,52.87781334,-134.8529773
46:11.8,-0.206,0.128,0.07,46:11.8,52.931345,-134.8190953
46:12.0,-0.171,0.214,0.035,46:12.0,52.9856471,-134.7931901
46:12.2,-0.325,0.093,0.031,46:12.2,53.03224129,-134.77806
46:12.4,-0.314,-0.057,0.063,46:12.4,53.09585239,-134.7613903
46:12.6,-0.248,0.089,0.055,46:12.6,53.15158484,-134.7571279
46:12.9,-0.405,0.092,0.021,46:12.9,53.23238108,-134.7502398
46:13.1,-0.408,-0.012,0.073,46:13.1,53.29510452,-134.7552619
46:13.3,-0.336,0.014,-0.009,46:13.4,53.36962855,-134.7524405
46:13.6,-0.402,0.11,-0.038,46:13.6,53.42932704,-134.7529163
46:13.8,-0.438,0.068,-0.022,46:13.8,53.48962587,-134.7554334
46:14.0,-0.294,0.112,0.011,46:14.0,53.57489102,-134.7497244
46:14.3,-0.158,0.125,-0.009,46:14.3,53.63748272,-134.7371476
46:14.5,-0.284,0.179,0.004,46:14.5,53.70804693,-134.7142881
46:14.7,-0.272,0.004,-0.029,46:14.7,53.75896937,-134.6971114
46:14.9,-0.31,0.22,0.004,46:14.9,53.81868251,-134.6665577
46:15.2,-0.107,0.043,0.045,46:15.2,53.87813198,-134.6302858
46:15.4,-0.078,0.068,0.05,46:15.4,53.93142713,-134.5841329
46:15.6,-0.076,0.128,0.059,46:15.6,53.96769776,-134.5408875
46:15.8,-0.142,0.264,0.064,46:15.9,54.01565927,-134.4917795
46:16.1,-0.191,0.215,0.088,46:16.1,54.05841979,-134.4399951
46:16.3,-0.13,0.063,0.039,46:16.3,54.09735776,-134.384074
46:16.5,-0.184,0.039,0.049,46:16.5,54.12669464,-134.343122
46:16.8,-0.167,0.019,0.005,46:16.8,54.16231771,-134.2905994
46:17.0,-0.256,0.189,0.063,46:17.0,54.19488724,-134.2515488
46:17.2,-0.085,0.071,0.045,46:17.2,54.23031316,-134.2025635
46:17.5,-0.235,0.066,0.084,46:17.5,54.26173469,-134.1655813
46:17.7,-0.127,-0.066,0,46:17.7,54.28884288,-134.1382192
46:17.9,-0.23,0.059,0.049,46:17.9,54.32262486,-134.1092567
46:18.1,-0.12,-0.059,0.027,46:18.1,54.35948594,-134.0726304
46:18.3,-0.127,0.061,0.039,46:18.3,54.39271559,-134.0506177
46:18.6,-0.172,0.046,0.072,46:18.6,54.42573976,-134.0157681
46:18.8,-0.184,0.133,0.084,46:18.8,54.45759264,-133.9923719
46:19.0,-0.169,0.174,-0.004,46:19.0,54.49526831,-133.960689
46:19.2,-0.124,0.104,-0.004,46:19.3,54.53190476,-133.9234872
46:19.5,-0.18,0.025,0.023,46:19.5,54.5653774,-133.8939704
46:19.7,-0.182,0.068,-0.015,46:19.7,54.60607821,-133.8484632
46:19.9,-0.182,0.011,-0.053,46:19.9,54.64191735,-133.8002901
46:20.2,-0.234,0.14,-0.033,46:20.2,54.67334535,-133.7396514
46:20.4,-0.203,0.043,-0.007,46:20.4,54.69469041,-133.7017864
46:20.6,-0.193,0.201,-0.059,46:20.6,54.71986859,-133.6555111
46:20.9,-0.23,0.159,-0.019,46:20.9,54.75239629,-133.5868451
46:21.1,-0.156,-0.01,-0.002,46:21.1,54.77050549,-133.5369462
46:21.3,-0.169,0.314,-0.019,46:21.3,54.79828616,-133.4810417
46:21.5,-0.283,0.144,0.045,46:21.5,54.81947371,-133.4337215
46:21.7,-0.087,0.043,0.059,46:21.8,54.84155547,-133.3806972
46:22.0,-0.204,0.041,0.071,46:22.0,54.86343346,-133.3228644
46:22.2,-0.224,0.136,0.044,46:22.2,54.88161995,-133.2856484
46:22.4,-0.149,0.083,0.073,46:22.4,54.89801577,-133.2396012
46:22.6,-0.214,0.142,0.027,46:22.6,54.90849488,-133.2002312
46:22.9,-0.131,0.153,0.037,46:22.9,54.92042534,-133.1478621
46:23.1,-0.189,0.015,0.07,46:23.1,54.93548281,-133.0967186
46:23.3,-0.167,0.203,0.045,46:23.3,54.94436472,-133.0603432
46:23.6,-0.102,0.105,0.035,46:23.6,54.95689385,-133.0071893
46:23.8,-0.284,0.111,-0.028,46:23.8,54.96139395,-132.9661233
46:24.0,-0.244,0.026,0.002,46:24.0,54.97247471,-132.9110685
46:24.3,-0.217,0.088,-0.003,46:24.2,54.98327583,-132.8486132
46:24.5,-0.204,0.123,-0.003,46:24.5,54.99121472,-132.7815874
46:24.7,-0.269,0.096,0.021,46:24.7,54.99288829,-132.7235532
46:24.9,-0.23,0.191,-0.031,46:24.9,55.00162003,-132.6613611
46:25.1,-0.255,0.084,-0.043,46:25.1,55.00632904,-132.6099236
46:25.4,-0.273,0.122,-0.005,46:25.4,55.0075112,-132.5318319
46:25.6,-0.215,0.127,0.002,46:25.6,55.00952224,-132.4767145
46:25.8,-0.24,0.189,0.043,46:25.8,55.01311528,-132.4230736
46:26.0,-0.257,0.079,0.044,46:26.0,55.01050881,-132.3580695
46:26.3,-0.261,0.225,0.039,46:26.3,55.01497687,-132.2934956
46:26.5,-0.123,0.192,0.083,46:26.5,55.01457077,-132.224463
46:26.7,-0.197,0.225,0.044,46:26.7,55.00899695,-132.1651813
46:27.0,-0.321,0.191,0.076,46:27.0,54.99499427,-132.0886958
46:27.2,-0.293,0.176,0.123,46:27.2,54.98439999,-132.029029
46:27.4,-0.156,0.263,0.128,46:27.4,54.97835701,-131.9489135
46:27.7,-0.141,0.206,0.12,46:27.7,54.959737,-131.8388683
46:27.9,-0.291,0.153,0.095,46:27.9,54.95209691,-131.7726566
46:28.1,-0.219,0.304,0.074,46:28.1,54.94051523,-131.6932648
46:28.3,-0.264,0.353,0.082,46:28.3,54.91959944,-131.5968594
46:28.5,-0.263,0.278,0.07,46:28.5,54.90007354,-131.5125881
46:28.8,-0.317,0.258,0.039,46:28.8,54.87785383,-131.3929529
46:29.0,-0.283,0.294,0.018,46:29.0,54.86329467,-131.2975598
46:29.2,-0.417,0.35,0.017,46:29.3,54.84178549,-131.1832824
46:29.5,-0.225,0.405,0.021,46:29.5,54.82148878,-131.0916025
46:29.7,-0.241,0.27,-0.014,46:29.7,54.79899632,-130.9993196
46:29.9,-0.287,0.339,0.017,46:29.9,54.77214676,-130.8658933
46:30.1,-0.168,0.301,-0.04,46:30.1,54.75353605,-130.7803813
46:30.4,-0.318,0.339,-0.028,46:30.4,54.73527296,-130.6739305
46:30.6,-0.348,0.334,-0.064,46:30.6,54.72117901,-130.5841572
46:30.8,-0.246,0.43,0.019,46:30.8,54.7045832,-130.4787464
46:31.1,-0.286,0.363,0.036,46:31.1,54.68891616,-130.3738255
46:31.3,-0.307,0.373,0.049,46:31.3,54.67903422,-130.2867499
46:31.5,-0.189,0.311,0.063,46:31.5,54.66385294,-130.1748796
46:31.7,-0.363,0.373,0.023,46:31.7,54.65166235,-130.0884975
46:31.9,-0.289,0.399,0.049,46:31.9,54.63213025,-129.9781134
46:32.2,-0.21,0.277,0.037,46:32.2,54.6171728,-129.8650981
46:32.4,-0.365,0.363,0.047,46:32.4,54.60523089,-129.7742849
46:32.6,-0.23,0.329,-0.002,46:32.6,54.58974737,-129.659602
46:32.8,-0.335,0.267,0.052,46:32.8,54.57816288,-129.5616775
46:33.1,-0.343,0.387,0.089,46:33.1,54.56356112,-129.4462471
46:33.3,-0.422,0.195,0.082,46:33.3,54.5358569,-129.3030332
46:33.5,-0.333,0.443,0.077,46:33.5,54.52668108,-129.2069257
46:33.8,-0.374,0.214,0.086,46:33.7,54.50662476,-129.1149529
46:34.0,-0.287,0.382,0.11,46:34.0,54.48938509,-128.9925864
46:34.2,-0.341,0.397,0.065,46:34.2,54.47689908,-128.8898649
46:34.5,-0.354,0.276,0.055,46:34.5,54.46287408,-128.737378
46:34.7,-0.291,0.245,0.047,46:34.7,54.44262673,-128.6285007
46:34.9,-0.365,0.489,0.077,46:34.9,54.42731785,-128.5313311
46:35.1,-0.247,0.336,0.083,46:35.1,54.40996647,-128.4121478
46:35.3,-0.34,0.366,0.07,46:35.3,54.40103294,-128.3096828
46:35.6,-0.267,0.403,0.028,46:35.6,54.39543088,-128.1591846
46:35.8,-0.317,0.264,0.055,46:35.8,54.3978912,-128.0624472
46:36.0,-0.295,0.309,0.087,46:36.0,54.39609112,-127.9686325
46:36.2,-0.387,0.354,0.027,46:36.2,54.39961641,-127.8485704
46:36.5,-0.396,0.345,0.004,46:36.4,54.40435441,-127.7543656
46:36.7,-0.265,0.36,-0.018,46:36.7,54.41204033,-127.6108842
46:36.9,-0.347,0.195,0,46:36.9,54.42335335,-127.5121313
46:37.2,-0.377,0.425,0.058,46:37.2,54.42513964,-127.3954484
46:37.4,-0.257,0.362,0.038,46:37.4,54.43579765,-127.2954309
46:37.6,-0.337,0.284,0.04,46:37.6,54.44188773,-127.1716293
46:37.8,-0.322,0.303,0.09,46:37.8,54.449793,-127.0476318
46:38.1,-0.338,0.273,0.07,46:38.0,54.459793,-126.9405865
46:38.3,-0.286,0.407,0.096,46:38.3,54.46236683,-126.8106111
46:38.5,-0.305,0.404,0.03,46:38.5,54.470579,-126.7104911
46:38.7,-0.292,0.345,0.075,46:38.7,54.47607387,-126.5838493
46:39.0,-0.254,0.419,0.061,46:39.0,54.48079397,-126.4598504
46:39.2,-0.336,0.398,0.103,46:39.2,54.4804534,-126.3401998
46:39.4,-0.329,0.383,0.098,46:39.4,54.4847202,-126.2405514
46:39.6,-0.343,0.297,0.103,46:39.6,54.49020755,-126.1210775
46:39.8,-0.286,0.342,0.023,46:39.8,54.49447009,-126.0262946
46:40.1,-0.343,0.267,0.035,46:40.1,54.50711519,-125.9105728
46:40.3,-0.341,0.387,0.066,46:40.3,54.51872654,-125.7954777
46:40.5,-0.389,0.334,0.034,46:40.5,54.53174637,-125.702676
46:40.8,-0.214,0.269,0.086,46:40.8,54.5430864,-125.591086
46:41.0,-0.257,0.295,0.036,46:41.0,54.55182844,-125.504116
46:41.2,-0.434,0.242,0.068,46:41.2,54.57195912,-125.3661932
46:41.5,-0.361,0.317,0.064,46:41.4,54.58402615,-125.2757074
46:41.7,-0.295,0.264,0.043,46:41.7,54.59875935,-125.1577696
46:41.9,-0.263,0.407,0.071,46:41.9,54.60741018,-125.066582
46:42.1,-0.299,0.432,0.031,46:42.1,54.62425959,-124.9476348
46:42.4,-0.304,0.224,0.06,46:42.4,54.63871819,-124.8257706
46:42.6,-0.252,0.338,0.064,46:42.6,54.65652071,-124.7231306
46:42.8,-0.443,0.251,0.03,46:42.8,54.67133504,-124.6002954
46:43.0,-0.235,0.327,0.044,46:43.0,54.68883282,-124.4782237
46:43.3,-0.401,0.45,0.089,46:43.3,54.70583814,-124.3752865
46:43.5,-0.343,0.27,0.046,46:43.5,54.71758386,-124.2467151
46:43.7,-0.372,0.389,0.105,46:43.7,54.73166573,-124.1239971
46:43.9,-0.366,0.375,0.038,46:43.9,54.74548594,-124.0201951
46:44.2,-0.326,0.305,0.072,46:44.2,54.75534144,-123.8919399
46:44.4,-0.386,0.377,0.102,46:44.4,54.76373962,-123.795916
46:44.6,-0.337,0.358,0.067,46:44.6,54.77389289,-123.6826422
46:44.9,-0.466,0.263,0.075,46:44.9,54.78767478,-123.5595869
46:45.1,-0.433,0.25,0.067,46:45.1,54.80546173,-123.460347
46:45.3,-0.483,0.31,0.046,46:45.3,54.82117025,-123.3372929
46:45.5,-0.202,0.204,0.024,46:45.5,54.83523872,-123.2444458
46:45.8,-0.399,0.236,0.083,46:45.8,54.85124678,-123.1078428
46:46.0,-0.371,0.32,0.046,46:46.0,54.85955818,-123.0179607
46:46.2,-0.29,0.268,0.055,46:46.2,54.86687943,-122.9294287
46:46.4,-0.326,0.318,0.053,46:46.4,54.87297921,-122.8194461
46:46.6,-0.409,0.269,0.069,46:46.7,54.88028937,-122.7031611
46:46.9,-0.239,0.369,0.042,46:46.9,54.8890901,-122.5831857
46:47.1,-0.364,0.376,0.037,46:47.1,54.89477104,-122.46589
46:47.3,-0.31,0.373,0.045,46:47.4,54.90002362,-122.3672596
46:47.5,-0.411,0.395,0.059,46:47.5,54.89736499,-122.2651572
46:47.8,-0.37,0.384,0.101,46:47.7,54.89666087,-122.1635819
46:48.0,-0.372,0.357,0.045,46:48.0,54.89949282,-122.0031318
46:48.2,-0.388,0.414,0.084,46:48.2,54.89278465,-121.8939214
46:48.4,-0.408,0.311,0.101,46:48.4,54.89114166,-121.7839994
46:48.7,-0.418,0.438,0.071,46:48.7,54.88642336,-121.6460215
46:48.9,-0.307,0.392,0.071,46:48.9,54.88572727,-121.5135245
46:49.1,-0.395,0.415,0.074,46:49.1,54.88915295,-121.3968167
46:49.4,-0.288,0.424,0.031,46:49.3,54.8867947,-121.2591729
46:49.6,-0.341,0.323,0.057,46:49.6,54.88701918,-121.1552728
46:49.8,-0.252,0.325,0.053,46:49.8,54.8848188,-121.0247241
46:50.0,-0.337,0.375,0.076,46:50.0,54.88867125,-120.9162392
46:50.2,-0.349,0.311,0.071,46:50.2,54.88969331,-120.7887386
46:50.5,-0.367,0.275,0.07,46:50.5,54.89377771,-120.6586167
46:50.7,-0.283,0.298,0.048,46:50.7,54.90060224,-120.5363985
46:50.9,-0.258,0.353,0.021,46:50.9,54.90531723,-120.4453505
46:51.1,-0.279,0.256,0.07,46:51.2,54.91014427,-120.3334424
46:51.4,-0.223,0.286,0.01,46:51.3,54.91513387,-120.2460312
46:51.6,-0.302,0.309,0.081,46:51.6,54.92657888,-120.113236
46:51.8,-0.382,0.276,0.06,46:51.8,54.93655244,-120.023062
46:52.1,-0.28,0.25,0.039,46:52.1,54.94386697,-119.9138173
46:52.3,-0.351,0.356,0.092,46:52.3,54.94345002,-119.8327344
46:52.5,-0.262,0.325,0.089,46:52.5,54.94786686,-119.7175657
46:52.8,-0.228,0.307,0.07,46:52.8,54.95412541,-119.6030141
46:53.0,-0.304,0.291,0.09,46:53.0,54.9498513,-119.5096874
46:53.2,-0.242,0.325,0.093,46:53.2,54.94775289,-119.3975695
46:53.4,-0.369,0.406,0.081,46:53.4,54.94556056,-119.2978075
46:53.6,-0.207,0.265,0.085,46:53.6,54.93822942,-119.1753758
46:53.9,-0.37,0.289,0.063,46:53.9,54.92709744,-119.047234
46:54.1,-0.251,0.347,0.027,46:54.1,54.9086235,-118.9208022
46:54.3,-0.354,0.268,0.066,46:54.4,54.89794906,-118.7882406
46:54.6,-0.344,0.386,0.098,46:54.6,54.88930483,-118.6742637
46:54.8,-0.293,0.483,0.085,46:54.8,54.87654325,-118.5616724
46:55.0,-0.313,0.33,0.07,46:55.0,54.86473921,-118.4019186
46:55.3,-0.413,0.29,0.1,46:55.2,54.85777237,-118.2942826
46:55.5,-0.348,0.262,0.094,46:55.5,54.85241011,-118.1588904
46:55.7,-0.267,0.342,0.002,46:55.7,54.84585645,-118.049427
46:55.9,-0.359,0.311,0.14,46:55.9,54.84731426,-117.9458067
46:56.2,-0.249,0.242,0.081,46:56.2,54.84486052,-117.8007693
46:56.4,-0.347,0.222,0.04,46:56.4,54.85338385,-117.7091004
46:56.6,-0.446,0.18,0,46:56.6,54.86277313,-117.5960991
46:56.8,-0.194,0.241,0.052,46:56.8,54.87523855,-117.506186
46:57.0,-0.308,0.376,0.066,46:57.0,54.88544471,-117.4235678
46:57.3,-0.23,0.285,0.042,46:57.3,54.90150109,-117.294127
46:57.5,-0.311,0.242,0.05,46:57.5,54.91169305,-117.2093025
46:57.7,-0.459,0.207,0.064,46:57.7,54.91850095,-117.105532
46:57.9,-0.325,0.317,0.027,46:57.9,54.92638172,-117.0024438
46:58.2,-0.342,0.37,0.021,46:58.1,54.93231874,-116.9054765
46:58.4,-0.334,0.336,-0.005,46:58.4,54.92660292,-116.797055
46:58.6,-0.347,0.321,0.031,46:58.6,54.92072404,-116.7049445
46:58.8,-0.273,0.189,0,46:58.8,54.91940101,-116.5896404
46:59.1,-0.328,0.297,-0.008,46:59.1,54.91622608,-116.4958503
46:59.3,-0.408,0.384,0.026,46:59.3,54.91353426,-116.3675809
46:59.5,-0.332,0.39,0.044,46:59.5,54.90876167,-116.2396726
46:59.7,-0.429,0.359,0.04,46:59.7,54.89661199,-116.1353146
47:00.0,-0.323,0.411,0.042,47:00.0,54.89419937,-116.0041381
47:00.2,-0.276,0.309,0.041,47:00.2,54.88989091,-115.9014577
47:00.4,-0.377,0.376,0.065,47:00.4,54.8883762,-115.7705512
47:00.7,-0.305,0.403,0.136,47:00.7,54.88972742,-115.6415563
47:00.9,-0.458,0.272,0.058,47:00.9,54.88729338,-115.5387214
47:01.1,-0.382,0.464,0.024,47:01.1,54.88884091,-115.4338138
47:01.3,-0.217,0.262,0.079,47:01.3,54.88903976,-115.3016055
47:01.5,-0.216,0.291,0.1,47:01.5,54.89410492,-115.1696335
47:01.8,-0.312,0.37,0.038,47:01.8,54.89587195,-115.0394034
47:02.0,-0.304,0.29,0.047,47:02.0,54.90282552,-114.9400019
47:02.2,-0.382,0.368,0.05,47:02.2,54.91026109,-114.8195104
47:02.4,-0.313,0.377,0.01,47:02.4,54.92041147,-114.7212903
47:02.7,-0.397,0.256,0.071,47:02.7,54.92539936,-114.6066851
47:02.9,-0.324,0.328,0.084,47:02.9,54.9259907,-114.4957306
47:03.1,-0.302,0.249,0.045,47:03.1,54.93205251,-114.4023333
47:03.3,-0.427,0.299,0.064,47:03.3,54.93780998,-114.2949036
47:03.6,-0.31,0.314,0.027,47:03.6,54.94367615,-114.1995706
47:03.8,-0.173,0.325,0.037,47:03.8,54.94888324,-114.0892748
47:04.0,-0.324,0.128,0.086,47:04.0,54.9552506,-113.9727574
47:04.3,-0.468,0.367,0.086,47:04.3,54.96394316,-113.8602315
47:04.5,-0.283,0.251,0.047,47:04.5,54.96838916,-113.7748788
47:04.7,-0.241,0.342,0.046,47:04.7,54.97357621,-113.6902131
47:04.9,-0.293,0.286,0.081,47:04.9,54.98264352,-113.5795253
47:05.2,-0.332,0.34,-0.01,47:05.2,54.99403949,-113.4451888
47:05.4,-0.318,0.317,0.04,47:05.4,54.9950597,-113.3569724
47:05.6,-0.182,0.379,0.094,47:05.6,55.00083805,-113.2608402
47:05.8,-0.303,0.318,0.021,47:05.8,55.00539476,-113.1395401
47:06.0,-0.329,0.219,0.071,47:06.0,55.01844256,-113.0377421
47:06.3,-0.403,0.288,0.078,47:06.3,55.02713284,-112.885509
47:06.5,-0.462,0.431,0.042,47:06.5,55.03870747,-112.7842024
47:06.7,-0.341,0.334,0.031,47:06.8,55.04805335,-112.648363
47:07.0,-0.392,0.441,0.075,47:07.0,55.05630653,-112.5377732
47:07.2,-0.35,0.27,0.09,47:07.2,55.06345287,-112.4020726
47:07.4,-0.372,0.317,0.094,47:07.4,55.07329353,-112.2628097
47:07.7,-0.347,0.295,0.065,47:07.6,55.07610673,-112.1516635
47:07.9,-0.413,0.402,0.096,47:07.9,55.08753365,-112.0127619
47:08.1,-0.336,0.389,0.078,47:08.1,55.09539535,-111.8827769
47:08.3,-0.309,0.252,0.091,47:08.3,55.09844959,-111.7769315
47:08.6,-0.483,0.433,0.096,47:08.6,55.10409957,-111.6391273
47:08.8,-0.422,0.394,0.044,47:08.8,55.10647746,-111.5364518
47:09.0,-0.325,0.375,0.079,47:09.0,55.11664833,-111.407693
47:09.2,-0.409,0.209,0.066,47:09.2,55.11936274,-111.3163627
47:09.4,-0.267,0.376,0.111,47:09.4,55.12823682,-111.2001929
47:09.7,-0.22,0.261,0.079,47:09.7,55.13507136,-111.0879964
47:09.9,-0.164,0.363,0.087,47:09.9,55.14233572,-110.9856809
47:10.1,-0.393,0.325,0.076,47:10.1,55.14738223,-110.9106327
47:10.3,-0.321,0.15,0.055,47:10.3,55.15469317,-110.8303045
47:10.6,-0.347,0.31,0.101,47:10.6,55.16597255,-110.7317467
47:10.8,-0.264,0.202,0.012,47:10.8,55.17294978,-110.6275203
47:11.0,-0.355,0.349,0.03,47:11.0,55.18042106,-110.5199986
47:11.3,-0.416,0.298,0.03,47:11.3,55.18053344,-110.4284181
47:11.5,-0.279,0.294,0.009,47:11.5,55.18173603,-110.3142509
47:11.7,-0.34,0.232,0.066,47:11.7,55.18651227,-110.2184281
47:11.9,-0.398,0.329,0.046,47:12.0,55.19318284,-110.0759585
47:12.2,-0.457,0.345,0.044,47:12.2,55.19080773,-109.979371
47:12.4,-0.402,0.456,0.059,47:12.4,55.19684523,-109.8715812
47:12.6,-0.496,0.272,0.096,47:12.6,55.19644319,-109.7342987
47:12.8,-0.338,0.351,0.031,47:12.8,55.19872361,-109.6153569
47:13.1,-0.497,0.458,0.062,47:13.1,55.19602534,-109.4480995
47:13.3,-0.359,0.409,0.098,47:13.3,55.19306233,-109.3305097
47:13.5,-0.312,0.402,0.071,47:13.5,55.19179725,-109.2151915
47:13.7,-0.356,0.359,0.059,47:13.7,55.18998824,-109.0784131
47:13.9,-0.422,0.43,0.066,47:13.9,55.18743277,-108.9670862
47:14.2,-0.392,0.407,0.006,47:14.2,55.1827347,-108.8318616
47:14.4,-0.369,0.364,0.022,47:14.4,55.1858196,-108.6922542
47:14.6,-0.316,0.336,0.02,47:14.6,55.18537265,-108.5909938
47:14.8,-0.125,0.244,0.033,47:14.9,55.19246637,-108.4716803
47:15.1,-0.253,0.313,0.042,47:15.0,55.19606549,-108.3804817
47:15.3,-0.309,0.269,0.034,47:15.3,55.20132926,-108.2515421
47:15.5,-0.245,0.327,0.02,47:15.5,55.20502131,-108.1677268
47:15.8,-0.161,0.308,0.051,47:15.7,55.20898108,-108.0881137
47:16.0,-0.262,0.237,0.031,47:16.0,55.21060265,-107.994665
47:16.2,-0.201,0.234,0.086,47:16.2,55.22186316,-107.9139442
47:16.5,-0.261,0.324,0.083,47:16.5,55.22590961,-107.7896529
47:16.7,-0.318,0.249,0.081,47:16.7,55.23070624,-107.7048701
47:16.9,-0.352,0.23,0.056,47:16.9,55.2315822,-107.6033444
47:17.1,-0.392,0.345,0.071,47:17.1,55.22946133,-107.5193993
47:17.3,-0.292,0.343,0.074,47:17.3,55.23324191,-107.4288339
47:17.6,-0.264,0.338,0.093,47:17.6,55.2357762,-107.2883118
47:17.8,-0.461,0.358,0.079,47:17.8,55.23660316,-107.1873096
47:18.0,-0.321,0.425,0.032,47:18.0,55.23405,-107.0827879
47:18.2,-0.463,0.307,0.07,47:18.2,55.22899158,-106.9438119
47:18.4,-0.425,0.429,0.089,47:18.4,55.22561265,-106.8313766
47:18.7,-0.426,0.419,0.054,47:18.7,55.21859358,-106.6887042
47:18.9,-0.437,0.448,0.067,47:18.9,55.2154016,-106.5466747
47:19.1,-0.467,0.49,0.055,47:19.1,55.2160003,-106.4362739
47:19.3,-0.413,0.467,0.042,47:19.3,55.21292962,-106.2943628
47:19.6,-0.348,0.376,0.017,47:19.5,55.20847852,-106.1750487
47:19.8,-0.404,0.223,0.067,47:19.8,55.2002734,-106.0320708
47:20.0,-0.331,0.422,0.06,47:20.0,55.19994527,-105.875208
47:20.2,-0.343,0.247,0.064,47:20.3,55.19922184,-105.7603427
47:20.5,-0.341,0.405,0.003,47:20.5,55.19703402,-105.6632166
47:20.7,-0.305,0.231,0.055,47:20.7,55.19369441,-105.5750851
47:20.9,-0.301,0.222,0.035,47:20.9,55.19513806,-105.4683645
47:21.2,-0.299,0.287,0.038,47:21.1,55.19606232,-105.3624041
47:21.4,-0.36,0.266,0.045,47:21.4,55.20254006,-105.2697262
47:21.6,-0.388,0.312,0.094,47:21.6,55.21054212,-105.1958512
47:21.8,-0.421,0.18,0.052,47:21.8,55.2203969,-105.1189399
47:22.0,-0.376,0.199,0.034,47:22.0,55.23214372,-105.0249716
47:22.3,-0.278,0.284,0.047,47:22.3,55.24358043,-104.9274255
47:22.5,-0.241,0.277,0.075,47:22.5,55.24833834,-104.8481461
47:22.7,-0.327,0.347,0.06,47:22.7,55.26190289,-104.7379516
47:22.9,-0.402,0.269,0.005,47:22.9,55.2715393,-104.6448241
47:23.1,-0.359,0.337,-0.041,47:23.1,55.28142968,-104.5347455
47:23.4,-0.268,0.318,0.022,47:23.3,55.29039586,-104.4353498
47:23.6,-0.497,0.304,0.004,47:23.6,55.30021934,-104.2831411
47:23.8,-0.361,0.347,0.025,47:23.8,55.30606714,-104.1730197
47:24.1,-0.37,0.374,0.019,47:24.1,55.31008674,-104.0358534
47:24.3,-0.272,0.406,0.019,47:24.3,55.30978864,-103.9197465
47:24.5,-0.368,0.367,0.015,47:24.5,55.31570058,-103.7769765
47:24.7,-0.416,0.423,0.061,47:24.7,55.31882185,-103.6368986
47:25.0,-0.407,0.445,0.111,47:25.0,55.31784674,-103.5240407
47:25.2,-0.319,0.401,0.147,47:25.2,55.31267126,-103.3834851
47:25.4,-0.284,0.307,0.097,47:25.4,55.3054677,-103.2690916
47:25.6,-0.336,0.468,0.088,47:25.6,55.30395375,-103.1259003
47:25.9,-0.264,0.419,0.044,47:25.9,55.29589255,-102.9834324
47:26.1,-0.421,0.476,0.039,47:26.1,55.28461983,-102.8719277
47:26.3,-0.295,0.361,0.098,47:26.3,55.28749066,-102.7669134
47:26.5,-0.376,0.405,0.058,47:26.5,55.28047205,-102.6420336
47:26.7,-0.269,0.387,0.018,47:26.7,55.2796561,-102.5442662
47:27.0,-0.29,0.374,0.022,47:27.0,55.28204552,-102.4107864
47:27.2,-0.242,0.224,0.072,47:27.2,55.28741127,-102.3278396
47:27.4,-0.318,0.225,0.063,47:27.4,55.2961388,-102.2233364
47:27.6,-0.243,0.289,0.036,47:27.6,55.30047405,-102.1497418
47:27.8,-0.339,0.251,0.055,47:27.8,55.30826095,-102.068737
47:28.1,-0.373,0.356,0.024,47:28.1,55.32286338,-101.9437022
47:28.3,-0.307,0.32,0.051,47:28.3,55.33067858,-101.857631
47:28.5,-0.253,0.296,0.005,47:28.6,55.34413911,-101.7494149
47:28.8,-0.237,0.316,0.005,47:28.8,55.35334971,-101.6573881
47:29.0,-0.365,0.281,0.033,47:29.0,55.36227451,-101.5483424
47:29.2,-0.372,0.252,-0.002,47:29.2,55.3810209,-101.4334455
47:29.5,-0.364,0.252,0.027,47:29.4,55.3909082,-101.3400104
47:29.7,-0.43,0.296,0.033,47:29.7,55.40339312,-101.2187498
47:29.9,-0.474,0.371,0.032,47:29.9,55.41505104,-101.0940779
47:30.1,-0.336,0.368,-0.038,47:30.1,55.42597334,-100.9949646
47:30.4,-0.298,0.366,-0.001,47:30.4,55.43566149,-100.8624571
47:30.6,-0.308,0.321,0.037,47:30.6,55.4408962,-100.7533146
47:30.8,-0.405,0.299,0.049,47:30.8,55.4464087,-100.6157976
47:31.0,-0.359,0.377,-0.001,47:31.0,55.44553983,-100.4770981
47:31.2,-0.39,0.346,0.016,47:31.2,55.44354015,-100.3661539
47:31.5,-0.364,0.419,0.02,47:31.5,55.44694819,-100.2308552
47:31.7,-0.32,0.382,0.039,47:31.7,55.44817496,-100.1186723
47:31.9,-0.322,0.306,0.021,47:31.9,55.44963314,-99.98767051
47:32.1,-0.379,0.275,0.071,47:32.1,55.44227417,-99.87988713
47:32.3,-0.29,0.328,0.023,47:32.4,55.43994709,-99.75002793
47:32.6,-0.256,0.355,0.031,47:32.6,55.43295058,-99.61672555
47:32.8,-0.257,0.31,0.02,47:32.8,55.43431055,-99.51078138
47:33.1,-0.298,0.402,0.065,47:33.0,55.43392498,-99.41682802
47:33.3,-0.399,0.279,0.03,47:33.3,55.43023013,-99.31140137
47:33.5,-0.349,0.364,0.068,47:33.5,55.4307467,-99.22146119
47:33.8,-0.234,0.306,0.033,47:33.8,55.43535394,-99.08695622
47:34.0,-0.375,0.369,0.038,47:34.0,55.4439702,-98.99730319
47:34.2,-0.352,0.248,0.028,47:34.2,55.45622208,-98.90842231
47:34.4,-0.428,0.35,0.039,47:34.4,55.46164617,-98.79641154
47:34.6,-0.378,0.279,0.042,47:34.6,55.46406331,-98.70334427
47:34.9,-0.284,0.2,0.058,47:34.8,55.47104694,-98.59406801
47:35.1,-0.321,0.412,0.118,47:35.1,55.4819331,-98.47727057
47:35.3,-0.179,0.338,0.041,47:35.3,55.48987817,-98.37396171
47:35.5,-0.344,0.361,0.089,47:35.5,55.49886128,-98.24836111
47:35.7,-0.463,0.278,0.094,47:35.8,55.50704167,-98.11148139
47:36.0,-0.29,0.356,0.107,47:36.0,55.51092337,-97.99770208
47:36.2,-0.31,0.344,0.067,47:36.2,55.51796365,-97.83127835
47:36.4,-0.443,0.41,0.047,47:36.5,55.52114006,-97.72207571
47:36.7,-0.364,0.41,0.031,47:36.6,55.52652537,-97.60903385
47:36.9,-0.258,0.377,0.039,47:36.9,55.53255756,-97.49996208
47:37.1,-0.34,0.366,0.056,47:37.1,55.53734067,-97.3650092
47:37.3,-0.296,0.427,0.075,47:37.3,55.53828844,-97.22988805
47:37.6,-0.208,0.305,0.12,47:37.5,55.53833084,-97.12945757
47:37.8,-0.241,0.408,0.06,47:37.8,55.5414399,-96.99386152
47:38.0,-0.336,0.35,0.096,47:38.0,55.53679529,-96.89941423
47:38.2,-0.272,0.34,0.054,47:38.2,55.5346247,-96.7873738
47:38.4,-0.271,0.186,0.115,47:38.4,55.52683216,-96.69966972
47:38.7,-0.296,0.252,0.096,47:38.7,55.52644049,-96.56348726
47:38.9,-0.326,0.33,0.097,47:38.9,55.52845124,-96.4726124
47:39.1,-0.35,0.332,0.06,47:39.1,55.53132352,-96.38104264
47:39.3,-0.342,0.341,0.066,47:39.3,55.53495552,-96.26723821
47:39.5,-0.312,0.265,0.013,47:39.5,55.53324294,-96.16659178
47:39.8,-0.342,0.268,0.033,47:39.8,55.53158817,-96.02637264
47:40.0,-0.358,0.419,0.019,47:40.0,55.53103113,-95.92922139
47:40.2,-0.42,0.391,0.017,47:40.2,55.5294947,-95.81021004
47:40.5,-0.379,0.326,0.095,47:40.4,55.52956136,-95.71125683
47:40.7,-0.29,0.404,0.071,47:40.7,55.52892389,-95.61090524
47:40.9,-0.403,0.384,0.087,47:40.9,55.52946261,-95.46584627
47:41.1,-0.32,0.427,0.103,47:41.1,55.52600973,-95.36363004
47:41.4,-0.266,0.38,0.109,47:41.3,55.53114359,-95.25476425
47:41.6,-0.403,0.353,0.045,47:41.6,55.53385226,-95.1209159
47:41.8,-0.312,0.374,0.015,47:41.8,55.53378504,-94.98681571
47:42.0,-0.368,0.322,0.058,47:42.1,55.53197654,-94.8541985
47:42.3,-0.423,0.429,0.013,47:42.3,55.52838719,-94.74974176
47:42.5,-0.313,0.308,0.109,47:42.5,55.53206069,-94.6223588
47:42.7,-0.43,0.363,0.046,47:42.7,55.53305478,-94.51617259
47:42.9,-0.295,0.332,0.096,47:42.9,55.5374744,-94.3883157
47:43.2,-0.339,0.318,0.052,47:43.2,55.53860341,-94.26284341
47:43.4,-0.267,0.454,0.074,47:43.4,55.53854116,-94.16396233
47:43.6,-0.353,0.243,0.076,47:43.6,55.53939287,-94.06570948
47:43.8,-0.38,0.314,0.081,47:43.8,55.54739822,-93.94816506
47:44.0,-0.329,0.345,0.064,47:44.1,55.55566275,-93.83373791
47:44.3,-0.382,0.312,0.096,47:44.3,55.56351665,-93.71646785
47:44.5,-0.355,0.405,0.04,47:44.5,55.5741514,-93.62398699
47:44.7,-0.392,0.324,0.077,47:44.7,55.57990648,-93.51181504
47:45.0,-0.471,0.174,0.118,47:44.9,55.58697749,-93.42564498
47:45.2,-0.264,0.286,0.108,47:45.2,55.59152627,-93.31616753
47:45.4,-0.339,0.262,0.04,47:45.4,55.59611337,-93.207344
47:45.6,-0.321,0.255,0.021,47:45.6,55.60304317,-93.11855315
47:45.9,-0.176,0.353,0.113,47:45.9,55.61152183,-93.00636141
47:46.1,-0.271,0.327,0.037,47:46.1,55.61725437,-92.91348186
47:46.3,-0.356,0.439,0.044,47:46.3,55.62504045,-92.79823296
47:46.5,-0.346,0.296,0.067,47:46.5,55.62714798,-92.67450767
47:46.8,-0.256,0.368,0.052,47:46.8,55.63312856,-92.56676997
47:47.0,-0.271,0.417,0.08,47:47.0,55.63470595,-92.4439568
47:47.2,-0.344,0.58,0.082,47:47.2,55.63572339,-92.31731963
47:47.4,-0.33,0.457,0.107,47:47.4,55.62853124,-92.20941917
47:47.7,-0.326,0.343,0.035,47:47.7,55.62654932,-92.07809003
47:47.9,-0.37,0.395,0.035,47:47.9,55.62633198,-91.967948
47:48.1,-0.395,0.304,0.096,47:48.1,55.62500926,-91.83029916
47:48.3,-0.46,0.366,0.059,47:48.3,55.62592141,-91.71604829
47:48.5,-0.43,0.423,0.032,47:48.5,55.62046786,-91.58051919
47:48.8,-0.414,0.378,0.035,47:48.8,55.62578955,-91.43884282
47:49.0,-0.418,0.446,0.134,47:49.0,55.62972833,-91.30518627
47:49.2,-0.41,0.409,0.085,47:49.2,55.63024526,-91.19791549
47:49.4,-0.326,0.405,0.005,47:49.4,55.63286217,-91.09060423
47:49.7,-0.272,0.4,0.04,47:49.7,55.6395881,-90.96227565
47:49.9,-0.326,0.374,0.045,47:49.9,55.64657188,-90.8407247
47:50.1,-0.383,0.296,0.065,47:50.1,55.6544778,-90.7423586
47:50.3,-0.391,0.377,0.099,47:50.4,55.66598822,-90.61949647
47:50.5,-0.234,0.187,0.107,47:50.5,55.67724839,-90.53147104
47:50.8,-0.303,0.375,0.072,47:50.8,55.68470778,-90.42016523
47:51.0,-0.368,0.352,0.037,47:51.0,55.69414292,-90.33715056
47:51.2,-0.3,0.277,0.049,47:51.2,55.7051678,-90.22500811
47:51.4,-0.364,0.255,0.022,47:51.4,55.71582923,-90.13358475
47:51.7,-0.392,0.224,-0.022,47:51.7,55.72342101,-90.01669188
47:51.9,-0.354,0.274,0.059,47:51.9,55.72503775,-89.92221441
47:52.1,-0.308,0.399,0.13,47:52.1,55.72769613,-89.82174541
47:52.3,-0.363,0.381,0.058,47:52.3,55.72840722,-89.69912745
47:52.5,-0.284,0.386,0.082,47:52.5,55.72863825,-89.57022645
47:52.8,-0.338,0.41,0.062,47:52.8,55.72706612,-89.44220106
47:53.0,-0.307,0.312,0.105,47:53.0,55.7252527,-89.33959632
47:53.2,-0.355,0.319,0.119,47:53.2,55.72473015,-89.20457732
47:53.4,-0.406,0.335,0.086,47:53.4,55.72023809,-89.09409926
47:53.7,-0.338,0.368,0.059,47:53.7,55.71089456,-88.95758473
47:53.9,-0.255,0.278,-0.001,47:53.9,55.70963902,-88.85182638
47:54.1,-0.288,0.433,-0.008,47:54.1,55.7050045,-88.71917049
47:54.3,-0.296,0.291,0.019,47:54.3,55.70578999,-88.61641213
47:54.5,-0.234,0.314,0.048,47:54.5,55.70429703,-88.5130449
47:54.8,-0.394,0.266,0.043,47:54.8,55.70987203,-88.35762006
47:55.0,-0.238,0.413,0.074,47:55.0,55.71108696,-88.2539917
47:55.2,-0.362,0.373,-0.008,47:55.2,55.72198391,-88.13437872
47:55.4,-0.26,0.254,0.026,47:55.4,55.73142521,-88.04369686
47:55.7,-0.417,0.298,0.058,47:55.7,55.74071038,-87.9296178
47:55.9,-0.349,0.161,0.067,47:55.9,55.74744017,-87.8399761
47:56.1,-0.28,0.269,0.086,47:56.1,55.75468887,-87.70852193
47:56.3,-0.234,0.288,0.101,47:56.3,55.76398658,-87.62183061
47:56.6,-0.33,0.283,0.05,47:56.5,55.77374139,-87.53184153
47:56.8,-0.38,0.318,0.085,47:56.8,55.78379203,-87.41854028
47:57.0,-0.367,0.363,0.113,47:57.0,55.7907008,-87.33178469
47:57.3,-0.418,0.295,0.059,47:57.3,55.79706222,-87.19287887
47:57.5,-0.347,0.404,0.05,47:57.5,55.79247855,-87.09876922
47:57.7,-0.282,0.231,0.09,47:57.7,55.79668445,-86.98520275
47:57.9,-0.254,0.335,0.04,47:57.9,55.79403904,-86.89123842
47:58.1,-0.394,0.311,0.088,47:58.2,55.78834652,-86.7712311
47:58.4,-0.403,0.423,0.06,47:58.4,55.78523231,-86.64807787
47:58.6,-0.343,0.339,0.059,47:58.6,55.78104057,-86.54836287
47:58.8,-0.412,0.405,0.063,47:58.8,55.7759587,-86.43275734
47:59.0,-0.326,0.391,0.084,47:59.0,55.77440585,-86.32861825
47:59.3,-0.374,0.371,0.039,47:59.3,55.77050786,-86.20170914
47:59.5,-0.348,0.397,0.101,47:59.5,55.77487167,-86.07090373
47:59.7,-0.311,0.282,0.034,47:59.7,55.77896979,-85.96840801
48:00.0,-0.372,0.295,0.038,48:00.0,55.7847808,-85.84025188
48:00.2,-0.433,0.332,0.033,48:00.2,55.79162704,-85.71456855
48:00.4,-0.348,0.209,0.086,48:00.4,55.80274107,-85.61757799
48:00.6,-0.428,0.152,-0.002,48:00.6,55.8169025,-85.49880358
48:00.9,-0.173,0.173,0.066,48:00.8,55.83053479,-85.40727869
48:01.1,-0.241,0.371,0.096,48:01.1,55.84048132,-85.29783284
48:01.3,-0.325,0.321,0.077,48:01.3,55.85120018,-85.17985903
48:01.5,-0.33,0.304,0.086,48:01.5,55.85970167,-85.09001893
48:01.8,-0.313,0.313,0.002,48:01.8,55.86492412,-84.97654776
48:02.0,-0.342,0.248,0.046,48:02.0,55.87046625,-84.88580801
48:02.2,-0.448,0.462,0.028,48:02.2,55.87411299,-84.7623808
48:02.4,-0.292,0.218,0.066,48:02.4,55.87677623,-84.66232239
48:02.6,-0.311,0.361,0.057,48:02.6,55.87863329,-84.53153155
48:02.9,-0.341,0.39,0.075,48:02.9,55.86551634,-84.37144296
48:03.1,-0.46,0.453,0.056,48:03.1,55.86713919,-84.26860876
48:03.3,-0.272,0.409,0.075,48:03.3,55.85610055,-84.15766314
48:03.5,-0.247,0.321,0.072,48:03.6,55.84960342,-84.02305485
48:03.8,-0.389,0.381,0.084,48:03.8,55.84244946,-83.9125569
48:04.0,-0.374,0.398,0.08,48:04.0,55.84107236,-83.77357385
48:04.2,-0.252,0.435,0.044,48:04.2,55.84285419,-83.6619927
48:04.4,-0.34,0.319,0.043,48:04.4,55.83759431,-83.52714379
48:04.6,-0.421,0.393,0.033,48:04.6,55.83122627,-83.41819329
48:04.9,-0.501,0.377,0.031,48:04.8,55.83201035,-83.31349616
48:05.1,-0.338,0.245,0.022,48:05.1,55.83825658,-83.19184542
48:05.3,-0.355,0.364,0.036,48:05.3,55.84057786,-83.07037984
48:05.5,-0.333,0.219,0.109,48:05.5,55.84543775,-82.97907473
48:05.8,-0.329,0.304,0.033,48:05.8,55.85321524,-82.86579197
48:06.0,-0.299,0.161,0.021,48:06.0,55.86737094,-82.78474535
48:06.2,-0.265,0.226,0.037,48:06.2,55.88099348,-82.68298991
48:06.5,-0.365,0.348,0.047,48:06.4,55.89521799,-82.57401741
48:06.7,-0.516,0.395,0.078,48:06.7,55.91520796,-82.47162442
48:06.9,-0.41,0.252,0.06,48:06.9,55.92589698,-82.38230839
48:07.1,-0.294,0.331,0.048,48:07.1,55.93881009,-82.29114416
48:07.3,-0.321,0.272,0.025,48:07.3,55.95434442,-82.17794963
48:07.5,-0.322,0.323,0.082,48:07.6,55.97082579,-82.06366193
48:07.8,-0.399,0.355,0.08,48:07.8,55.97909707,-81.96480066
48:08.0,-0.253,0.368,0.089,48:08.0,55.98412354,-81.83634494
48:08.2,-0.279,0.206,0.041,48:08.2,55.9808773,-81.72404145
48:08.4,-0.3,0.321,0.04,48:08.4,55.97655355,-81.59054551
48:08.6,-0.437,0.381,0.014,48:08.6,55.96899625,-81.48590075
48:08.9,-0.385,0.426,0.039,48:08.9,55.96345922,-81.342269
48:09.1,-0.409,0.48,0.092,48:09.1,55.95963567,-81.20975064
48:09.3,-0.302,0.478,0.065,48:09.3,55.94784784,-81.09289395
48:09.5,-0.317,0.5,0.071,48:09.6,55.94073587,-80.958066
48:09.8,-0.396,0.334,0.098,48:09.8,55.93141396,-80.83951848
48:10.0,-0.239,0.372,0.07,48:10.0,55.92024923,-80.67254229
48:10.2,-0.384,0.285,0.101,48:10.2,55.91306965,-80.57164143
48:10.5,-0.421,0.316,0.085,48:10.5,55.9141137,-80.46911698
48:10.7,-0.338,0.423,0.028,48:10.7,55.91248811,-80.36296893
48:10.9,-0.266,0.273,0.019,48:10.9,55.9145232,-80.27692701
48:11.1,-0.297,0.341,0.082,48:11.1,55.91373227,-80.15709092
48:11.4,-0.229,0.286,-0.015,48:11.4,55.92648487,-80.086733
48:11.6,-0.24,0.372,0.063,48:11.6,55.92790595,-79.99312175
48:11.8,-0.266,0.157,0.062,48:11.8,55.94250127,-79.91997123
48:12.0,-0.346,0.358,0.083,48:12.0,55.95005402,-79.82433755
48:12.3,-0.267,0.324,0.035,48:12.3,55.95606909,-79.72412063
48:12.5,-0.339,0.308,0.071,48:12.5,55.96674851,-79.64065776
48:12.7,-0.343,0.304,0.052,48:12.7,55.9729431,-79.53366298
48:12.9,-0.297,0.262,0.045,48:12.9,55.97734618,-79.43641273
48:13.1,-0.364,0.256,0.039,48:13.2,55.98265753,-79.32785975
48:13.4,-0.268,0.436,-0.042,48:13.4,55.9878347,-79.20691478
48:13.6,-0.338,0.42,0.028,48:13.6,55.98871468,-79.10950524
48:13.8,-0.447,0.295,-0.029,48:13.8,55.98077675,-79.0092919
48:14.0,-0.353,0.354,0.066,48:14.0,55.97619583,-78.87989968
48:14.2,-0.335,0.433,0.007,48:14.2,55.97851114,-78.76828824
48:14.5,-0.42,0.449,0.079,48:14.5,55.97318469,-78.62623167
48:14.7,-0.439,0.365,0.087,48:14.7,55.96840507,-78.47765594
48:14.9,-0.374,0.35,0.071,48:14.9,55.96551125,-78.36460964
48:15.1,-0.401,0.318,0.073,48:15.1,55.95953809,-78.22234836
48:15.3,-0.275,0.464,0.06,48:15.4,55.95929268,-78.10593277
48:15.6,-0.309,0.348,0.079,48:15.6,55.95029654,-77.98705742
48:15.8,-0.246,0.337,0.028,48:15.8,55.94480606,-77.84599006
48:16.0,-0.289,0.275,0.105,48:16.0,55.94363372,-77.73783579
48:16.2,-0.319,0.392,0.028,48:16.2,55.94035059,-77.61109335
48:16.4,-0.331,0.255,0.054,48:16.4,55.94501709,-77.50880978
48:16.7,-0.249,0.282,0.036,48:16.7,55.94724706,-77.38682542
48:16.9,-0.366,0.361,0.058,48:16.9,55.95161157,-77.26735178
48:17.1,-0.394,0.252,0.041,48:17.1,55.95577539,-77.17480521
48:17.4,-0.209,0.34,0.094,48:17.4,55.96071358,-77.05910226
48:17.6,-0.399,0.352,0.033,48:17.6,55.96272889,-76.94534023
48:17.8,-0.411,0.235,0.031,48:17.8,55.97181711,-76.86219886
48:18.1,-0.281,0.307,0.05,48:18.0,55.98510855,-76.75412884
48:18.3,-0.329,0.325,0.073,48:18.3,55.98929033,-76.66801891
48:18.5,-0.243,0.258,0.071,48:18.5,56.00360182,-76.56311232
48:18.7,-0.283,0.383,0.041,48:18.7,56.01354775,-76.45228827
48:18.9,-0.291,0.278,0.014,48:18.9,56.02779481,-76.35643905
48:19.2,-0.357,0.298,0.036,48:19.2,56.04020686,-76.24870998
48:19.4,-0.408,0.299,0.086,48:19.4,56.05206734,-76.16174411
48:19.6,-0.286,0.299,0.121,48:19.6,56.06315,-76.04599395
48:19.8,-0.304,0.336,0.093,48:19.8,56.07362586,-75.92580086
48:20.0,-0.361,0.376,0.08,48:20.0,56.08007607,-75.82406538
48:20.3,-0.335,0.214,0.118,48:20.3,56.09218152,-75.69989202
48:20.5,-0.379,0.323,0.13,48:20.5,56.09848213,-75.59072483
48:20.7,-0.42,0.314,0.096,48:20.7,56.09835309,-75.45210969
48:20.9,-0.334,0.414,0.139,48:20.9,56.10581426,-75.34355924
48:21.1,-0.346,0.331,0.102,48:21.1,56.10632752,-75.22950334
48:21.4,-0.419,0.329,0.111,48:21.4,56.11182391,-75.05793024
48:21.6,-0.399,0.407,0.056,48:21.6,56.11514428,-74.93857047
48:21.8,-0.38,0.325,0.072,48:21.8,56.11392104,-74.82652248
48:22.0,-0.404,0.46,0.109,48:22.0,56.11676418,-74.68526384
48:22.3,-0.455,0.297,0.059,48:22.3,56.11985539,-74.54582485
48:22.5,-0.541,0.501,0.083,48:22.5,56.12392163,-74.43423449
48:22.7,-0.382,0.364,0.057,48:22.8,56.11956397,-74.2771285
48:23.0,-0.359,0.378,0.092,48:23.0,56.12141914,-74.16596636
48:23.2,-0.292,0.306,0.049,48:23.2,56.12049172,-74.07180526
48:23.4,-0.306,0.358,0.039,48:23.4,56.12404395,-73.96571931
48:23.6,-0.265,0.213,0.026,48:23.6,56.12880883,-73.88872124
48:23.8,-0.199,0.184,0.088,48:23.8,56.12830242,-73.79689441
48:24.1,-0.21,0.163,0.085,48:24.1,56.13059822,-73.70676033
48:24.3,-0.238,0.259,0.075,48:24.3,56.13619475,-73.64131419
48:24.5,-0.348,0.405,0.099,48:24.5,56.1411524,-73.57451565
48:24.7,-0.304,0.247,0.083,48:24.7,56.14488711,-73.48526991
48:24.9,-0.214,0.388,0.034,48:24.9,56.14052655,-73.40931325
48:25.2,-0.341,0.29,0.064,48:25.2,56.13945723,-73.30090527
48:25.4,-0.359,0.383,0.029,48:25.4,56.13821585,-73.20379341
48:25.6,-0.357,0.394,0.003,48:25.6,56.13311037,-73.08750092
48:25.8,-0.48,0.243,-0.021,48:25.8,56.13342627,-72.9631275
48:26.0,-0.429,0.362,0.009,48:26.0,56.13180682,-72.85214555
48:26.3,-0.439,0.373,0.011,48:26.3,56.13042637,-72.71192055
48:26.5,-0.412,0.348,-0.025,48:26.5,56.13365578,-72.59441544
48:26.7,-0.523,0.299,0.025,48:26.7,56.13502153,-72.44888797
48:26.9,-0.434,0.393,0.008,48:26.9,56.14103769,-72.33356079
48:27.1,-0.422,0.439,0.057,48:27.1,56.14084907,-72.2114396
48:27.4,-0.439,0.376,0.057,48:27.4,56.14136269,-72.06346261
48:27.6,-0.472,0.359,0.026,48:27.6,56.144552,-71.92092727
48:27.8,-0.396,0.312,0.041,48:27.8,56.15183608,-71.80456789
48:28.0,-0.352,0.262,0.087,48:28.0,56.15626172,-71.67472408
48:28.2,-0.354,0.324,0.03,48:28.2,56.16345658,-71.56627032
48:28.4,-0.358,0.439,0.059,48:28.4,56.17511556,-71.46231564
48:28.7,-0.271,0.309,0.022,48:28.7,56.18587319,-71.315863
48:28.9,-0.289,0.367,-0.007,48:28.9,56.1961987,-71.22417009
48:29.1,-0.348,0.244,-0.012,48:29.1,56.1924731,-71.13645157
48:29.3,-0.298,0.242,0.048,48:29.3,56.19108478,-71.05303056
48:29.6,-0.373,0.339,0.074,48:29.6,56.19250681,-70.94928715
48:29.8,-0.189,0.27,0.037,48:29.8,56.19635797,-70.84121896
48:30.0,-0.143,0.328,0.04,48:30.0,56.19893772,-70.73315537
48:30.2,-0.32,0.294,0.027,48:30.2,56.19395062,-70.64074145
48:30.4,-0.326,0.358,0.068,48:30.4,56.1867519,-70.55333067
48:30.7,-0.321,0.417,0.046,48:30.7,56.18435121,-70.43562213
48:30.9,-0.34,0.307,0.039,48:30.9,56.17875981,-70.3424749
48:31.1,-0.336,0.386,0.039,48:31.1,56.17849135,-70.20143725
48:31.3,-0.414,0.311,0.034,48:31.4,56.1801723,-70.10154439
48:31.6,-0.453,0.338,0.002,48:31.6,56.18517648,-69.99802304
48:31.8,-0.327,0.286,0.107,48:31.8,56.18796712,-69.87278478
48:32.0,-0.39,0.317,0.017,48:32.0,56.19734395,-69.76726072
48:32.3,-0.414,0.324,0.054,48:32.3,56.20143222,-69.61516415
48:32.5,-0.297,0.308,-0.009,48:32.5,56.20587891,-69.4995504
48:32.7,-0.407,0.233,0.049,48:32.7,56.21749408,-69.39282051
48:32.9,-0.41,0.345,0.056,48:32.9,56.22131079,-69.26276196
48:33.1,-0.372,0.316,0.043,48:33.1,56.23611102,-69.13396957
48:33.4,-0.337,0.359,0.06,48:33.4,56.25210189,-69.00358231
48:33.6,-0.354,0.364,0.056,48:33.6,56.26337655,-68.9025748
48:33.8,-0.384,0.204,0.086,48:33.8,56.27745536,-68.80218762
48:34.0,-0.345,0.293,0.078,48:34.0,56.29268499,-68.67801233
48:34.3,-0.239,0.257,0.064,48:34.2,56.29781647,-68.58862696
48:34.5,-0.314,0.191,0.057,48:34.5,56.30840859,-68.45062752
48:34.7,-0.237,0.211,0.022,48:34.7,56.31421955,-68.36381723
48:34.9,-0.288,0.257,0.06,48:34.9,56.31962035,-68.26904561
48:35.1,-0.363,0.28,0.042,48:35.2,56.32620705,-68.15069191
48:35.4,-0.22,0.412,0.062,48:35.4,56.32994675,-68.04933354
48:35.6,-0.304,0.325,0.04,48:35.6,56.33448345,-67.92597703
48:35.8,-0.328,0.377,0.089,48:35.8,56.33745137,-67.80519084
48:36.0,-0.319,0.385,0.064,48:36.0,56.33986182,-67.70751175
48:36.3,-0.406,0.448,0.036,48:36.2,56.3364041,-67.60365758
48:36.5,-0.386,0.326,0.054,48:36.5,56.3334093,-67.47404485
48:36.7,-0.31,0.328,0.063,48:36.7,56.32130625,-67.37482405
48:36.9,-0.312,0.42,0.041,48:37.0,56.31680857,-67.21617832
48:37.1,-0.305,0.414,0.034,48:37.1,56.3065794,-67.10403922
48:37.4,-0.356,0.385,0.063,48:37.4,56.30620971,-67.00243449
48:37.6,-0.417,0.273,0.018,48:37.6,56.30052358,-66.89949481
48:37.8,-0.285,0.391,0.106,48:37.8,56.29948399,-66.77144094
48:38.1,-0.236,0.29,0.042,48:38.1,56.30006892,-66.6195842
48:38.3,-0.334,0.278,0.039,48:38.3,56.30249954,-66.52356413
48:38.5,-0.448,0.205,0.021,48:38.5,56.3034842,-66.42208575
48:38.7,-0.494,0.074,0.05,48:38.7,56.31073966,-66.30017725
48:38.9,-0.378,0.218,0.001,48:38.9,56.3167397,-66.20468525
48:39.2,-0.303,0.344,0.054,48:39.2,56.32721401,-66.06966208
48:39.4,-0.385,0.342,0.016,48:39.4,56.33555273,-65.9853559
48:39.6,-0.316,0.117,0.061,48:39.6,56.3461387,-65.89826277
48:39.8,-0.305,0.114,0.086,48:39.8,56.358959,-65.79065193
48:40.0,-0.317,0.212,0.055,48:40.0,56.37171447,-65.69396729
48:40.3,-0.376,0.28,0.088,48:40.3,56.38713086,-65.55452228
48:40.5,-0.288,0.27,0.034,48:40.5,56.39868848,-65.45669218
48:40.7,-0.317,0.451,0.042,48:40.7,56.40750222,-65.36273172
48:41.0,-0.283,0.316,0.08,48:41.0,56.41803043,-65.24449951
48:41.2,-0.437,0.358,0.117,48:41.2,56.42682043,-65.1261992
48:41.4,-0.318,0.459,0.058,48:41.4,56.43631925,-65.00676082
48:41.6,-0.344,0.396,0.048,48:41.6,56.43975068,-64.89929405
48:41.9,-0.292,0.435,0.078,48:41.9,56.44270248,-64.77122409
48:42.1,-0.36,0.39,0.107,48:42.1,56.43765256,-64.6606181
48:42.3,-0.349,0.358,0.113,48:42.3,56.43570044,-64.5251301
48:42.6,-0.25,0.367,0.082,48:42.6,56.43054634,-64.38777933
48:42.8,-0.355,0.38,0.074,48:42.8,56.42442735,-64.28101649
48:43.0,-0.415,0.333,0.034,48:43.0,56.41809975,-64.14446217
48:43.2,-0.451,0.41,0.068,48:43.2,56.4094137,-64.02989503
48:43.4,-0.391,0.522,0.075,48:43.4,56.40058323,-63.89372056
48:43.7,-0.286,0.356,0.093,48:43.7,56.39984275,-63.75268677
48:43.9,-0.318,0.413,0.051,48:43.9,56.40341189,-63.64151054
48:44.1,-0.348,0.463,0.094,48:44.1,56.40124863,-63.51128263
48:44.3,-0.309,0.348,0.03,48:44.3,56.40405768,-63.41488018
48:44.6,-0.305,0.335,0.028,48:44.6,56.4037408,-63.29661132
48:44.8,-0.309,0.299,0.055,48:44.8,56.40834172,-63.18229146
48:45.0,-0.37,0.157,0.016,48:45.0,56.41537099,-63.09645568
48:45.2,-0.334,0.175,0.064,48:45.2,56.42279635,-62.99373635
48:45.5,-0.261,0.293,0.073,48:45.5,56.435179,-62.90657189
48:45.7,-0.357,0.46,0.033,48:45.6,56.44753844,-62.82656131
48:45.9,-0.349,0.271,0.041,48:45.9,56.45867345,-62.70064916
48:46.1,-0.33,0.28,0.044,48:46.1,56.47124459,-62.61737627
48:46.4,-0.245,0.283,0.026,48:46.4,56.4877687,-62.5147414
48:46.6,-0.342,0.214,0.088,48:46.6,56.50017418,-62.41957771
48:46.8,-0.394,0.359,0.037,48:46.8,56.51158036,-62.31081494
48:47.0,-0.448,0.321,0.056,48:47.0,56.516141,-62.21627521
48:47.3,-0.254,0.428,-0.029,48:47.3,56.52642449,-62.09606466
48:47.5,-0.311,0.347,0.04,48:47.5,56.53634207,-61.96990134
48:47.7,-0.396,0.317,0.057,48:47.7,56.53203899,-61.85972603
48:47.9,-0.312,0.427,0.027,48:47.9,56.52643458,-61.74537002
48:48.1,-0.406,0.366,0.04,48:48.1,56.51999377,-61.6325987
48:48.3,-0.255,0.385,0.016,48:48.4,56.51149259,-61.46184509
48:48.6,-0.56,0.392,0.074,48:48.6,56.50896378,-61.345168
48:48.8,-0.425,0.282,0.085,48:48.8,56.50071781,-61.2216815
48:49.0,-0.41,0.337,0.083,48:49.0,56.48735648,-61.07653275
48:49.2,-0.378,0.191,0.102,48:49.2,56.47791256,-60.92670086
48:49.4,-0.37,0.317,0.087,48:49.4,56.46291104,-60.80998233
48:49.7,-0.355,0.257,0.135,48:49.7,56.45299761,-60.65887389
48:49.9,-0.414,0.233,0.11,48:49.9,56.44807266,-60.54640238
48:50.1,-0.275,0.487,0.044,48:50.1,56.44525784,-60.41076831
48:50.3,-0.299,0.393,0.101,48:50.3,56.44034221,-60.31268662
48:50.5,-0.273,0.323,0.055,48:50.6,56.43664453,-60.1926488
48:50.8,-0.287,0.257,0.057,48:50.8,56.43971202,-60.08200459
48:51.0,-0.266,0.376,0.038,48:51.0,56.45072605,-60.01201851
48:51.2,-0.329,0.334,0.014,48:51.2,56.4611362,-59.92431931
48:51.4,-0.169,0.336,0.051,48:51.4,56.47530927,-59.85833614
48:51.7,-0.228,0.385,0.008,48:51.7,56.48693972,-59.79629492
48:51.9,-0.207,0.285,0.019,48:51.9,56.49995499,-59.71287718
48:52.1,-0.222,0.256,0.053,48:52.1,56.51712629,-59.6255689
48:52.4,-0.444,0.329,0.052,48:52.4,56.52772047,-59.53523345
48:52.6,-0.376,0.201,0.052,48:52.6,56.54197947,-59.45694046
48:52.8,-0.326,0.208,0.007,48:52.8,56.55500762,-59.35657964
48:53.0,-0.283,0.286,-0.026,48:53.0,56.56788986,-59.26313994
48:53.3,-0.395,0.273,-0.028,48:53.2,56.57895375,-59.14994077
48:53.5,-0.338,0.381,-0.013,48:53.5,56.59166448,-59.02837623
48:53.7,-0.361,0.438,0.04,48:53.7,56.60365832,-58.92137394
48:53.9,-0.343,0.357,0,48:53.9,56.6119032,-58.81378988
48:54.1,-0.378,0.427,-0.04,48:54.1,56.61099491,-58.6998005
48:54.3,-0.242,0.453,-0.03,48:54.4,56.61373136,-58.53199608
48:54.6,-0.525,0.487,0.011,48:54.6,56.6154353,-58.41311582
48:54.8,-0.37,0.41,-0.042,48:54.8,56.60390554,-58.28940185
48:55.0,-0.428,0.401,0.024,48:55.0,56.59516915,-58.1405471
48:55.2,-0.364,0.349,0.061,48:55.2,56.58275712,-57.99073988
48:55.4,-0.33,0.395,0.077,48:55.4,56.56845258,-57.86133567
48:55.7,-0.385,0.507,0.062,48:55.7,56.55698128,-57.71148466
48:55.9,-0.273,0.415,0.065,48:55.9,56.54492706,-57.57288798
48:56.1,-0.353,0.329,0.037,48:56.1,56.53578581,-57.46522231
48:56.4,-0.269,0.323,0.054,48:56.4,56.52399869,-57.34056573
48:56.6,-0.226,0.334,0.053,48:56.6,56.51865482,-57.24611323
48:56.8,-0.276,0.274,0.078,48:56.8,56.50999845,-57.11373635
48:57.0,-0.32,0.31,0.077,48:57.0,56.51505868,-57.03550508
48:57.3,-0.388,0.317,0.014,48:57.3,56.52226003,-56.94399952
48:57.5,-0.251,0.167,0.061,48:57.5,56.53189275,-56.87823685
48:57.7,-0.22,0.316,0.06,48:57.7,56.54550579,-56.79522236
48:58.0,-0.264,0.246,0.103,48:58.0,56.56043322,-56.70967682
48:58.2,-0.248,0.125,0.092,48:58.2,56.5752189,-56.64699251
48:58.4,-0.322,0.199,0.08,48:58.4,56.5897822,-56.57388194
48:58.6,-0.267,0.307,0.033,48:58.6,56.60071141,-56.48194811
48:58.8,-0.357,0.311,-0.028,48:58.8,56.62102335,-56.40566287
48:59.1,-0.339,0.317,-0.047,48:59.1,56.63148337,-56.310154
48:59.3,-0.296,0.259,0.006,48:59.3,56.64940168,-56.20266911
48:59.5,-0.394,0.217,-0.051,48:59.5,56.65345508,-56.10599434
48:59.7,-0.312,0.386,-0.051,48:59.7,56.66115085,-55.98396903
48:59.9,-0.332,0.459,-0.075,48:59.9,56.66505052,-55.87755953
49:00.2,-0.336,0.383,-0.004,49:00.2,56.66446899,-55.74969829
49:00.4,-0.385,0.404,-0.029,49:00.4,56.6670352,-55.60969259
49:00.6,-0.304,0.407,0.05,49:00.6,56.67277804,-55.4933018
49:00.8,-0.246,0.398,0.051,49:00.8,56.67100879,-55.36960351
49:01.0,-0.399,0.398,0.042,49:01.0,56.66178154,-55.22282394
49:01.3,-0.339,0.39,0.045,49:01.2,56.65097724,-55.09664833
49:01.5,-0.324,0.337,0.034,49:01.5,56.64724551,-54.95249023
49:01.7,-0.357,0.417,0.078,49:01.7,56.63892539,-54.8104003
49:01.9,-0.256,0.428,0.056,49:01.9,56.63136234,-54.69000231
49:02.2,-0.178,0.394,0.027,49:02.2,56.62535642,-54.54742964
49:02.4,-0.358,0.41,0.073,49:02.4,56.6201658,-54.43843536
49:02.6,-0.178,0.39,0.054,49:02.6,56.61011797,-54.30631004
49:02.9,-0.275,0.298,-0.005,49:02.8,56.60433395,-54.18150491
49:03.1,-0.202,0.215,0.054,49:03.1,56.60246217,-54.09065237
49:03.3,-0.237,0.39,0.027,49:03.3,56.60307595,-53.98380327
49:03.5,-0.322,0.262,0.077,49:03.5,56.61054859,-53.91075529
49:03.7,-0.282,0.28,0.086,49:03.7,56.61147088,-53.81336069
49:03.9,-0.308,0.206,0.048,49:04.0,56.61773281,-53.71321938
49:04.2,-0.335,0.288,0.02,49:04.2,56.62731642,-53.63479512
49:04.4,-0.398,0.17,0.02,49:04.4,56.64065735,-53.56003982
49:04.6,-0.357,0.269,0.033,49:04.6,56.65733453,-53.46463034
49:04.8,-0.183,0.334,-0.016,49:04.8,56.67531153,-53.38522229
49:05.0,-0.271,0.396,-0.036,49:05.0,56.68905077,-53.29667769
49:05.3,-0.373,0.268,0.016,49:05.3,56.71115755,-53.1695245
49:05.5,-0.395,0.249,0.012,49:05.5,56.73105651,-53.0781924
49:05.7,-0.419,0.32,0.008,49:05.7,56.74400163,-52.9869283
49:05.9,-0.348,0.314,0.016,49:05.9,56.76088674,-52.8659681
49:06.1,-0.425,0.395,-0.028,49:06.1,56.77156393,-52.77380674
49:06.4,-0.439,0.308,-0.002,49:06.4,56.77949102,-52.65215353
49:06.6,-0.462,0.274,-0.009,49:06.6,56.79124708,-52.52541943
49:06.8,-0.421,0.361,0.025,49:06.8,56.79248206,-52.41874798
49:07.0,-0.324,0.408,0.048,49:07.0,56.79534398,-52.27885736
49:07.3,-0.367,0.395,0.042,49:07.2,56.79335276,-52.16362131
49:07.5,-0.384,0.311,0.092,49:07.4,56.79375019,-52.04781994
49:07.7,-0.353,0.351,0.097,49:07.7,56.79062465,-51.88049406
49:07.9,-0.306,0.326,0.073,49:07.9,56.78019337,-51.77031994
49:08.1,-0.302,0.429,0.109,49:08.2,56.77430589,-51.63056292
49:08.4,-0.333,0.326,0.1,49:08.4,56.76354062,-51.51558178
49:08.6,-0.226,0.387,0.048,49:08.6,56.7569397,-51.38726039
49:08.8,-0.276,0.296,0.089,49:08.8,56.74910366,-51.25360347
49:09.1,-0.366,0.446,0.074,49:09.0,56.74528403,-51.15497191
49:09.3,-0.354,0.465,0.068,49:09.2,56.73908441,-51.0563467
49:09.5,-0.374,0.292,0.034,49:09.5,56.74004162,-50.9375381
49:09.7,-0.336,0.269,0.074,49:09.7,56.74593093,-50.84388781
49:10.0,-0.326,0.261,0.062,49:10.0,56.74466586,-50.70536326
49:10.2,-0.319,0.348,0.019,49:10.2,56.75230585,-50.61705282
49:10.4,-0.349,0.237,0,49:10.4,56.76490167,-50.53294593
49:10.6,-0.407,0.271,0.034,49:10.6,56.77740185,-50.4276273
49:10.8,-0.464,0.351,0.032,49:10.8,56.790974,-50.34601427
49:11.1,-0.458,0.309,0.041,49:11.0,56.80409109,-50.2373271
49:11.3,-0.337,0.312,0.042,49:11.3,56.82133181,-50.12820375
49:11.5,-0.414,0.322,0.044,49:11.5,56.83281198,-50.0302092
49:11.7,-0.374,0.317,0.047,49:11.7,56.84174918,-49.91189166
49:11.9,-0.492,0.314,-0.023,49:11.9,56.84905818,-49.81493227
49:12.2,-0.437,0.316,0.025,49:12.2,56.85608074,-49.69722307
49:12.4,-0.373,0.395,0.036,49:12.4,56.86253721,-49.57092287
49:12.6,-0.411,0.352,0.006,49:12.6,56.86715423,-49.46390163
49:12.8,-0.43,0.493,0.019,49:12.8,56.86676087,-49.35991134
49:13.0,-0.417,0.511,0.059,49:13.0,56.86702895,-49.22946984
49:13.2,-0.241,0.445,0.028,49:13.2,56.8659929,-49.11742535
49:13.5,-0.368,0.475,0.059,49:13.5,56.8646867,-48.98291316
49:13.7,-0.494,0.463,0.011,49:13.7,56.86076536,-48.85173345
49:13.9,-0.47,0.321,0.11,49:13.9,56.85566845,-48.7489028
49:14.1,-0.284,0.344,0.086,49:14.1,56.85348786,-48.63887913
49:14.3,-0.502,0.469,0.08,49:14.4,56.84578177,-48.51270965
49:14.6,-0.406,0.4,0.063,49:14.6,56.84665303,-48.4055074
49:14.8,-0.306,0.315,0.042,49:14.8,56.84028482,-48.24946424
49:15.0,-0.397,0.347,0.069,49:15.0,56.83921356,-48.14593549
49:15.3,-0.24,0.342,0.096,49:15.2,56.83555554,-48.0486084
49:15.5,-0.345,0.292,0.093,49:15.5,56.83376205,-47.92399015
49:15.7,-0.186,0.404,0.09,49:15.7,56.83445355,-47.81910265
49:16.0,-0.323,0.36,0.092,49:16.0,56.83740801,-47.66788187
49:16.2,-0.287,0.426,0.107,49:16.2,56.83960317,-47.56450392
49:16.4,-0.302,0.294,0.08,49:16.4,56.83939947,-47.46641235
49:16.6,-0.316,0.283,0.103,49:16.6,56.84101791,-47.34366202
49:16.8,-0.332,0.316,0.075,49:16.8,56.84200593,-47.21595714
49:17.1,-0.247,0.252,0.094,49:17.1,56.84864358,-47.08487616
49:17.3,-0.434,0.348,0.02,49:17.3,56.84905281,-46.9878923
49:17.5,-0.398,0.335,0.051,49:17.5,56.85455784,-46.85735684
49:17.7,-0.384,0.257,0.126,49:17.7,56.85681926,-46.75178657
49:18.0,-0.243,0.365,0.069,49:18.0,56.86296643,-46.62292298
49:18.2,-0.409,0.456,0.045,49:18.2,56.87446521,-46.49048115
49:18.4,-0.371,0.489,0.073,49:18.4,56.87730761,-46.38869082
49:18.6,-0.444,0.379,0.072,49:18.7,56.87713553,-46.26005808
49:18.9,-0.331,0.39,0.031,49:18.9,56.88503789,-46.13197762
49:19.1,-0.365,0.314,0.029,49:19.1,56.88936791,-46.02534422
49:19.3,-0.407,0.34,0.061,49:19.3,56.89644375,-45.89441429
49:19.5,-0.315,0.345,0.033,49:19.5,56.90404298,-45.79152246
49:19.8,-0.388,0.382,0.066,49:19.8,56.90625471,-45.67362028
49:20.0,-0.315,0.31,0.12,49:20.0,56.91177432,-45.57286374
49:20.2,-0.351,0.433,0.11,49:20.2,56.91293846,-45.4718222
49:20.4,-0.409,0.196,0.037,49:20.4,56.91650532,-45.33810879
49:20.6,-0.39,0.303,0.068,49:20.6,56.91815698,-45.2098972
49:20.9,-0.409,0.371,0.044,49:20.8,56.91845753,-45.10371215
49:21.1,-0.409,0.41,0.042,49:21.1,56.91989148,-44.99506233
49:21.3,-0.361,0.369,0.068,49:21.3,56.91960739,-44.86138994
49:21.5,-0.392,0.388,0.039,49:21.5,56.92140003,-44.7488279
49:21.7,-0.413,0.36,0.102,49:21.7,56.92180017,-44.61098485
49:21.9,-0.415,0.314,0.135,49:21.9,56.92625996,-44.49618917
49:22.2,-0.431,0.319,0.091,49:22.2,56.92907518,-44.35915746
49:22.4,-0.354,0.394,0.1,49:22.4,56.9315836,-44.25002855
49:22.6,-0.477,0.31,0.067,49:22.6,56.93498397,-44.1412539
49:22.8,-0.277,0.353,0.089,49:22.8,56.93739603,-44.00683641
49:23.0,-0.355,0.409,0.049,49:23.0,56.94299593,-43.87488267
49:23.3,-0.231,0.337,0.07,49:23.2,56.94805085,-43.77004411
49:23.5,-0.406,0.33,0.107,49:23.5,56.95443805,-43.64788779
49:23.7,-0.396,0.294,0.111,49:23.7,56.96261164,-43.55018888
49:23.9,-0.456,0.278,0.091,49:23.9,56.9690994,-43.45532522
49:24.1,-0.289,0.331,0.097,49:24.1,56.97924074,-43.33599274
49:24.3,-0.201,0.289,0.032,49:24.4,56.98699078,-43.22120131
49:24.5,-0.353,0.379,0.064,49:24.6,56.99493489,-43.129695
49:24.8,-0.285,0.267,0.071,49:24.8,57.00077511,-43.03488369
49:25.0,-0.39,0.394,0.072,49:25.0,57.00770188,-42.93994936
49:25.2,-0.306,0.222,0.006,49:25.2,57.01685801,-42.79663106
49:25.4,-0.147,0.335,0.048,49:25.4,57.02258553,-42.69859612
49:25.6,-0.479,0.186,0.055,49:25.6,57.02634709,-42.60325995
49:25.9,-0.399,0.349,0.027,49:25.9,57.03395774,-42.48128296
49:26.1,-0.406,0.355,0.07,49:26.1,57.0391783,-42.38006845
49:26.3,-0.4,0.292,0.056,49:26.3,57.04221449,-42.27682976
49:26.5,-0.339,0.453,0.074,49:26.5,57.04763668,-42.12321572
49:26.7,-0.346,0.345,0.064,49:26.7,57.04779252,-42.01805929
49:27.0,-0.333,0.392,0.033,49:26.9,57.05127895,-41.91032516
49:27.2,-0.354,0.399,0.082,49:27.1,57.05345354,-41.80012776
49:27.4,-0.385,0.41,0.091,49:27.4,57.05784008,-41.66842349
49:27.6,-0.385,0.297,0.084,49:27.6,57.06072688,-41.53614826
49:27.8,-0.3,0.322,0.099,49:27.8,57.06602909,-41.42889016
49:28.1,-0.278,0.36,0.072,49:28.1,57.06503844,-41.29703571
49:28.3,-0.359,0.349,0.061,49:28.3,57.06811623,-41.19213109
49:28.5,-0.35,0.22,0.048,49:28.5,57.06808423,-41.07132865
49:28.7,-0.478,0.369,0.055,49:28.7,57.07211352,-40.96902456
49:29.0,-0.391,0.336,0.032,49:28.9,57.07274562,-40.84398104
49:29.2,-0.468,0.232,0.05,49:29.2,57.07888674,-40.72325259
49:29.4,-0.318,0.446,0.056,49:29.4,57.08560872,-40.61990438
49:29.6,-0.314,0.318,0.009,49:29.6,57.09106972,-40.52381346
49:29.8,-0.496,0.39,0.032,49:29.8,57.09602256,-40.39595264
49:30.0,-0.394,0.338,0.056,49:30.0,57.09961325,-40.29613094
49:30.3,-0.449,0.389,0.078,49:30.3,57.10485807,-40.17370521
49:30.5,-0.387,0.36,0.074,49:30.5,57.1087431,-40.0735959
49:30.7,-0.376,0.375,0.078,49:30.7,57.1129303,-39.97403342
49:30.9,-0.397,0.329,0.06,49:30.9,57.11872154,-39.8492184
49:31.1,-0.301,0.216,0.134,49:31.1,57.12251162,-39.74396738
49:31.3,-0.459,0.247,0.065,49:31.3,57.12840553,-39.61273
49:31.5,-0.447,0.373,0.056,49:31.5,57.13549226,-39.50954172
49:31.8,-0.411,0.314,0.057,49:31.8,57.1417492,-39.37851325
49:32.0,-0.367,0.381,0.041,49:32.0,57.14521589,-39.27443641
49:32.2,-0.369,0.421,-0.002,49:32.2,57.14863436,-39.17101495
49:32.4,-0.486,0.251,-0.012,49:32.4,57.15229413,-39.03891573
49:32.6,-0.354,0.332,0.055,49:32.6,57.1528944,-38.90925035
49:32.8,-0.272,0.381,0.079,49:32.8,57.15267653,-38.80467351
49:33.1,-0.3,0.383,0.111,49:33.0,57.15221924,-38.6994503
49:33.3,-0.294,0.326,0.074,49:33.3,57.15247217,-38.56932303
49:33.5,-0.405,0.311,0.044,49:33.5,57.15360094,-38.46278411
49:33.7,-0.293,0.381,0.059,49:33.7,57.15618571,-38.32551986
49:33.9,-0.346,0.373,0.091,49:33.9,57.15665603,-38.22364411
49:34.2,-0.33,0.364,0.068,49:34.2,57.15465307,-38.09928078
49:34.4,-0.211,0.263,0.092,49:34.4,57.15358886,-37.99859566
49:34.6,-0.347,0.293,0.075,49:34.6,57.15039009,-37.90042783
49:34.8,-0.326,0.399,0.107,49:34.8,57.15066346,-37.77624013
49:35.0,-0.385,0.454,0.12,49:35.0,57.14971639,-37.65221222
49:35.2,-0.371,0.409,0.067,49:35.2,57.14859531,-37.55446106
49:35.4,-0.28,0.255,0.077,49:35.4,57.14861233,-37.45211876
49:35.6,-0.349,0.356,0.036,49:35.6,57.14988186,-37.35199895
49:35.9,-0.329,0.291,0.069,49:35.9,57.15091268,-37.23075495
49:36.1,-0.324,0.416,0.074,49:36.1,57.15257498,-37.10776688
49:36.3,-0.252,0.312,0.023,49:36.3,57.15310452,-37.00928358
49:36.5,-0.341,0.247,0.053,49:36.5,57.15724871,-36.88620038
49:36.7,-0.33,0.383,0.064,49:36.7,57.16277282,-36.78798296
49:36.9,-0.328,0.313,0.041,49:36.9,57.16799018,-36.68880823
49:37.2,-0.298,0.302,0.052,49:37.2,57.17601009,-36.56560439
49:37.4,-0.388,0.265,0.086,49:37.4,57.18319123,-36.46613532
49:37.6,-0.389,0.326,0.042,49:37.6,57.1922237,-36.34441481
49:37.8,-0.316,0.25,0.065,49:37.8,57.20130687,-36.2457882
49:38.0,-0.317,0.282,0.083,49:38.0,57.20869318,-36.14890996
49:38.2,-0.394,0.29,0.029,49:38.3,57.21579759,-36.02846001
49:38.5,-0.348,0.262,0.06,49:38.5,57.22340658,-35.90844034
49:38.7,-0.316,0.408,0.046,49:38.7,57.22867627,-35.81267713
49:38.9,-0.348,0.36,0.024,49:38.9,57.23091188,-35.71978394
49:39.1,-0.26,0.287,0.104,49:39.1,57.23488647,-35.60248434
49:39.3,-0.399,0.399,0.04,49:39.3,57.23528049,-35.50720314
49:39.6,-0.38,0.344,0.033,49:39.6,57.23587985,-35.39088962
49:39.8,-0.237,0.352,0.027,49:39.8,57.23442258,-35.29515825
49:40.0,-0.348,0.244,0.082,49:40.0,57.23344306,-35.19792852
49:40.2,-0.333,0.334,0.061,49:40.2,57.23291196,-35.07759262
49:40.4,-0.393,0.344,0.055,49:40.4,57.23219629,-34.97583666
49:40.6,-0.351,0.301,0.076,49:40.6,57.23007901,-34.87510862
49:40.9,-0.415,0.336,0.061,49:40.9,57.22973461,-34.72727155
49:41.1,-0.316,0.376,0.037,49:41.1,57.23000041,-34.62767074
49:41.3,-0.389,0.265,0.044,49:41.3,57.23001998,-34.52423799
49:41.5,-0.451,0.436,0.102,49:41.5,57.2327412,-34.41804991
49:41.7,-0.337,0.389,0.046,49:41.7,57.23512479,-34.29089603
49:41.9,-0.292,0.223,0.071,49:42.0,57.23941382,-34.16320947
49:42.2,-0.347,0.293,0.017,49:42.2,57.24315234,-34.06343956
49:42.4,-0.284,0.228,0.068,49:42.4,57.2470855,-33.96553558
49:42.6,-0.373,0.374,0.078,49:42.6,57.25127579,-33.84419886
49:42.8,-0.219,0.458,0.014,49:42.8,57.25358871,-33.74747805
49:43.0,-0.319,0.209,0.077,49:43.0,57.25606114,-33.65074193
49:43.2,-0.26,0.416,0.036,49:43.2,57.25943715,-33.52949899
49:43.4,-0.353,0.268,0.012,49:43.4,57.26141661,-33.43591782
49:43.7,-0.374,0.48,0.064,49:43.7,57.26500379,-33.31347963
49:43.9,-0.248,0.37,0.027,49:43.9,57.26361281,-33.21763444
49:44.1,-0.219,0.352,0.087,49:44.1,57.26537382,-33.11683027
49:44.3,-0.283,0.329,0.07,49:44.3,57.26598763,-32.97479446
49:44.5,-0.489,0.271,0.081,49:44.5,57.26805844,-32.86721642
49:44.7,-0.332,0.393,0.043,49:44.7,57.26921789,-32.76605622
49:44.9,-0.376,0.289,0.072,49:44.9,57.27587023,-32.66003827
49:45.1,-0.425,0.435,0.075,49:45.1,57.27993795,-32.55535287
49:45.3,-0.369,0.288,0.059,49:45.3,57.28521629,-32.45226008
49:45.6,-0.408,0.422,0.066,49:45.6,57.28980914,-32.32573622
49:45.8,-0.41,0.309,0.093,49:45.8,57.29645249,-32.22339527
49:46.0,-0.334,0.383,0.077,49:46.0,57.30112198,-32.1004598
49:46.2,-0.406,0.376,0.127,49:46.2,57.30880908,-31.99732835
49:46.4,-0.417,0.311,0.102,49:46.4,57.3147918,-31.89874948
49:46.6,-0.325,0.263,0.047,49:46.6,57.32308076,-31.77334926
49:46.8,-0.366,0.31,0.073,49:46.8,57.32899436,-31.67692262
49:47.0,-0.251,0.336,0.063,49:47.0,57.33392036,-31.57910281
49:47.3,-0.452,0.234,0.001,49:47.3,57.33928199,-31.45451591
49:47.5,-0.375,0.346,0.052,49:47.5,57.34045998,-31.35908832
49:47.7,-0.132,0.306,0.06,49:47.7,57.34248535,-31.26220938
49:47.9,-0.346,0.336,0.065,49:47.9,57.34510703,-31.14250264
49:48.1,-0.363,0.36,0.125,49:48.1,57.34358703,-31.04760385
49:48.3,-0.279,0.339,0.082,49:48.3,57.3434773,-30.92793601
49:48.5,-0.238,0.425,0.062,49:48.5,57.3420117,-30.83071466
49:48.8,-0.369,0.335,0.03,49:48.7,57.3401332,-30.73367924
49:49.0,-0.331,0.383,0.109,49:49.0,57.33894546,-30.61192149
49:49.2,-0.392,0.376,0.044,49:49.2,57.33828704,-30.4904012
49:49.4,-0.38,0.288,0.107,49:49.4,57.33683525,-30.39116671
49:49.6,-0.287,0.266,0.053,49:49.6,57.33831987,-30.28979708
49:49.8,-0.285,0.262,0.059,49:49.8,57.33765514,-30.19045187
49:50.0,-0.289,0.239,0.022,49:50.1,57.33997952,-30.06832059
49:50.3,-0.273,0.302,0.044,49:50.3,57.34321087,-29.94522787
49:50.5,-0.445,0.379,0.003,49:50.5,57.34727322,-29.84979478
49:50.7,-0.384,0.29,-0.003,49:50.7,57.35344832,-29.75485683
49:50.9,-0.287,0.297,0.071,49:50.9,57.36088685,-29.63718151
49:51.1,-0.325,0.434,0.093,49:51.1,57.36943324,-29.54312594
49:51.4,-0.375,0.271,0.054,49:51.4,57.37781576,-29.42541547
49:51.6,-0.325,0.387,0.089,49:51.6,57.38592542,-29.33275363
49:51.8,-0.324,0.282,0.069,49:51.8,57.39425289,-29.21685497
49:52.0,-0.331,0.246,0.062,49:52.0,57.40274762,-29.11998029
49:52.2,-0.287,0.352,0.035,49:52.2,57.41078728,-29.02514123
49:52.4,-0.404,0.335,0.019,49:52.4,57.41905811,-28.90660051
49:52.7,-0.28,0.272,0.014,49:52.7,57.42707205,-28.78571316
49:52.9,-0.324,0.176,0.08,49:52.9,57.43377139,-28.68639061
49:53.1,-0.422,0.256,0.074,49:53.1,57.44072633,-28.58372789
49:53.3,-0.391,0.409,0.04,49:53.3,57.44469141,-28.47878399
49:53.5,-0.378,0.393,0.043,49:53.5,57.44793683,-28.37279977
49:53.7,-0.345,0.317,0.066,49:53.7,57.44992176,-28.24104648
49:53.9,-0.361,0.401,0.029,49:53.9,57.45228268,-28.13244705
49:54.1,-0.315,0.373,0.106,49:54.1,57.45231769,-28.02305219
49:54.3,-0.402,0.402,0.02,49:54.3,57.45192336,-27.88511102
49:54.5,-0.283,0.311,0.086,49:54.5,57.44964058,-27.77448695
49:54.8,-0.427,0.449,0.056,49:54.7,57.44517389,-27.66647761
49:55.0,-0.447,0.4,0.102,49:55.0,57.43985239,-27.52915415
49:55.2,-0.176,0.336,0.104,49:55.2,57.43441006,-27.41984285
49:55.4,-0.217,0.366,0.132,49:55.4,57.42676294,-27.29104327
49:55.6,-0.326,0.428,0.103,49:55.6,57.42144871,-27.19445649
49:55.8,-0.188,0.345,0.11,49:55.8,57.41609178,-27.10010828
49:56.0,-0.187,0.363,0.064,49:56.0,57.4124485,-26.98437352
49:56.3,-0.28,0.306,0.121,49:56.2,57.41130237,-26.89737743
49:56.5,-0.209,0.184,0.085,49:56.4,57.41271104,-26.81389942
49:56.7,-0.217,0.285,0.091,49:56.7,57.41348133,-26.71113231
49:56.9,-0.269,0.225,0.072,49:56.9,57.41669198,-26.63340743
49:57.1,-0.338,0.241,0.054,49:57.1,57.42166159,-26.55478266
49:57.3,-0.306,0.317,0.095,49:57.3,57.43002655,-26.45190558
49:57.5,-0.387,0.372,0.04,49:57.5,57.43898167,-26.36378895
49:57.7,-0.198,0.276,-0.009,49:57.7,57.44917953,-26.27143106
49:57.9,-0.28,0.296,-0.008,49:57.9,57.4618753,-26.15579389
49:58.1,-0.412,0.186,0.064,49:58.1,57.4719966,-26.06258209
49:58.4,-0.23,0.398,0.031,49:58.4,57.48564828,-25.94589684
49:58.6,-0.425,0.3,0.061,49:58.6,57.49456841,-25.85247506
49:58.8,-0.367,0.412,0.031,49:58.8,57.50138374,-25.75334594
49:59.0,-0.376,0.345,0.035,49:59.0,57.50843274,-25.62795355
49:59.2,-0.345,0.442,0.034,49:59.2,57.51364993,-25.52285949
49:59.4,-0.27,0.399,0.046,49:59.4,57.51539628,-25.41984939
49:59.7,-0.313,0.475,0.046,49:59.7,57.51772474,-25.2647147
49:59.9,-0.277,0.328,0.085,49:59.9,57.51349241,-25.16146013
50:00.1,-0.208,0.345,0.035,50:00.1,57.50834275,-25.05856323
50:00.3,-0.215,0.449,0.089,50:00.3,57.50226024,-24.95375142
50:00.5,-0.331,0.46,0.061,50:00.5,57.49918874,-24.84824034
50:00.7,-0.303,0.391,0.099,50:00.7,57.49368109,-24.72514165
50:00.9,-0.24,0.226,0.039,50:01.0,57.49232535,-24.59899508
50:01.2,-0.411,0.314,0.053,50:01.2,57.48842648,-24.50109694
50:01.4,-0.316,0.285,0.075,50:01.4,57.48370642,-24.40135237
50:01.6,-0.32,0.322,0.068,50:01.6,57.48222947,-24.30548737
50:01.8,-0.333,0.272,0.038,50:01.8,57.48240059,-24.21134087
50:02.0,-0.353,0.419,0.071,50:02.0,57.48478208,-24.09114105
50:02.2,-0.31,0.234,0.043,50:02.2,57.4893473,-23.99504112
50:02.4,-0.335,0.365,0.033,50:02.4,57.49416201,-23.87654263
50:02.6,-0.328,0.429,0.056,50:02.6,57.50026606,-23.78410598
50:02.8,-0.296,0.332,0.046,50:02.8,57.50770344,-23.69246246
50:03.1,-0.399,0.256,0.04,50:03.1,57.51631627,-23.5785689
50:03.3,-0.361,0.405,0.004,50:03.3,57.52709711,-23.463866
50:03.5,-0.374,0.275,0.061,50:03.5,57.53713888,-23.37303656
50:03.7,-0.284,0.312,0.039,50:03.7,57.54935859,-23.2816425
50:03.9,-0.33,0.281,0.025,50:03.9,57.56089677,-23.18928824
50:04.1,-0.233,0.32,0.086,50:04.1,57.57218474,-23.09542809
50:04.4,-0.275,0.22,0.071,50:04.3,57.58593984,-22.97989132
50:04.6,-0.425,0.261,0.061,50:04.6,57.59713849,-22.86473005
50:04.8,-0.351,0.313,0.076,50:04.8,57.60563076,-22.77200061
50:05.0,-0.325,0.351,0.045,50:05.0,57.61293858,-22.67912399
50:05.2,-0.367,0.179,0.062,50:05.2,57.6193531,-22.58570228
50:05.4,-0.322,0.324,0.07,50:05.4,57.6256452,-22.46866693
50:05.6,-0.343,0.428,0.102,50:05.6,57.62624176,-22.35278304
50:05.8,-0.419,0.283,0.126,50:05.8,57.63163501,-22.25448324
50:06.0,-0.355,0.337,0.081,50:06.0,57.63306196,-22.15608932
50:06.2,-0.404,0.136,0.044,50:06.2,57.63244632,-22.05469258
50:06.4,-0.424,0.404,0.088,50:06.4,57.63006868,-21.95009364
50:06.7,-0.428,0.264,0.034,50:06.7,57.62909551,-21.82185576
50:06.9,-0.376,0.411,0.088,50:06.9,57.62477043,-21.71328383
50:07.1,-0.383,0.372,0.135,50:07.1,57.62078016,-21.60601324
50:07.3,-0.371,0.421,0.068,50:07.3,57.61763726,-21.49755639
50:07.5,-0.342,0.324,0.112,50:07.5,57.61350998,-21.38802226
50:07.7,-0.39,0.316,0.063,50:07.7,57.60858501,-21.25324336
50:07.9,-0.359,0.41,0.124,50:07.9,57.60571817,-21.1444414
50:08.1,-0.324,0.305,0.071,50:08.1,57.60135779,-21.01581138
50:08.3,-0.34,0.352,0.101,50:08.3,57.60120371,-20.91818812
50:08.5,-0.368,0.362,0.077,50:08.5,57.60039298,-20.82207276
50:08.7,-0.265,0.318,0.079,50:08.7,57.60134954,-20.70589811
50:09.0,-0.339,0.338,0.047,50:09.0,57.60351854,-20.59413077
50:09.2,-0.303,0.258,0.056,50:09.2,57.60583948,-20.50984049
50:09.4,-0.307,0.193,0.056,50:09.4,57.61320207,-20.42149621
50:09.6,-0.198,0.275,0.088,50:09.6,57.61954697,-20.33932755
50:09.8,-0.317,0.347,0.027,50:09.8,57.62516345,-20.25445042
50:10.0,-0.339,0.335,0.016,50:10.0,57.63279128,-20.16244166
50:10.2,-0.312,0.255,0.04,50:10.2,57.64089236,-20.05031439
50:10.4,-0.407,0.39,0.067,50:10.4,57.64702812,-19.95785295
50:10.6,-0.429,0.441,0.045,50:10.6,57.65235977,-19.8624851
50:10.8,-0.37,0.358,0.023,50:10.8,57.65655882,-19.7664932
50:11.0,-0.364,0.428,0.068,50:11.0,57.66031109,-19.66779356
50:11.3,-0.28,0.392,0.032,50:11.3,57.66022758,-19.54520769
50:11.5,-0.419,0.256,0.05,50:11.5,57.65960993,-19.43808548
50:11.7,-0.267,0.388,0.064,50:11.7,57.6577326,-19.33344324
50:11.9,-0.242,0.253,0.038,50:11.9,57.65779863,-19.22321573
50:12.1,-0.276,0.353,0.093,50:12.1,57.65566139,-19.1194233
50:12.3,-0.263,0.389,0.071,50:12.3,57.65363264,-18.98891997
50:12.5,-0.401,0.429,0.028,50:12.5,57.65170766,-18.85488764
50:12.7,-0.292,0.39,0.045,50:12.7,57.64698625,-18.74838247
50:12.9,-0.292,0.293,0.045,50:12.9,57.64118021,-18.6460215
50:13.1,-0.381,0.299,0.003,50:13.1,57.64039913,-18.53853262
50:13.3,-0.415,0.438,-0.023,50:13.3,57.63657334,-18.41975914
50:13.6,-0.36,0.331,0.05,50:13.6,57.6372455,-18.29735002
50:13.8,-0.426,0.323,0.055,50:13.8,57.6392574,-18.19610317
50:14.0,-0.438,0.279,0.082,50:13.9,57.64042686,-18.11830773
50:14.2,-0.304,0.339,0.027,50:14.1,57.64467926,-18.02082305
50:14.4,-0.409,0.357,0.115,50:14.3,57.65036598,-17.92523141
50:14.6,-0.342,0.33,0.091,50:14.6,57.65720024,-17.80935154
50:14.8,-0.339,0.36,0.048,50:14.8,57.66663954,-17.69762656
50:15.0,-0.262,0.34,0.096,50:15.0,57.674049,-17.60883833
50:15.2,-0.237,0.339,0.085,50:15.2,57.68240059,-17.51973709
50:15.4,-0.365,0.309,0.115,50:15.4,57.68911791,-17.43360489
50:15.6,-0.359,0.312,0.058,50:15.6,57.69868104,-17.32673061
50:15.9,-0.421,0.314,0.05,50:15.9,57.70522625,-17.21494766
50:16.1,-0.322,0.275,0.038,50:16.1,57.71091987,-17.12713887
50:16.3,-0.408,0.327,0.019,50:16.3,57.71546943,-17.02178571
50:16.5,-0.186,0.201,-0.008,50:16.5,57.72113211,-16.92880515
50:16.7,-0.362,0.299,0.016,50:16.7,57.72304666,-16.83611037
50:16.9,-0.246,0.317,0.053,50:17.0,57.72659788,-16.72083317
50:17.2,-0.172,0.299,0.007,50:17.2,57.72837951,-16.62424595
50:17.4,-0.456,0.352,0.055,50:17.4,57.72853173,-16.52614285
50:17.6,-0.342,0.379,0.086,50:17.6,57.72819494,-16.42264114
50:17.8,-0.413,0.318,0.095,50:17.8,57.73010224,-16.29381971
50:18.0,-0.335,0.372,0.076,50:18.0,57.73287171,-16.18278034
50:18.2,-0.333,0.3,0.083,50:18.2,57.73819945,-16.04868639
50:18.4,-0.356,0.356,0.037,50:18.4,57.7401279,-15.93648698
50:18.6,-0.357,0.441,0.03,50:18.6,57.74397323,-15.82374606
50:18.9,-0.39,0.474,0.057,50:18.9,57.74794917,-15.68623633
50:19.1,-0.394,0.274,0.062,50:19.1,57.75052572,-15.57436533
50:19.3,-0.408,0.413,0.075,50:19.3,57.7554784,-15.43823853
50:19.5,-0.419,0.314,0.032,50:19.5,57.76262373,-15.32867532
50:19.7,-0.49,0.402,0.066,50:19.7,57.7694124,-15.2206101
50:19.9,-0.336,0.4,0.041,50:19.9,57.77581621,-15.11482092
50:20.1,-0.444,0.36,0.105,50:20.1,57.78018953,-14.98729231
50:20.3,-0.277,0.295,0.105,50:20.3,57.78586902,-14.8896531
50:20.6,-0.283,0.41,0.106,50:20.6,57.79175837,-14.77175278
50:20.8,-0.299,0.26,0.061,50:20.8,57.79812704,-14.68310224
50:21.0,-0.291,0.214,0.043,50:21.0,57.80274693,-14.59734536
50:21.2,-0.269,0.404,0.105,50:21.2,57.80725134,-14.51496534
50:21.4,-0.319,0.339,0.069,50:21.4,57.80770152,-14.43485268
50:21.6,-0.376,0.453,0.078,50:21.6,57.81356117,-14.32776961
50:21.8,-0.303,0.371,0.017,50:21.8,57.80906984,-14.23239759
50:22.0,-0.218,0.292,0.054,50:22.0,57.80792983,-14.13593748
50:22.2,-0.391,0.244,0.039,50:22.2,57.80980348,-14.06539877
50:22.4,-0.386,0.356,0.033,50:22.4,57.80883231,-13.97350408
50:22.6,-0.411,0.375,0.046,50:22.6,57.80724119,-13.87838473
50:22.8,-0.355,0.39,0.003,50:22.8,57.80337798,-13.75909494
50:23.0,-0.319,0.445,0.008,50:23.0,57.80409209,-13.6555049
50:23.2,-0.356,0.36,0.02,50:23.3,57.80344249,-13.5265115
50:23.4,-0.415,0.427,0.046,50:23.5,57.80150903,-13.41987319
50:23.6,-0.338,0.374,0.099,50:23.7,57.80239351,-13.31060241
50:23.9,-0.4,0.314,0.066,50:23.9,57.80558841,-13.174511
50:24.1,-0.379,0.43,0.025,50:24.1,57.80983733,-13.05895209
50:24.3,-0.3,0.279,0.056,50:24.3,57.81233352,-12.94786524
50:24.5,-0.346,0.351,0.059,50:24.5,57.82189126,-12.83258269
50:24.7,-0.378,0.43,0.053,50:24.7,57.82374602,-12.71748006
50:24.9,-0.28,0.286,0.079,50:24.9,57.82703969,-12.60338214
50:25.1,-0.375,0.356,0.131,50:25.1,57.83319612,-12.46810784
50:25.3,-0.303,0.213,0.075,50:25.3,57.8374438,-12.36078479
50:25.5,-0.313,0.352,0.016,50:25.5,57.83920545,-12.25951285
50:25.7,-0.319,0.316,0.08,50:25.7,57.84396952,-12.1420841
50:25.9,-0.367,0.352,0.024,50:25.9,57.84588693,-12.04261549
50:26.1,-0.301,0.402,0.12,50:26.1,57.84978062,-11.93961456
50:26.4,-0.321,0.346,0.029,50:26.3,57.85302963,-11.84813975
50:26.6,-0.258,0.306,0.058,50:26.6,57.85398208,-11.73791514
50:26.8,-0.194,0.299,0.042,50:26.8,57.85584828,-11.65607389
50:27.0,-0.301,0.25,0.051,50:27.0,57.85594793,-11.57557991
50:27.2,-0.262,0.163,0.035,50:27.2,57.85800904,-11.49572584
50:27.4,-0.17,0.315,0.082,50:27.4,57.86192701,-11.39887289
50:27.6,-0.312,0.345,0.066,50:27.6,57.86235909,-11.31670063
50:27.8,-0.417,0.351,-0.025,50:27.8,57.86333329,-11.23153319
50:28.0,-0.277,0.254,0.025,50:28.0,57.86504965,-11.12402719
50:28.2,-0.292,0.448,0.012,50:28.2,57.87126445,-11.03371321
50:28.4,-0.35,0.398,0.055,50:28.4,57.87437154,-10.94596815
50:28.6,-0.289,0.309,0.02,50:28.6,57.88297333,-10.85409359
50:28.8,-0.237,0.304,0.052,50:28.8,57.89097634,-10.76006928
50:29.1,-0.392,0.3,0.058,50:29.1,57.90076884,-10.63816213
50:29.2,-0.369,0.358,0.014,50:29.3,57.91138011,-10.53710642
50:29.5,-0.291,0.448,-0.006,50:29.4,57.92354874,-10.43067529
50:29.7,-0.481,0.328,0.023,50:29.7,57.93859861,-10.29989907
50:29.9,-0.388,0.205,0.025,50:29.9,57.94870822,-10.18841537
50:30.1,-0.443,0.271,0.061,50:30.1,57.96008896,-10.08069682
50:30.3,-0.368,0.334,0.107,50:30.3,57.9680206,-9.944919122
50:30.5,-0.321,0.379,0.081,50:30.5,57.97049345,-9.830718254
50:30.7,-0.415,0.43,0.027,50:30.7,57.97585447,-9.722931106
50:30.9,-0.389,0.295,0.067,50:30.9,57.97885093,-9.615489322
50:31.1,-0.346,0.458,0.036,50:31.1,57.97776478,-9.508302579
50:31.3,-0.21,0.364,0.078,50:31.3,57.97271147,-9.402955716
50:31.5,-0.242,0.42,0.104,50:31.5,57.96881231,-9.302849996
50:31.7,-0.223,0.34,0.079,50:31.7,57.96270479,-9.204273181
50:32.0,-0.077,0.414,0.077,50:31.9,57.95627078,-9.087176629
50:32.2,-0.236,0.396,0.126,50:32.2,57.94641705,-8.975623054
50:32.4,-0.239,0.275,0.084,50:32.4,57.93817405,-8.893224703
50:32.6,-0.259,0.471,0.096,50:32.6,57.93022216,-8.810428724
50:32.8,-0.266,0.218,0.102,50:32.8,57.923101,-8.730352959
50:33.0,-0.346,0.284,0.048,50:33.0,57.91620298,-8.628390189
50:33.2,-0.345,0.272,0.042,50:33.2,57.91288227,-8.551901652
50:33.4,-0.356,0.332,0.079,50:33.4,57.91347241,-8.471215323
50:33.6,-0.233,0.305,0.061,50:33.6,57.91772852,-8.3868347
50:33.8,-0.344,0.338,0.017,50:33.8,57.92481542,-8.297682044
50:34.0,-0.349,0.342,0.028,50:34.0,57.93135665,-8.205433048
50:34.2,-0.389,0.44,0.039,50:34.2,57.95030417,-8.07110008
50:34.4,-0.443,0.374,0.003,50:34.4,57.95203868,-7.991504881
50:34.6,-0.462,0.349,0.029,50:34.6,57.96505658,-7.88583548
50:34.8,-0.299,0.274,0.04,50:34.8,57.97527484,-7.779793116
50:35.0,-0.424,0.298,0.041,50:35.0,57.98562967,-7.670767562
50:35.2,-0.424,0.35,0.021,50:35.3,57.99859214,-7.534700039
50:35.5,-0.439,0.328,0.071,50:35.4,58.00714397,-7.423075303
50:35.6,-0.341,0.422,0.102,50:35.7,58.01256477,-7.314068975
50:35.8,-0.316,0.508,0.091,50:35.8,58.01858752,-7.17804216
50:36.0,-0.357,0.333,0.106,50:36.1,58.01991916,-7.06534461
50:36.2,-0.333,0.331,0.082,50:36.2,58.02306515,-6.979888664
50:36.5,-0.299,0.294,0.126,50:36.5,58.02409772,-6.844939219
50:36.7,-0.268,0.362,0.049,50:36.7,58.02318843,-6.738942148
50:36.9,-0.243,0.211,0.052,50:36.9,58.02026351,-6.63200131
50:37.1,-0.371,0.342,0.088,50:37.1,58.01714941,-6.501893397
50:37.3,-0.34,0.332,0.066,50:37.3,58.01246609,-6.400982612
50:37.5,-0.341,0.301,0.051,50:37.5,58.00688883,-6.304381499
50:37.7,-0.268,0.312,0.039,50:37.7,58.00179791,-6.182575561
50:37.9,-0.277,0.378,0.042,50:37.9,57.99615872,-6.086818151
50:38.1,-0.262,0.359,0.055,50:38.1,57.99012898,-5.994819745
50:38.3,-0.319,0.396,0.048,50:38.3,57.98613342,-5.901368804
50:38.5,-0.26,0.27,0.026,50:38.5,57.981585,-5.806253374
50:38.8,-0.296,0.391,0.091,50:38.8,57.98084931,-5.686777533
50:39.0,-0.329,0.384,0.037,50:39.0,57.98014099,-5.590197478
50:39.2,-0.285,0.358,0.047,50:39.2,57.98174284,-5.48182497
50:39.4,-0.337,0.333,0.071,50:39.4,57.98358599,-5.382765311
50:39.6,-0.359,0.412,0.031,50:39.6,57.98421792,-5.282114432
50:39.8,-0.355,0.469,0,50:39.8,57.99023495,-5.182722449
50:40.0,-0.341,0.278,0.047,50:40.0,57.99515897,-5.081914035
50:40.2,-0.432,0.308,0.034,50:40.2,58.00371227,-4.981725034
50:40.4,-0.312,0.306,0.047,50:40.4,58.01163846,-4.882378473
50:40.6,-0.446,0.197,0.076,50:40.6,58.02257266,-4.783000923
50:40.8,-0.271,0.325,0.091,50:40.8,58.0345878,-4.659369494
50:41.0,-0.425,0.303,0.034,50:41.0,58.04435532,-4.534089685
50:41.2,-0.419,0.446,-0.012,50:41.2,58.05426936,-4.429175022
50:41.4,-0.396,0.337,0.014,50:41.4,58.06522389,-4.326660924
50:41.6,-0.234,0.232,0.021,50:41.6,58.07622085,-4.223902832
50:41.8,-0.252,0.281,0.082,50:41.8,58.08366049,-4.122995741
50:42.1,-0.359,0.372,0.067,50:42.1,58.09122372,-3.997695929
50:42.3,-0.274,0.339,0.067,50:42.3,58.09446566,-3.897059067
50:42.5,-0.406,0.377,0.066,50:42.5,58.09559166,-3.796496406
50:42.7,-0.318,0.293,0.09,50:42.7,58.09591878,-3.668898295
50:42.9,-0.243,0.285,0.069,50:42.9,58.10093938,-3.561671186
50:43.1,-0.328,0.331,0.06,50:43.1,58.10160463,-3.460493497
50:43.3,-0.352,0.3,0.059,50:43.3,58.10031964,-3.355484968
50:43.5,-0.464,0.346,0.079,50:43.5,58.09849012,-3.252730002
50:43.7,-0.407,0.317,0.117,50:43.7,58.09466376,-3.147431156
50:43.9,-0.333,0.264,0.102,50:43.9,58.09197098,-3.017044357
50:44.1,-0.348,0.413,0.092,50:44.1,58.09053285,-2.912461575
50:44.3,-0.329,0.426,0.06,50:44.4,58.08723161,-2.782421912
50:44.6,-0.298,0.443,0.077,50:44.6,58.08540113,-2.679362002
50:44.8,-0.475,0.202,0.069,50:44.8,58.08616022,-2.574441098
50:45.0,-0.344,0.304,0.03,50:45.0,58.08551253,-2.475400816
50:45.2,-0.352,0.269,0.059,50:45.2,58.08487374,-2.377993429
50:45.4,-0.281,0.28,0.046,50:45.4,58.08579428,-2.282111792
50:45.6,-0.407,0.322,0.051,50:45.6,58.08762911,-2.162100114
50:45.8,-0.326,0.286,0.112,50:45.8,58.09597272,-2.065993028
50:46.0,-0.328,0.301,0.081,50:46.0,58.10680446,-1.955900616
50:46.2,-0.395,0.429,0.005,50:46.2,58.11339177,-1.860957135
50:46.4,-0.226,0.303,0.055,50:46.4,58.11568727,-1.78394201
50:46.6,-0.369,0.323,0.06,50:46.6,58.12262566,-1.688199353
50:46.8,-0.366,0.294,0.057,50:46.8,58.13025607,-1.567696689
50:47.0,-0.301,0.292,0.032,50:47.0,58.13600232,-1.46456041
50:47.2,-0.326,0.221,0.012,50:47.2,58.14218831,-1.344153462
50:47.4,-0.409,0.335,0.024,50:47.4,58.14771279,-1.239893451
50:47.6,-0.355,0.33,0.026,50:47.6,58.15084441,-1.159366632
50:47.8,-0.347,0.258,0.054,50:47.8,58.15582793,-1.054323908
50:48.0,-0.195,0.334,0.085,50:48.0,58.15690856,-0.925085537
50:48.2,-0.388,0.29,0.071,50:48.2,58.15878764,-0.82015176
50:48.4,-0.368,0.245,0.06,50:48.4,58.16170876,-0.711824738
50:48.6,-0.28,0.265,0.07,50:48.6,58.16264937,-0.607160289
50:48.8,-0.353,0.427,0.048,50:48.8,58.16691182,-0.500205327
50:49.0,-0.393,0.383,0.099,50:49.0,58.17230263,-0.39674256
50:49.3,-0.319,0.342,0.079,50:49.2,58.18036316,-0.269290585
50:49.5,-0.269,0.301,0.054,50:49.5,58.18495427,-0.170252073
50:49.7,-0.275,0.344,0.083,50:49.6,58.19336007,-0.069108777
50:49.9,-0.23,0.247,0.075,50:49.8,58.20065529,0.023664442
50:50.1,-0.399,0.205,0.076,50:50.1,58.21104236,0.142988155
50:50.3,-0.276,0.219,0.06,50:50.3,58.21803549,0.238666197
50:50.5,-0.414,0.201,0.105,50:50.5,58.22784041,0.332755474
50:50.7,-0.384,0.205,0.084,50:50.7,58.23616905,0.422635145
50:50.9,-0.295,0.255,0.096,50:50.9,58.24201632,0.512557809
50:51.1,-0.257,0.234,0.119,50:51.1,58.24829958,0.623279699
50:51.3,-0.312,0.256,0.056,50:51.3,58.25105526,0.71390219
50:51.5,-0.331,0.264,0.066,50:51.5,58.25529176,0.830172993
50:51.7,-0.295,0.279,0.048,50:51.7,58.25554633,0.924121538
50:51.9,-0.276,0.4,0.092,50:51.9,58.25113464,1.015465912
50:52.1,-0.366,0.446,0.052,50:52.1,58.24814425,1.107319958
50:52.3,-0.415,0.2,0.016,50:52.3,58.24372217,1.203212417
50:52.5,-0.318,0.389,0.051,50:52.6,58.24210101,1.322101504
50:52.7,-0.367,0.384,0.052,50:52.8,58.23966387,1.419327148
50:52.9,-0.453,0.334,0.028,50:53.0,58.23884687,1.519926523
50:53.1,-0.299,0.252,0.049,50:53.1,58.23856442,1.621845481
50:53.3,-0.359,0.262,0.049,50:53.3,58.24139541,1.723037891
50:53.5,-0.282,0.348,0.04,50:53.5,58.24634275,1.826792791
50:53.8,-0.237,0.223,0.105,50:53.8,58.25276624,1.950552862
50:54.0,-0.409,0.301,0.106,50:54.0,58.26249462,2.053186691
50:54.2,-0.349,0.22,0.087,50:54.2,58.27214418,2.153845795
50:54.4,-0.346,0.26,0.031,50:54.4,58.28756517,2.26801689
50:54.6,-0.439,0.267,0.02,50:54.6,58.29846414,2.368707292
50:54.8,-0.347,0.23,0.051,50:54.8,58.30281584,2.468001791
50:55.0,-0.365,0.319,0.056,50:55.0,58.31399426,2.565066708
50:55.2,-0.332,0.221,0.029,50:55.2,58.32408596,2.662237083
50:55.4,-0.33,0.346,0.048,50:55.4,58.33203536,2.75877986
50:55.6,-0.383,0.324,0.017,50:55.6,58.33655118,2.856861765
50:55.8,-0.213,0.312,0.069,50:55.8,58.33995908,2.972244495
50:56.0,-0.414,0.329,0.061,50:56.0,58.3445871,3.079196531
50:56.2,-0.309,0.322,0.067,50:56.2,58.34572677,3.184287581
50:56.4,-0.365,0.346,0.109,50:56.4,58.34488224,3.291134736
50:56.6,-0.378,0.33,0.07,50:56.6,58.34145906,3.395687462
50:56.8,-0.298,0.441,0.053,50:56.8,58.33688456,3.478790371
50:57.0,-0.239,0.353,0.051,50:57.0,58.33141504,3.586760256
50:57.2,-0.385,0.316,0.04,50:57.2,58.3244468,3.720020026
50:57.4,-0.28,0.46,0.112,50:57.4,58.32013656,3.828669391
50:57.6,-0.318,0.35,0.084,50:57.6,58.31313353,3.934175528
50:57.8,-0.372,0.35,0.086,50:57.8,58.30954447,4.040043497
50:58.0,-0.475,0.365,0.039,50:58.0,58.30808857,4.146657674
50:58.2,-0.303,0.27,0.036,50:58.2,58.3077938,4.271454626
50:58.4,-0.404,0.382,0.045,50:58.4,58.30648625,4.384775065
50:58.6,-0.412,0.315,0.061,50:58.6,58.30784383,4.488535717
50:58.8,-0.404,0.321,0.067,50:58.8,58.31177395,4.591151043
50:59.0,-0.443,0.335,0.065,50:59.0,58.31687503,4.693776565
50:59.2,-0.292,0.29,0.082,50:59.2,58.32384956,4.796598925
50:59.4,-0.392,0.324,0.073,50:59.4,58.3280507,4.898138491
50:59.6,-0.21,0.353,0.034,50:59.6,58.33111048,5.00084929
50:59.8,-0.336,0.274,0.059,50:59.8,58.33525314,5.101020077
51:00.0,-0.321,0.333,0.071,51:00.0,58.34049229,5.228281578
51:00.2,-0.397,0.401,0.002,51:00.2,58.34496828,5.329441774
51:00.4,-0.391,0.376,0.046,51:00.4,58.34803201,5.431254361
51:00.6,-0.379,0.403,0.072,51:00.6,58.35023037,5.532456536
51:00.8,-0.376,0.272,0.061,51:00.8,58.3521404,5.634393422
51:01.0,-0.507,0.408,0.07,51:01.0,58.35464704,5.73795573
51:01.2,-0.3,0.173,0.068,51:01.2,58.35544166,5.839373998
51:01.4,-0.374,0.297,0.082,51:01.4,58.35470797,5.941763295
51:01.6,-0.374,0.339,0.079,51:01.6,58.35489782,6.046915322
51:01.8,-0.339,0.313,0.094,51:01.8,58.35465926,6.149526468
51:02.0,-0.407,0.308,0.101,51:02.0,58.35545632,6.275871092
51:02.2,-0.321,0.323,0.074,51:02.2,58.35439361,6.374690321
51:02.4,-0.388,0.32,0.059,51:02.4,58.35682117,6.4793402
51:02.6,-0.337,0.334,0.065,51:02.6,58.35809518,6.581174882
51:02.8,-0.273,0.304,0.064,51:02.8,58.36156691,6.69537663
51:03.0,-0.356,0.393,0.096,51:03.0,58.36486443,6.798397243
51:03.2,-0.283,0.402,0.076,51:03.2,58.36791906,6.905401194
51:03.4,-0.333,0.252,0.062,51:03.4,58.37178104,7.003435707
51:03.6,-0.524,0.272,0.073,51:03.6,58.37470316,7.100592187
51:03.8,-0.381,0.292,0.066,51:03.8,58.37592799,7.214287159
51:04.0,-0.271,0.386,0.039,51:04.0,58.37994973,7.31552425
51:04.2,-0.41,0.248,0.034,51:04.2,58.38252352,7.391985409
51:04.4,-0.314,0.205,0.054,51:04.5,58.38679887,7.51336736
51:04.7,-0.329,0.297,0.111,51:04.6,58.38856316,7.612134168
51:04.9,-0.369,0.329,0.091,51:04.9,58.38884971,7.704916743
51:05.1,-0.36,0.346,0.076,51:05.1,58.38645292,7.816375148
51:05.2,-0.435,0.341,0.055,51:05.2,58.38861568,7.895285357
51:05.4,-0.36,0.419,0.065,51:05.4,58.38894528,7.994491422
51:05.7,-0.422,0.303,0.051,51:05.6,58.39184616,8.091944843
51:05.9,-0.49,0.34,0.02,51:05.9,58.39405184,8.215709274
51:06.1,-0.411,0.389,0.115,51:06.1,58.39691091,8.317321274
51:06.3,-0.39,0.361,0.038,51:06.3,58.40038525,8.419944544
51:06.5,-0.304,0.387,0.054,51:06.5,58.40645566,8.524256729
51:06.6,-0.399,0.383,0.057,51:06.7,58.41183798,8.630968912
51:06.9,-0.466,0.314,0.059,51:06.8,58.41776459,8.735911591
51:07.1,-0.356,0.333,0.116,51:07.1,58.42224443,8.842395238
51:07.3,-0.353,0.329,0.018,51:07.2,58.42974704,8.945589365
51:07.5,-0.362,0.357,0.033,51:07.4,58.43506528,9.050212807
51:07.6,-0.339,0.508,0.032,51:07.6,58.44179285,9.152121513
51:07.8,-0.342,0.421,0.076,51:07.8,58.45201482,9.255135534
51:08.1,-0.404,0.322,0.035,51:08.1,58.45976662,9.3813889
51:08.3,-0.416,0.261,0.078,51:08.3,58.46600304,9.485933285
51:08.5,-0.362,0.256,0.054,51:08.5,58.47127297,9.58586745
51:08.7,-0.342,0.324,0.073,51:08.7,58.48103452,9.700848926
51:08.8,-0.396,0.345,0.078,51:08.8,58.48547849,9.789157831
51:09.0,-0.313,0.337,0.069,51:09.0,58.49025796,9.889460255
51:09.3,-0.4,0.389,0.02,51:09.2,58.49472018,9.991257019
51:09.5,-0.376,0.365,0.08,51:09.5,58.49785818,10.11534392
51:09.7,-0.348,0.286,0.037,51:09.7,58.50153236,10.21688767
51:09.9,-0.279,0.438,0.047,51:09.8,58.50383636,10.2932254
51:10.1,-0.386,0.353,0.074,51:10.1,58.50628294,10.4192359
51:10.3,-0.385,0.358,0.065,51:10.3,58.50896329,10.51799726
51:10.5,-0.408,0.288,0.068,51:10.5,58.51321825,10.64738312
51:10.7,-0.309,0.21,0.078,51:10.7,58.51747382,10.7504524
51:10.9,-0.39,0.292,0.132,51:10.9,58.51970981,10.85189787
51:11.1,-0.349,0.329,0.066,51:11.0,58.52129121,10.92899038
51:11.3,-0.363,0.377,0.083,51:11.2,58.52340921,11.03320978
51:11.5,-0.302,0.286,0.055,51:11.4,58.52857135,11.14022636
51:11.7,-0.351,0.267,0.048,51:11.7,58.53619616,11.27109937
51:11.9,-0.273,0.275,0.052,51:11.9,58.5403822,11.37640682
51:12.1,-0.281,0.309,-0.011,51:12.1,58.54285557,11.47865777
51:12.3,-0.342,0.334,0.018,51:12.3,58.54504422,11.58023985
51:12.5,-0.311,0.34,0.033,51:12.5,58.54782301,11.67856519
51:12.7,-0.314,0.362,0.102,51:12.7,58.55229201,11.77724794
51:12.9,-0.327,0.324,0.098,51:12.9,58.55769706,11.90221382
51:13.1,-0.378,0.258,0.059,51:13.1,58.56123037,12.00144695
51:13.3,-0.288,0.269,0.054,51:13.3,58.56318866,12.09704018
51:13.5,-0.299,0.284,0.072,51:13.5,58.56877466,12.1942755
51:13.7,-0.374,0.284,0.064,51:13.7,58.57603648,12.29345291
51:13.9,-0.379,0.299,0.028,51:13.9,58.58586078,12.40597505
51:14.1,-0.309,0.271,0.071,51:14.1,58.59018276,12.50746495
51:14.3,-0.384,0.378,0.049,51:14.3,58.5986313,12.61802284
51:14.5,-0.28,0.209,0.029,51:14.5,58.60225748,12.69860606
51:14.7,-0.302,0.313,0.028,51:14.7,58.60944879,12.79566589
51:14.9,-0.394,0.386,0.066,51:14.9,58.61941449,12.91100104
51:15.1,-0.258,0.282,0.046,51:15.1,58.62498388,13.01130476
51:15.3,-0.346,0.312,0.073,51:15.3,58.62972021,13.11150911
51:15.5,-0.382,0.326,0.046,51:15.5,58.6330614,13.20933496
51:15.7,-0.294,0.393,0.09,51:15.7,58.63673317,13.31040503
51:15.9,-0.443,0.304,0.049,51:15.9,58.63505935,13.42707732
51:16.1,-0.416,0.39,0.054,51:16.1,58.63697291,13.53195353
51:16.3,-0.381,0.361,0.05,51:16.3,58.63941222,13.61202597
51:16.5,-0.307,0.38,0.085,51:16.6,58.64135211,13.73896997
51:16.7,-0.389,0.361,0.065,51:16.8,58.64168895,13.842014
51:16.9,-0.389,0.302,0.086,51:16.9,58.64253171,13.94905285
51:17.1,-0.305,0.376,0.101,51:17.1,58.643033,14.05542763
51:17.3,-0.517,0.294,0.082,51:17.3,58.64138411,14.15576097
51:17.5,-0.395,0.351,0.095,51:17.5,58.63933294,14.26184121
51:17.8,-0.383,0.464,0.054,51:17.7,58.64041451,14.38778085
51:18.0,-0.303,0.339,0.058,51:18.0,58.63794626,14.49822069
51:18.2,-0.279,0.367,0,51:18.1,58.63864004,14.58499517
51:18.4,-0.366,0.428,0.014,51:18.4,58.64135349,14.68496012
51:18.6,-0.34,0.288,0.032,51:18.6,58.64273556,14.78216174
51:18.8,-0.307,0.322,0.039,51:18.8,58.64297108,14.87801276
51:19.0,-0.292,0.361,0.043,51:19.0,58.64618079,14.99703116
51:19.2,-0.395,0.333,0.069,51:19.2,58.64835088,15.09719273
51:19.4,-0.381,0.332,0.055,51:19.4,58.65077171,15.19783596
51:19.6,-0.424,0.276,0.062,51:19.6,58.65234062,15.29875733
51:19.8,-0.382,0.281,0.074,51:19.8,58.65652583,15.40415395
51:19.9,-0.37,0.402,0.043,51:20.0,58.65918089,15.50547379
51:20.2,-0.273,0.399,0.071,51:20.2,58.66277788,15.60714478
51:20.4,-0.288,0.44,0.056,51:20.4,58.6637653,15.71077007
51:20.5,-0.311,0.296,0.055,51:20.6,58.66661737,15.82731554
51:20.7,-0.298,0.404,0.036,51:20.7,58.66811187,15.91554072
51:20.9,-0.353,0.234,0.033,51:20.9,58.67044245,16.01835077
51:21.1,-0.306,0.337,0.089,51:21.1,58.66997222,16.12393422
51:21.3,-0.322,0.258,0.044,51:21.3,58.6682229,16.23339944
51:21.5,-0.276,0.391,0.103,51:21.5,58.66617667,16.33976019
51:21.7,-0.345,0.308,0.061,51:21.7,58.66485968,16.44334901
51:21.9,-0.355,0.439,0.089,51:21.9,58.66237227,16.5467961
51:22.1,-0.382,0.348,0.079,51:22.1,58.65729528,16.64935363
51:22.3,-0.344,0.353,0.061,51:22.3,58.65555252,16.75032382
51:22.5,-0.383,0.292,0.074,51:22.5,58.65337787,16.8767884
51:22.7,-0.412,0.344,0.099,51:22.7,58.65322518,16.97822514
51:22.9,-0.228,0.192,0.067,51:22.9,58.65190016,17.07756616
51:23.1,-0.363,0.33,0.05,51:23.1,58.65171967,17.1725608
51:23.3,-0.302,0.439,0.096,51:23.3,58.65231856,17.26743138
51:23.5,-0.408,0.323,0.066,51:23.5,58.656471,17.36239223
51:23.7,-0.33,0.288,0.041,51:23.7,58.66215116,17.45664239
51:23.9,-0.357,0.3,0.069,51:23.9,58.66558253,17.54799316
51:24.1,-0.349,0.302,0.098,51:24.1,58.67198188,17.64091483
51:24.3,-0.279,0.313,0.061,51:24.3,58.67695202,17.7354216
51:24.5,-0.36,0.274,0.034,51:24.5,58.68454536,17.8408712
51:24.7,-0.332,0.203,0.049,51:24.7,58.68771458,17.92097498
51:24.9,-0.315,0.265,0.032,51:24.9,58.69065126,18.01049275
51:25.1,-0.389,0.299,0.021,51:25.1,58.69386305,18.10538117
51:25.3,-0.301,0.297,0.048,51:25.3,58.6973784,18.22704665
51:25.5,-0.339,0.382,0.013,51:25.5,58.70059058,18.32720597
51:25.7,-0.324,0.462,0.027,51:25.7,58.70050559,18.42517126
51:25.9,-0.386,0.385,0.028,51:25.9,58.69930906,18.50043667
51:26.1,-0.331,0.267,0.028,51:26.1,58.700436,18.62468065
51:26.3,-0.393,0.351,0.064,51:26.3,58.6998957,18.72530711
51:26.5,-0.316,0.373,0.049,51:26.5,58.70001067,18.82710976
51:26.7,-0.305,0.398,0.047,51:26.7,58.70114584,18.93035882
51:26.9,-0.35,0.333,0.02,51:26.9,58.70174388,19.05430967
51:27.1,-0.417,0.31,-0.01,51:27.1,58.70035453,19.13027603
51:27.3,-0.335,0.348,0.051,51:27.3,58.70399892,19.25437325
51:27.5,-0.301,0.324,0.029,51:27.5,58.70751781,19.35517746
51:27.7,-0.345,0.289,0.034,51:27.7,58.70958082,19.45115557
51:27.9,-0.422,0.258,0.08,51:27.9,58.71471092,19.54933352
51:28.1,-0.396,0.29,0.071,51:28.1,58.7191282,19.64746956
51:28.3,-0.371,0.41,0.044,51:28.3,58.72273817,19.74243836
51:28.5,-0.294,0.263,0.034,51:28.5,58.72844459,19.86107784
51:28.7,-0.301,0.29,0.027,51:28.7,58.73452652,19.95603272
51:28.9,-0.315,0.379,0.06,51:28.9,58.73724713,20.05319348
51:29.1,-0.41,0.296,0.039,51:29.1,58.74401605,20.15020495
51:29.3,-0.301,0.307,0.102,51:29.3,58.74686321,20.24458
51:29.5,-0.344,0.208,0.032,51:29.5,58.74959167,20.31977479
51:29.7,-0.286,0.351,0.058,51:29.7,58.75382905,20.444959
51:29.9,-0.328,0.345,0.087,51:29.9,58.75710052,20.54569009
51:30.1,-0.334,0.364,0.051,51:30.1,58.76076015,20.64968635
51:30.3,-0.334,0.409,0.07,51:30.3,58.76457474,20.7537534
51:30.5,-0.326,0.372,0.041,51:30.5,58.76747886,20.85866499
51:30.7,-0.394,0.33,0.061,51:30.7,58.77153419,20.94089199
51:30.9,-0.241,0.428,0.041,51:30.9,58.77655372,21.07416342
51:31.1,-0.384,0.393,0.035,51:31.1,58.78066155,21.18471497
51:31.3,-0.334,0.304,0.077,51:31.3,58.78419942,21.29133917
51:31.5,-0.316,0.272,0.106,51:31.5,58.78691063,21.39705336
51:31.7,-0.379,0.327,0.062,51:31.7,58.79328122,21.52276749
51:31.9,-0.366,0.358,0.06,51:31.8,58.7961227,21.61337217
51:32.1,-0.324,0.363,0.046,51:32.1,58.79812568,21.71960874
51:32.3,-0.351,0.319,0.081,51:32.3,58.80502613,21.82869515
51:32.5,-0.351,0.274,0.063,51:32.5,58.80627673,21.92898265
51:32.7,-0.301,0.38,0.034,51:32.6,58.81087661,22.03014225
51:32.8,-0.263,0.379,0.024,51:32.8,58.8131767,22.1269144
51:33.0,-0.235,0.379,0.052,51:33.0,58.81394793,22.23165725
51:33.2,-0.296,0.329,0.08,51:33.2,58.81882487,22.33888245
51:33.5,-0.394,0.318,0,51:33.5,58.82248596,22.43979525
51:33.6,-0.303,0.302,0.036,51:33.6,58.82296973,22.50727918
51:33.8,-0.248,0.243,0.058,51:33.8,58.82318814,22.59623789
51:34.0,-0.244,0.259,0.063,51:34.0,58.82638647,22.68727722
51:34.2,-0.353,0.335,0.068,51:34.2,58.82802335,22.77819177
51:34.4,-0.479,0.333,0.082,51:34.4,58.8302144,22.89045948
51:34.6,-0.226,0.334,0.011,51:34.6,58.8352173,22.98569875
51:34.8,-0.366,0.307,0.063,51:34.8,58.83928615,23.07862144
51:35.0,-0.312,0.367,0.013,51:35.0,58.84309792,23.18605213
51:35.2,-0.385,0.318,0.011,51:35.2,58.84586925,23.26925522
51:35.4,-0.393,0.253,0.051,51:35.4,58.84895725,23.36541058
51:35.6,-0.383,0.358,0.016,51:35.6,58.8503241,23.46686223
51:35.8,-0.368,0.398,0.063,51:35.8,58.85472572,23.57239422
51:36.0,-0.492,0.416,0.035,51:36.0,58.85808021,23.69974075
51:36.2,-0.335,0.301,0.083,51:36.2,58.8599472,23.78495179
51:36.4,-0.451,0.336,0.03,51:36.4,58.86193219,23.88955539
51:36.6,-0.388,0.476,0.059,51:36.6,58.86550759,23.9983534
51:36.8,-0.365,0.393,0.048,51:36.8,58.86654943,24.10682835
51:37.0,-0.365,0.385,0.043,51:37.0,58.86880136,24.2174702
51:37.2,-0.359,0.381,0.041,51:37.2,58.86954327,24.32306785
51:37.4,-0.355,0.33,0.03,51:37.4,58.87041314,24.42776123
51:37.6,-0.355,0.374,0.032,51:37.6,58.87253928,24.54037795
51:37.8,-0.355,0.349,-0.024,51:37.7,58.87462803,24.62708106
51:38.0,-0.367,0.369,0.068,51:38.0,58.87768558,24.72581167
51:38.2,-0.288,0.326,0.007,51:38.2,58.88212337,24.82018823
51:38.4,-0.325,0.338,-0.012,51:38.4,58.8870573,24.90985767
51:38.5,-0.24,0.36,0.012,51:38.6,58.8969816,25.00748251
51:38.7,-0.248,0.354,0.066,51:38.7,58.90039251,25.08489778
51:38.9,-0.249,0.248,0.052,51:38.9,58.90778044,25.1698851
51:39.1,-0.299,0.263,0.062,51:39.1,58.91542855,25.25719414
51:39.3,-0.309,0.411,0.006,51:39.3,58.92383679,25.3473332
51:39.5,-0.35,0.219,0.047,51:39.5,58.93224736,25.43708126
51:39.7,-0.257,0.274,0.037,51:39.7,58.94108668,25.52625749
51:39.9,-0.398,0.227,0.043,51:39.9,58.94816269,25.63914577
51:40.1,-0.354,0.221,0.049,51:40.1,58.95259564,25.71726951
51:40.3,-0.309,0.266,0.097,51:40.3,58.95648444,25.81556358
51:40.5,-0.436,0.334,0.076,51:40.5,58.95808933,25.91643888
51:40.7,-0.386,0.292,0.084,51:40.7,58.9577523,26.02161492
51:40.9,-0.437,0.39,0.068,51:40.9,58.95072049,26.15483435
51:41.1,-0.353,0.459,0.049,51:41.1,58.95209786,26.2404818
51:41.3,-0.388,0.312,0.094,51:41.3,58.94724401,26.35023398
51:41.5,-0.361,0.451,0.071,51:41.5,58.93906678,26.4637736
51:41.7,-0.392,0.334,0.067,51:41.7,58.9299489,26.57227755
51:41.9,-0.339,0.344,0.04,51:41.9,58.92440225,26.68025367
51:42.1,-0.416,0.384,0.041,51:42.1,58.91634548,26.78732454
51:42.2,-0.286,0.379,0.051,51:42.3,58.90395762,26.89756877
51:42.4,-0.329,0.342,0.047,51:42.4,58.90220824,26.98670778
51:42.7,-0.326,0.319,0.045,51:42.7,58.89974032,27.09602445
51:42.9,-0.34,0.348,0.078,51:42.9,58.89798713,27.19928456
51:43.1,-0.241,0.312,0.039,51:43.1,58.89656594,27.28258772
51:43.2,-0.177,0.21,0.058,51:43.2,58.90078126,27.34062821
51:43.4,-0.254,0.26,0.049,51:43.4,58.90577329,27.41577615
51:43.6,-0.247,0.155,0.084,51:43.6,58.9138856,27.48705049
51:43.8,-0.248,0.127,0.135,51:43.9,58.92692132,27.56845403
51:44.0,-0.216,0.155,0.087,51:44.1,58.93906471,27.62530215
51:44.2,-0.197,0,0.096,51:44.2,58.95362654,27.67691328
51:44.4,-0.234,0.093,0.132,51:44.4,58.96727734,27.71197832
51:44.6,-0.187,0.023,0.092,51:44.6,58.984845,27.76254677
51:44.8,-0.115,0.161,0.05,51:44.8,59.00305744,27.81376584
51:45.0,-0.253,0.158,0.013,51:45.0,59.01878246,27.87747923
51:45.2,-0.153,0.144,-0.007,51:45.2,59.03424167,27.92680201
51:45.4,-0.176,0.163,0.013,51:45.4,59.04647555,27.97447944
51:45.6,-0.011,0.242,-0.019,51:45.6,59.05786354,28.02475497
51:45.8,-0.17,0.294,-0.006,51:45.8,59.05757247,28.09006998
51:46.0,-0.273,0.272,-0.032,51:46.0,59.06661782,28.13670187
51:46.2,-0.178,0.284,-0.035,51:46.2,59.06636171,28.19770529
51:46.4,-0.194,0.265,-0.005,51:46.4,59.0627918,28.26334755
51:46.6,-0.107,0.249,-0.04,51:46.6,59.06204996,28.34210473
51:46.8,-0.142,0.318,-0.017,51:46.8,59.05488937,28.39147825
51:47.0,0.035,0.326,-0.042,51:47.0,59.05429036,28.45475065
51:47.2,-0.109,0.376,0.017,51:47.2,59.04037155,28.52589761
51:47.4,-0.076,0.202,0.01,51:47.4,59.05818026,28.58851999
51:47.6,0,0.307,0.014,51:47.6,59.04765876,28.64436337
51:47.8,-0.058,0.251,-0.014,51:47.8,59.06394139,28.69326656
51:48.0,-0.032,0.208,0.026,51:48.0,59.07129088,28.74015692
51:48.2,-0.036,0.17,0.018,51:48.2,59.07599218,28.7709524
51:48.4,-0.066,0.146,0,51:48.4,59.08743573,28.81262771
51:48.6,-0.084,0.058,0.055,51:48.6,59.10757749,28.86185137
51:48.8,-0.118,0.28,0.072,51:48.8,59.12681011,28.89504312
51:49.0,-0.132,0.098,0.057,51:49.0,59.14970859,28.92852571
51:49.2,-0.107,0.152,0.106,51:49.2,59.1762787,28.96143441
51:49.3,-0.08,0.048,0.138,51:49.3,59.20044782,28.984249
51:49.5,-0.031,0.084,0.068,51:49.5,59.2348549,29.01708531
51:49.8,-0.137,0.156,0.059,51:49.8,59.27978532,29.05621963
51:50.0,-0.05,0.206,0.036,51:50.0,59.32013023,29.08970181
51:50.2,-0.151,0.223,0.021,51:50.2,59.36176257,29.12546943
51:50.3,-0.129,0.147,-0.041,51:50.4,59.40505184,29.16348299
51:50.5,-0.139,0.108,0.002,51:50.6,59.45452852,29.20994434
51:50.7,-0.072,0.268,-0.017,51:50.7,59.48801531,29.23849785
51:50.9,-0.075,0.219,-0.085,51:50.9,59.53050249,29.28764239
51:51.1,-0.174,0.324,-0.093,51:51.1,59.57310201,29.32195589
51:51.3,-0.102,0.254,-0.073,51:51.4,59.61024891,29.35961258
51:51.5,0.004,0.278,-0.072,51:51.5,59.63725347,29.38984048
51:51.7,-0.155,0.147,-0.077,51:51.7,59.67107932,29.42663999
51:51.9,-0.007,0.262,-0.045,51:51.9,59.70267082,29.4624975
51:52.1,-0.138,0.104,-0.057,51:52.1,59.74221107,29.50482696
51:52.3,-0.045,0.121,-0.022,51:52.3,59.76989393,29.53914935
51:52.5,-0.086,0.205,-0.03,51:52.5,59.79605698,29.57159758
51:52.7,-0.094,0.26,-0.04,51:52.7,59.81479401,29.59566258
51:52.9,-0.087,0.099,0.049,51:52.9,59.84381112,29.62602609
51:53.1,-0.033,0.149,0.043,51:53.1,59.87332998,29.65398904
51:53.3,-0.166,0.172,0.083,51:53.3,59.90546498,29.68038892
51:53.5,-0.096,0.157,0.058,51:53.5,59.9465278,29.71201814
51:53.7,-0.127,0.238,0.088,51:53.7,59.98100813,29.73628767
51:53.9,-0.133,0.282,0.071,51:53.9,60.01537108,29.76106981
51:54.1,-0.131,0.092,0.065,51:54.1,60.05151226,29.78600988
51:54.3,-0.1,0.16,0.017,51:54.3,60.08251575,29.80698436
51:54.5,-0.063,0.013,0.047,51:54.5,60.13390711,29.83695839
51:54.7,-0.05,0.184,0.016,51:54.7,60.17655648,29.86102493
51:54.9,-0.198,0.143,-0.029,51:54.9,60.21792694,29.88390809
51:55.1,0.041,0.157,-0.002,51:55.1,60.26078611,29.90648362
51:55.2,-0.081,0.227,-0.008,51:55.2,60.29235421,29.92463792
51:55.4,-0.184,0.161,-0.059,51:55.4,60.33382785,29.94665561
51:55.6,-0.085,0.246,-0.042,51:55.7,60.386529,29.97351556
51:55.9,-0.087,0.222,-0.082,51:55.9,60.4346174,29.99244626
51:56.0,-0.164,0.216,-0.069,51:56.1,60.47810686,30.01196616
51:56.2,-0.087,0.173,-0.06,51:56.2,60.51981394,30.03097316
51:56.4,-0.05,0.19,-0.054,51:56.4,60.56163382,30.0468417
51:56.6,-0.054,0.171,-0.027,51:56.6,60.60317815,30.0600311
51:56.8,-0.111,0.147,-0.02,51:56.8,60.64892822,30.07142236
51:57.0,-0.089,0.126,-0.003,51:57.0,60.6924138,30.08079023
51:57.2,-0.192,0.097,-0.003,51:57.2,60.73722975,30.08614917
51:57.4,-0.17,0.164,-0.023,51:57.4,60.78035045,30.09101479
51:57.6,-0.124,0.172,-0.027,51:57.6,60.82847835,30.08948094
51:57.8,-0.054,0.191,0.01,51:57.8,60.86529519,30.09535729
51:58.0,-0.098,0.066,-0.001,51:58.0,60.90677746,30.09611281
51:58.2,-0.203,-0.044,0.011,51:58.2,60.94717474,30.09949111
51:58.4,-0.14,0.138,0.012,51:58.4,60.98498377,30.1024228
51:58.6,-0.145,0.054,-0.011,51:58.6,61.02280498,30.10570128
51:58.8,-0.125,0.265,-0.003,51:58.8,61.05889052,30.11111588
51:59.0,-0.161,0.101,-0.023,51:59.0,61.10364052,30.12156836
51:59.2,-0.117,0.211,-0.008,51:59.2,61.14653456,30.12489657
51:59.4,-0.111,0.24,-0.014,51:59.4,61.18721439,30.13305885
51:59.6,-0.072,0.19,-0.015,51:59.6,61.21840461,30.14334614
51:59.8,-0.184,0.306,-0.023,51:59.8,61.26264701,30.15428761
52:00.0,-0.174,0.253,0.024,52:00.0,61.31194809,30.16477954
52:00.1,-0.128,0.18,-0.087,52:00.1,61.36289424,30.17457084
52:00.4,-0.163,0.131,0.007,52:00.4,61.42844572,30.18509911
52:00.6,-0.199,0.3,-0.003,52:00.6,61.48443526,30.19202748
52:00.8,-0.06,0.215,-0.035,52:00.8,61.54341177,30.19788988
52:00.9,-0.177,0.364,0.051,52:01.0,61.60750834,30.1994629
52:01.1,-0.195,0.258,-0.008,52:01.1,61.65972573,30.19792293
52:01.3,-0.322,0.187,-0.006,52:01.3,61.72809054,30.19328468
52:01.5,-0.227,0.238,0.029,52:01.5,61.79795355,30.18714592
52:01.7,-0.285,0.215,-0.047,52:01.8,61.88547244,30.17729836
52:01.9,-0.336,0.117,0.031,52:02.0,61.95898413,30.16433032
52:02.1,-0.22,0.176,0.03,52:02.1,62.03326484,30.14795556
52:02.3,-0.216,0.188,0.018,52:02.3,62.08683039,30.13518004
52:02.5,-0.235,0.219,0.035,52:02.5,62.16039651,30.11571272
52:02.7,-0.216,0.201,0.018,52:02.7,62.24992208,30.09696161
52:02.9,-0.168,0.219,0.038,52:02.9,62.32419701,30.07716051
52:03.1,-0.319,0.117,0.055,52:03.1,62.39868291,30.05986135
52:03.3,-0.303,0.174,0.061,52:03.3,62.48420722,30.03937075
52:03.5,-0.26,0.135,0.021,52:03.5,62.54763039,30.02853257
52:03.7,-0.282,0.232,-0.014,52:03.7,62.62210157,30.01476113
52:03.9,-0.229,0.28,0.035,52:03.9,62.69858645,30.0019066
52:04.1,-0.322,0.301,0.007,52:04.1,62.7777547,29.98864798
52:04.3,-0.258,0.201,0.035,52:04.3,62.85940289,29.9783657
52:04.5,-0.34,0.356,0.009,52:04.5,62.9628543,29.96824016
52:04.7,-0.339,0.292,0.047,52:04.7,63.03037236,29.95733054
52:04.9,-0.351,0.257,0.016,52:04.9,63.11826654,29.94687927
52:05.1,-0.27,0.252,0.03,52:05.1,63.20977154,29.93606192
52:05.3,-0.362,0.326,0.063,52:05.3,63.32619125,29.92011181
52:05.5,-0.399,0.311,0.051,52:05.5,63.40125961,29.90765269
52:05.7,-0.286,0.246,0.041,52:05.7,63.50033516,29.88944448
52:05.9,-0.416,0.284,0.079,52:05.9,63.59705669,29.87421995
52:06.1,-0.41,0.334,0.057,52:06.1,63.69200231,29.85706835
52:06.3,-0.344,0.226,0.127,52:06.3,63.81096604,29.83483642
52:06.5,-0.415,0.359,0.095,52:06.5,63.90876226,29.81420025
52:06.7,-0.422,0.261,0.074,52:06.7,64.00455857,29.79481502
52:06.8,-0.367,0.272,0.059,52:06.8,64.07555657,29.77834954
52:07.0,-0.396,0.283,0.106,52:07.0,64.16818283,29.75879288
52:07.2,-0.569,0.267,0.078,52:07.2,64.25935102,29.74355515
52:07.4,-0.331,0.271,0.068,52:07.4,64.35225328,29.72735686
52:07.6,-0.35,0.243,0.081,52:07.7,64.47307894,29.70677252
52:07.8,-0.368,0.24,0.05,52:07.8,64.57246958,29.69154315
52:08.0,-0.428,0.235,0.061,52:08.0,64.64884922,29.67938388
52:08.2,-0.342,0.374,0.07,52:08.2,64.75041493,29.66766632
52:08.4,-0.419,0.323,0.066,52:08.4,64.85671372,29.65354473
52:08.6,-0.43,0.258,0.078,52:08.6,64.99100026,29.63587491
52:08.8,-0.485,0.442,0.047,52:08.8,65.10086619,29.62392207
52:09.0,-0.436,0.251,0.052,52:09.0,65.21373672,29.60991611
52:09.2,-0.354,0.307,0.019,52:09.2,65.32612615,29.5969279
52:09.4,-0.337,0.389,-0.019,52:09.4,65.41083802,29.58900097
52:09.6,-0.428,0.483,0.032,52:09.6,65.52175451,29.57563592
52:09.8,-0.374,0.364,0.095,52:09.8,65.66014879,29.56207127
52:10.0,-0.3,0.306,0.03,52:10.0,65.77258799,29.54992391
52:10.2,-0.354,0.32,0.038,52:10.2,65.88368192,29.53492319
52:10.4,-0.378,0.338,0.063,52:10.4,65.99090027,29.52517117
52:10.6,-0.337,0.231,0.053,52:10.6,66.10606054,29.50698781
52:10.8,-0.357,0.25,0.101,52:10.7,66.20182391,29.50110899
52:11.0,-0.394,0.412,0.078,52:11.0,66.3240667,29.48217479
52:11.2,-0.35,0.265,0.102,52:11.2,66.4094244,29.47729563
52:11.4,-0.407,0.253,0.056,52:11.4,66.51286246,29.46565005
52:11.6,-0.395,0.278,0.056,52:11.6,66.61392571,29.46120559
52:11.7,-0.413,0.293,0.046,52:11.8,66.72187781,29.45726136
52:11.9,-0.372,0.292,0.057,52:11.9,66.81079815,29.45428615
52:12.2,-0.269,0.223,0.081,52:12.1,66.90861898,29.4543525
52:12.4,-0.326,0.233,0.108,52:12.3,67.00724339,29.45581397
52:12.6,-0.337,0.353,0.089,52:12.6,67.1292346,29.45985961
52:12.7,-0.252,0.367,0.048,52:12.7,67.20318915,29.46738863
52:12.9,-0.318,0.423,0.076,52:12.9,67.30435185,29.47455889
52:13.1,-0.406,0.327,0.084,52:13.1,67.4028513,29.48328686
52:13.3,-0.241,0.352,0.051,52:13.4,67.52799456,29.49375818
52:13.5,-0.369,0.355,0.045,52:13.6,67.62974239,29.50181272
52:13.7,-0.377,0.349,0.032,52:13.7,67.7347621,29.50914059
52:13.9,-0.279,0.379,0.036,52:13.9,67.841038,29.51417219
52:14.1,-0.395,0.337,0.045,52:14.1,67.92469079,29.5169433
52:14.3,-0.411,0.351,0.024,52:14.3,68.03551492,29.51679614
52:14.5,-0.362,0.376,0.028,52:14.5,68.17032915,29.51900029
52:14.7,-0.398,0.327,0.06,52:14.7,68.28541334,29.51535701
52:14.9,-0.434,0.352,0.091,52:14.9,68.39866111,29.50971052
52:15.1,-0.368,0.302,0.058,52:15.1,68.52841892,29.49056742
52:15.3,-0.467,0.231,0.06,52:15.3,68.62601682,29.49179754
52:15.5,-0.372,0.344,-0.001,52:15.5,68.7402461,29.47881827
52:15.7,-0.408,0.269,0.039,52:15.7,68.85111266,29.46700316
52:15.9,-0.401,0.297,0.048,52:15.9,68.95746016,29.45721226
52:16.1,-0.386,0.298,0.042,52:16.1,69.06130441,29.44723645
52:16.3,-0.342,0.253,0.019,52:16.3,69.16131065,29.43928297
52:16.5,-0.434,0.263,0.018,52:16.5,69.25914025,29.43297235
52:16.7,-0.391,0.354,0.046,52:16.7,69.35392754,29.4285175
52:16.9,-0.218,0.215,0.037,52:16.9,69.47162595,29.42794921
52:17.1,-0.264,0.277,0.056,52:17.1,69.56285928,29.43150166
52:17.3,-0.242,0.251,0.089,52:17.3,69.6517084,29.4392848
52:17.5,-0.3,0.311,0.071,52:17.5,69.71797801,29.45124834
52:17.7,-0.219,0.304,0.084,52:17.7,69.80635826,29.46720979
52:17.9,-0.312,0.373,0.053,52:17.9,69.89625666,29.4807011
52:18.1,-0.27,0.366,0.059,52:18.1,70.00769567,29.49984836
52:18.3,-0.212,0.342,0.091,52:18.3,70.09618211,29.51985473
52:18.5,-0.324,0.305,0.104,52:18.5,70.18646471,29.54187051
52:18.7,-0.242,0.411,0.043,52:18.7,70.29534149,29.57138878
52:18.9,-0.266,0.434,0.033,52:18.8,70.37639176,29.57789285
52:19.1,-0.289,0.283,0.028,52:19.1,70.47279309,29.5927608
52:19.3,-0.232,0.413,0.043,52:19.3,70.56941919,29.60988077
52:19.5,-0.279,0.384,0.037,52:19.5,70.69277496,29.62300492
52:19.7,-0.282,0.341,0.036,52:19.7,70.79586292,29.62821311
52:19.9,-0.337,0.361,0.018,52:19.9,70.90111975,29.62961374
52:20.1,-0.36,0.361,0.08,52:20.1,71.00446924,29.62907423
52:20.3,-0.328,0.335,0.03,52:20.3,71.10825097,29.62361463
52:20.5,-0.26,0.299,0.053,52:20.5,71.21230273,29.61482816
52:20.7,-0.255,0.281,0.063,52:20.7,71.31303279,29.60563094
52:20.9,-0.352,0.332,0.055,52:20.9,71.4138654,29.59389548
52:21.1,-0.268,0.254,0.059,52:21.1,71.51316079,29.58039086
52:21.3,-0.34,0.22,0.097,52:21.3,71.60936358,29.56884941
52:21.5,-0.303,0.279,0.052,52:21.5,71.73014155,29.55372508
52:21.7,-0.312,0.219,0.08,52:21.7,71.82527162,29.53863007
52:21.9,-0.193,0.146,0.103,52:21.9,71.91978199,29.52578152
52:22.1,-0.269,0.221,0.075,52:22.1,72.01151778,29.51659817
52:22.3,-0.271,0.175,0.024,52:22.3,72.10078398,29.51069866
52:22.5,-0.305,0.277,0.055,52:22.5,72.18863626,29.50731544
52:22.7,-0.173,0.286,0.046,52:22.7,72.28105083,29.50287917
52:22.9,-0.318,0.249,0.051,52:22.9,72.3941759,29.50016778
52:23.1,-0.22,0.363,0.083,52:23.1,72.4840314,29.50193708
52:23.3,-0.267,0.304,0.074,52:23.3,72.57507975,29.50635764
52:23.5,-0.211,0.309,0.051,52:23.5,72.66595878,29.5123387
52:23.7,-0.237,0.233,0.063,52:23.7,72.75725962,29.51799969
52:23.9,-0.217,0.266,0.078,52:23.9,72.84661294,29.52647399
52:24.1,-0.375,0.31,0.087,52:24.1,72.96138776,29.53577658
52:24.3,-0.373,0.301,0.1,52:24.3,73.05683466,29.54597888
52:24.5,-0.307,0.353,0.116,52:24.5,73.1563788,29.55353117
52:24.7,-0.286,0.295,0.076,52:24.7,73.25642027,29.56177113
52:24.9,-0.215,0.328,0.043,52:24.9,73.3549333,29.5712771
52:25.1,-0.342,0.244,0.088,52:25.1,73.45516322,29.57880637
52:25.4,-0.313,0.361,0.042,52:25.4,73.57716795,29.58356012
52:25.6,-0.281,0.435,0.091,52:25.6,73.67641331,29.58842019
52:25.8,-0.327,0.351,0.042,52:25.8,73.79594992,29.58776863
52:26.0,-0.33,0.277,0.028,52:26.0,73.89907876,29.58650869
52:26.1,-0.371,0.428,0.04,52:26.1,73.9763674,29.58694572
52:26.4,-0.425,0.333,0.01,52:26.3,74.07640569,29.58194727
52:26.6,-0.326,0.437,0.055,52:26.6,74.2024793,29.57485863
52:26.8,-0.422,0.356,0.046,52:26.8,74.30275561,29.56634015
52:27.0,-0.432,0.274,0.028,52:27.0,74.40410983,29.55439333
52:27.2,-0.356,0.281,0.036,52:27.2,74.50679327,29.5409678
52:27.4,-0.445,0.275,0.081,52:27.4,74.61107141,29.52662244
52:27.6,-0.373,0.358,0.099,52:27.6,74.71295159,29.5109966
52:27.8,-0.423,0.364,0.05,52:27.8,74.84844166,29.49229138
52:28.0,-0.492,0.261,0.068,52:28.0,74.95635014,29.47836156
52:28.2,-0.494,0.428,0.088,52:28.2,75.06476917,29.4657328
52:28.4,-0.373,0.345,0.084,52:28.4,75.17101934,29.45330851
52:28.6,-0.373,0.246,0.081,52:28.6,75.27718193,29.44134299
52:28.8,-0.458,0.316,0.114,52:28.8,75.38205487,29.42964858
52:29.0,-0.339,0.44,0.096,52:29.0,75.51243358,29.4181177
52:29.2,-0.443,0.285,0.077,52:29.2,75.62757688,29.4147865
52:29.4,-0.355,0.222,0.106,52:29.4,75.72045104,29.40743586
52:29.6,-0.394,0.319,0.077,52:29.6,75.81900144,29.40433063
52:29.8,-0.24,0.428,0.093,52:29.8,75.91991764,29.40188713
52:30.0,-0.323,0.23,0.082,52:30.0,76.01711997,29.40297794
52:30.2,-0.342,0.293,0.045,52:30.2,76.1127754,29.40356305
52:30.4,-0.317,0.245,0.086,52:30.4,76.20613792,29.40714273
52:30.6,-0.287,0.316,0.076,52:30.6,76.29808329,29.4110045
52:30.8,-0.255,0.213,0.074,52:30.8,76.38760223,29.41499757
52:31.0,-0.282,0.337,0.112,52:31.0,76.47250393,29.42096553
52:31.2,-0.283,0.204,0.077,52:31.2,76.58165944,29.42354203
52:31.4,-0.285,0.302,0.1,52:31.4,76.66836945,29.4280976
52:31.6,-0.235,0.407,0.066,52:31.6,76.75360801,29.43122344
52:31.8,-0.342,0.248,0.047,52:31.8,76.84082485,29.43351969
52:32.0,-0.318,0.136,0.06,52:32.0,76.92776105,29.43491754
52:32.2,-0.283,0.266,0.055,52:32.2,77.01550798,29.43789337
52:32.4,-0.387,0.284,0.06,52:32.4,77.11054648,29.43671342
52:32.6,-0.23,0.368,0.061,52:32.6,77.22705027,29.43685896
52:32.8,-0.297,0.374,0.045,52:32.8,77.32407807,29.43264847
52:33.0,-0.414,0.259,0.08,52:33.0,77.42627253,29.42686229
52:33.2,-0.382,0.343,0.029,52:33.2,77.53196052,29.41848923
52:33.4,-0.37,0.321,0.062,52:33.4,77.63754857,29.41028607
52:33.6,-0.292,0.297,0.015,52:33.6,77.74577194,29.40068245
52:33.8,-0.447,0.483,0.025,52:33.8,77.87593107,29.3912837
52:34.0,-0.323,0.367,0.035,52:34.0,77.96413421,29.38164179
52:34.2,-0.416,0.284,0.018,52:34.2,78.07414751,29.36741359
52:34.4,-0.394,0.385,0.062,52:34.4,78.18627937,29.35142807
52:34.6,-0.455,0.352,0.038,52:34.6,78.32315292,29.3311295
52:34.8,-0.348,0.352,0.036,52:34.8,78.43290672,29.3153083
52:35.0,-0.408,0.418,0.061,52:35.0,78.53846957,29.29752415
52:35.2,-0.261,0.27,0.064,52:35.2,78.63877398,29.28456071
52:35.4,-0.307,0.314,0.064,52:35.4,78.73353064,29.27188548
52:35.6,-0.383,0.264,0.068,52:35.6,78.83069414,29.25905964
52:35.8,-0.34,0.264,0.109,52:35.8,78.9215385,29.24720416
52:36.0,-0.354,0.16,0.134,52:36.0,79.03289723,29.23874815
52:36.2,-0.326,0.144,0.12,52:36.2,79.11742933,29.23400089
52:36.4,-0.27,0.214,0.165,52:36.4,79.19710492,29.23473937
52:36.6,-0.24,0.17,0.111,52:36.7,79.29792473,29.23921169
52:36.8,-0.237,0.17,0.113,52:36.9,79.37727215,29.24838664
52:37.0,-0.319,0.374,0.115,52:37.1,79.45744746,29.25934824
52:37.3,-0.303,0.244,0.098,52:37.3,79.55986267,29.27454291
52:37.5,-0.222,0.331,0.054,52:37.5,79.64535881,29.29088985
52:37.7,-0.306,0.406,0.079,52:37.7,79.73309517,29.30874137
52:37.9,-0.289,0.396,0.074,52:37.9,79.82951076,29.32591726
52:38.1,-0.337,0.408,0.045,52:38.1,79.93155805,29.34299012
52:38.3,-0.396,0.394,0.063,52:38.3,80.0607989,29.3576247
52:38.5,-0.371,0.43,0.009,52:38.5,80.19545019,29.36911818
